-- MySQL dump 10.13  Distrib 5.7.26, for Linux (x86_64)
--
-- Host: localhost    Database: medtouriran3
-- ------------------------------------------------------
-- Server version	5.7.26-0ubuntu0.18.04.1

/*!40101 SET @OLD_CHARACTER_SET_CLIENT=@@CHARACTER_SET_CLIENT */;
/*!40101 SET @OLD_CHARACTER_SET_RESULTS=@@CHARACTER_SET_RESULTS */;
/*!40101 SET @OLD_COLLATION_CONNECTION=@@COLLATION_CONNECTION */;
/*!40101 SET NAMES utf8 */;
/*!40103 SET @OLD_TIME_ZONE=@@TIME_ZONE */;
/*!40103 SET TIME_ZONE='+00:00' */;
/*!40014 SET @OLD_UNIQUE_CHECKS=@@UNIQUE_CHECKS, UNIQUE_CHECKS=0 */;
/*!40014 SET @OLD_FOREIGN_KEY_CHECKS=@@FOREIGN_KEY_CHECKS, FOREIGN_KEY_CHECKS=0 */;
/*!40101 SET @OLD_SQL_MODE=@@SQL_MODE, SQL_MODE='NO_AUTO_VALUE_ON_ZERO' */;
/*!40111 SET @OLD_SQL_NOTES=@@SQL_NOTES, SQL_NOTES=0 */;

--
-- Table structure for table `banners`
--

DROP TABLE IF EXISTS `banners`;
/*!40101 SET @saved_cs_client     = @@character_set_client */;
/*!40101 SET character_set_client = utf8 */;
CREATE TABLE `banners` (
  `id` int(10) unsigned NOT NULL AUTO_INCREMENT,
  `title` varchar(191) COLLATE utf8mb4_unicode_ci NOT NULL,
  `subtitle` varchar(191) COLLATE utf8mb4_unicode_ci DEFAULT NULL,
  `link` varchar(191) COLLATE utf8mb4_unicode_ci DEFAULT NULL,
  `image` varchar(191) COLLATE utf8mb4_unicode_ci DEFAULT NULL,
  `created_at` timestamp NULL DEFAULT NULL,
  `updated_at` timestamp NULL DEFAULT NULL,
  `position` varchar(191) COLLATE utf8mb4_unicode_ci DEFAULT 'left',
  `order` int(11) DEFAULT '1',
  `icon` varchar(191) COLLATE utf8mb4_unicode_ci DEFAULT NULL,
  PRIMARY KEY (`id`)
) ENGINE=InnoDB AUTO_INCREMENT=4 DEFAULT CHARSET=utf8mb4 COLLATE=utf8mb4_unicode_ci;
/*!40101 SET character_set_client = @saved_cs_client */;

--
-- Dumping data for table `banners`
--

LOCK TABLES `banners` WRITE;
/*!40000 ALTER TABLE `banners` DISABLE KEYS */;
INSERT INTO `banners` VALUES (2,' ',' Travel like a pro, Live healthy.                                                                                       Let us help you to be healthy','','banners/February2019/14gtK7RVARZPdGqxTgeF.jpg','2019-01-10 10:12:00','2019-02-21 12:00:19','right',2,NULL),(3,'24/7 HOURS SERVICES','ALL EMERGENCY CASES ARE HANDLED','/','banners/February2019/fSfjK8vIjxkNKJ2lRlOb.jpg','2019-01-10 10:31:00','2019-02-17 14:26:19','left',1,NULL);
/*!40000 ALTER TABLE `banners` ENABLE KEYS */;
UNLOCK TABLES;

--
-- Table structure for table `benefits`
--

DROP TABLE IF EXISTS `benefits`;
/*!40101 SET @saved_cs_client     = @@character_set_client */;
/*!40101 SET character_set_client = utf8 */;
CREATE TABLE `benefits` (
  `id` int(10) unsigned NOT NULL AUTO_INCREMENT,
  `icon` varchar(255) COLLATE utf8mb4_unicode_ci DEFAULT NULL,
  `title` varchar(255) COLLATE utf8mb4_unicode_ci DEFAULT NULL,
  `body` text COLLATE utf8mb4_unicode_ci,
  `created_at` timestamp NULL DEFAULT NULL,
  `updated_at` timestamp NULL DEFAULT NULL,
  `type` tinyint(4) NOT NULL DEFAULT '1',
  `link` varchar(255) COLLATE utf8mb4_unicode_ci DEFAULT NULL,
  PRIMARY KEY (`id`)
) ENGINE=InnoDB AUTO_INCREMENT=11 DEFAULT CHARSET=utf8mb4 COLLATE=utf8mb4_unicode_ci;
/*!40101 SET character_set_client = @saved_cs_client */;

--
-- Dumping data for table `benefits`
--

LOCK TABLES `benefits` WRITE;
/*!40000 ALTER TABLE `benefits` DISABLE KEYS */;
INSERT INTO `benefits` VALUES (1,'clarity','Clarity in prices and services','The packages contain all details of the services.','2019-01-04 12:47:00','2019-08-04 03:56:16',2,NULL),(2,'quality','High quality services','The services are reviewed by qualified medical tourists.  ','2019-01-04 12:51:00','2019-08-04 03:56:28',2,NULL),(3,'saving','Saving money','We save up to 70% of your charges for using our services','2019-01-04 12:52:00','2019-08-04 03:57:46',2,NULL),(4,'tracable','Traceable process','we keep your family informed about your status.\n','2019-01-04 13:03:00','2019-08-31 07:46:21',2,NULL),(5,'flexible','Flexible packages','There are gold/silver/bronze Packages for your convenience\n','2019-01-04 13:06:00','2019-08-04 03:57:33',2,NULL),(6,'support','7/24 Support','Medical advisers provide 24/7 support for our customers','2019-01-04 13:08:00','2019-08-04 03:56:39',2,NULL),(7,'fas fa-hospital','our medical centers','MedTourIran’s medical centers are selected among the best hospitals and clinics top rated in Iran ready to serve our patients. ','2019-07-07 14:29:00','2019-08-25 23:49:51',1,'services/medical-centers'),(8,'fa fa-user-md','our doctors','MedTourIran by means of the best specialist doctors, offers affordable medical services and cosmetic operations.','2019-07-07 14:31:00','2019-08-25 23:51:19',1,'services/doctors'),(9,'fas fa-hotel','our hotels','MedTourIran’s 3 to 5 star hotels with reasonable prices and best quality are ready to provide a pleasant experience for our patients','2019-07-20 11:39:00','2019-08-25 23:50:15',1,'services/hotels'),(10,'fas fa-building','our hostels & apartments','Patients who come with their family or a large number of companion, can use MedTourIran’s hostels and apartments to reduce their accommodation cost.','2019-07-20 11:39:00','2019-08-25 23:50:36',1,'services/hostels');
/*!40000 ALTER TABLE `benefits` ENABLE KEYS */;
UNLOCK TABLES;

--
-- Table structure for table `categories`
--

DROP TABLE IF EXISTS `categories`;
/*!40101 SET @saved_cs_client     = @@character_set_client */;
/*!40101 SET character_set_client = utf8 */;
CREATE TABLE `categories` (
  `id` int(10) unsigned NOT NULL AUTO_INCREMENT,
  `parent_id` int(10) unsigned DEFAULT NULL,
  `order` int(11) NOT NULL DEFAULT '1',
  `title` varchar(191) COLLATE utf8mb4_unicode_ci NOT NULL,
  `slug` varchar(191) COLLATE utf8mb4_unicode_ci NOT NULL,
  `created_at` timestamp NULL DEFAULT NULL,
  `updated_at` timestamp NULL DEFAULT NULL,
  `body` text COLLATE utf8mb4_unicode_ci,
  `image` varchar(191) COLLATE utf8mb4_unicode_ci DEFAULT NULL,
  `icon` varchar(191) COLLATE utf8mb4_unicode_ci DEFAULT NULL,
  `excerpt` text COLLATE utf8mb4_unicode_ci,
  `first_page` tinyint(4) DEFAULT '0',
  `main_image` varchar(255) COLLATE utf8mb4_unicode_ci DEFAULT NULL,
  PRIMARY KEY (`id`),
  KEY `categories_parent_id_foreign` (`parent_id`),
  CONSTRAINT `categories_parent_id_foreign` FOREIGN KEY (`parent_id`) REFERENCES `categories` (`id`) ON DELETE SET NULL ON UPDATE CASCADE
) ENGINE=InnoDB AUTO_INCREMENT=63 DEFAULT CHARSET=utf8mb4 COLLATE=utf8mb4_unicode_ci;
/*!40101 SET character_set_client = @saved_cs_client */;

--
-- Dumping data for table `categories`
--

LOCK TABLES `categories` WRITE;
/*!40000 ALTER TABLE `categories` DISABLE KEYS */;
INSERT INTO `categories` VALUES (12,NULL,1,'Medical','medical','2019-07-09 08:44:48','2019-07-09 08:44:48','',NULL,NULL,'',0,NULL),(13,NULL,1,'Cosmetic','cosmetic','2019-07-09 08:47:12','2019-07-09 08:47:12','',NULL,NULL,'',0,NULL),(15,12,1,'Orthopedics','orthopedics','2019-07-09 08:56:42','2019-11-25 08:43:15','<div id=\"template-content\" class=\"mceTmpl\">\n<ul>\n<li><a href=\"#What-is-Orthopedics\">What is Orthopedics?</a></li>\n<li><a href=\"#Orthopedic-surgery-in-Iran\">Orthopedic surgery in Iran</a></li>\n</ul>\n<h3 id=\"What-is-Orthopedics\" class=\"template-subtitle\">What is Orthopedics?</h3>\n<p class=\"paragraph-medium paragraph-black template-p\"><strong>Orthopedics</strong> (also spelled <strong>Orthopaedics</strong>), is one of medicine&rsquo;s subspecialties focusing on the musculoskeletal system (an organ system that enables the human to move). <strong>Orthopedic surgeons</strong> can use both non-surgical and surgical methods to treat different conditions. Common <strong>Orthopedic procedures</strong> include:</p>\n<ul class=\"template-ul\">\n<li class=\"paragraph-medium paragraph-black template-p\"><a href=\"https://medtouriran.com/en/packages/19/knee-replacement-surgery\"><strong>Knee replacement surgery</strong></a>: <strong>Knee replacement</strong> (also called <strong>Knee arthroplasty</strong>) is an <strong>Orthopedic</strong> procedure aimed to treat a damaged knee and replacing the knee joint with an artificial one.&nbsp;</li>\n<li><strong>Hip replacement surgery</strong>: Hip replacement (also called Hip arthroplasty) is a procedure that involves removing a painful hip joint with arthritis and replacing it with an artificial joint. This procedure is usually done when other treatments have failed.</li>\n<li><strong>Ankle replacement surgery</strong>: Ankle replacement (also called Ankle arthroplasty) involves removing a damaged ankle joint and replacing it with an artificial one. This surgery enables you to move your ankle freely and without pain.</li>\n<li><a href=\"https://medtouriran.com/en/packages/22/shoulder-replacement-surgery\"><strong>Shoulder replacement surgery</strong></a>: Shoulder replacement surgery (also called total shoulder arthroplasty) aims to relieve pain and improve mobility by removing damaged areas of the shoulder and replacing them with artificial ones. This procedure is needed when you have severe arthritis or a fracture in the shoulder joint.</li>\n<li><strong>Meniscus repair</strong> : Menisci is a C-shaped disc of soft tissue (called cartilage) that connects the thigh bone to the shinbone and helps keep the knee stable. Meniscus repair is an arthroscopic surgery done to repair torn knee cartilage. Athletes are prone to meniscus tears.</li>\n<li><strong>Achilles tendon repair</strong>: The Achilles tendon is the largest tendon in the body which connects the heel bones to the calf muscles. Achilles tendon is a springy band of tissue at the back of your ankle and above the heel. Achilles tendon repair surgery fixes a damaged Achilles tendon.</li>\n<li><strong>Herniated disc surgery</strong>: There are discs between the bones in the spine acting as shock absorbers. If the annulus within the spine is ruptured, a part of the disc nuclus will be pushed out of the annulus into the spinal canal. This condition is called a herniated disc. Lifting something wrong and suddenly twisting the spine can cause a&nbsp; herniated disc. This condition is not painful unless the disc pushes against a nerve. Herniated disc surgery is usually done when other treatments have failed.</li>\n<li><strong>Laminectomy</strong> : Laminectomy surgery (also called Decompression surgery) is performed to create space by removing the lamina (back part of a vertebra which covers the spinal canal). Laminectomy relieves pressure on the spinal nerves. This surgery is usually done when other treatments are unsuccesfull or the symptoms are severe.</li>\n<li><strong>Spinal fusion</strong>: Spinal fusion (also called Spondylodesis) is done to join two or more vertebrae (small bones in the spine). Spinal fusion is analogous to welding process.</li>\n<li><strong>PCL reconstruction surgery</strong> : To replace a torn Posterior cruciate ligament (PCL), the patient should undergo PCL reconstruction surgery. This surgery involves replacing the torn PCL with your own tissues or an allograft.</li>\n<li><strong>Scoliosis surgery</strong>: The presence of an abnormal curve in the spine is called scoliosis. To fix this abnormal curve, Scoliosis surgery is recommended. If the curve is bigger than 45-50 degrees, Scoliosis surgery is needed.&nbsp;</li>\n</ul>\n<h3 id=\"Orthopedic-surgery-in-Iran\" class=\"template-subtitle\">Orthopedic surgery in Iran</h3>\n<p class=\"paragraph-medium paragraph-black template-p\">Iran is among the top 10 countries in <strong>Orthopedics. </strong>Iranian&nbsp;surgeons perform high-quality surgeries at affordable prices. Iran is also a great country to travel to due to its rich culture and history, warm-hearted people, and exquisite cuisine. Many people from various countries travel to Iran yearly to get different surgeries. If you have decided to travel to Iran for your <strong>Orthopedics </strong>surgery, you can contact <strong>MedtourIran</strong> any time to get consultation and plan your trip.</p>\n</div>','categories/August2019/I2NdBQQUqzEEjRn8Dbfi.jpg',NULL,'Orthopedics (also spelled Orthopaedics), is one of medicine’s subspecialties focusing on the musculoskeletal system (an organ system that enables the human to move). Orthopedic surgeons can use both non-surgical and surgical methods to treat different conditions. ',1,'categories/August2019/thWakDgmGFOmzMfLUPl2.jpg'),(17,12,1,'Cardiology','cardiology','2019-07-09 09:10:51','2019-11-25 09:00:14','<div id=\"template-content\" class=\"mceTmpl\">\n<ul>\n<li><a href=\"#Cardiology\">Cardiology</a></li>\n<li><a href=\"#Angioplasty\">Angioplasty</a></li>\n<li><a href=\"#Open-Heart-Surgery\">Open-Heart Surgery</a></li>\n<li><a href=\"#Catheter-Ablation\">Catheter Ablation</a></li>\n<li><a href=\"#Heart-Valve-Surgery\">Heart Valve Surgery</a></li>\n<li><a href=\"#Echocardiography\">Echocardiography</a></li>\n<li><a href=\"#Aortic-Surgery\">Aortic Surgery</a></li>\n</ul>\n<h3 id=\"Cardiology\" class=\"template-subtitle\">Cardiology</h3>\n<p class=\"paragraph-medium paragraph-black template-p\"><strong>Cardiology</strong> is one of the subspecialties of medicine, focusing on heart disorders and the circulatory system (cardiovascular system). <strong>Cardiologists</strong> are physicians who have specialized in <strong>Cardiology. Cardiology </strong>includes procedures such as:</p>\n<ul class=\"template-ul\">\n<li>Angioplasty</li>\n<li>Open Heart Surgery (Coronary Artery Bypass Graft or CABG)</li>\n<li>Catheter Ablation</li>\n<li>Heart Valve Surgery</li>\n<li>Echocardiography</li>\n<li>Aortic Surgery</li>\n</ul>\n<h3 id=\"Angioplasty\" class=\"template-subtitle\">Angioplasty</h3>\n<p class=\"paragraph-medium paragraph-black template-p\"><strong>Angioplasty</strong> is also known as <strong>balloon angioplasty</strong> or <strong>coronary</strong> <strong>angioplasty</strong>. <strong>Angioplasty</strong> is performed to widen or open clogged heart veins. In this surgery a balloon catheter is inserted into the narrowed or clogged vein. Then the balloon is inflated into a specified size which forces the vein to expand and improves blood flow. To make sure that the vein stays open, a stent (a metal or plastic tube) might be inserted into the vein and finally, the balloon is withdrawn.</p>\n<h3 id=\"Open-Heart-Surgery\" class=\"template-subtitle\">Open-Heart Surgery</h3>\n<p class=\"paragraph-medium paragraph-black template-p\">The most common type of heart surgery performed on adults is the <strong>Open-Heart Surgery</strong> or <strong>CABG</strong> (coronary artery bypass surgery). This surgery is done when the patient\'s blood veins have become narrow and hard, which is called coronary heart disease. This surgery is also done to repair damaged areas of the heart or to repair or replace heart valves.&nbsp;</p>\n<h3 id=\"Catheter-Ablation\" class=\"template-subtitle\">Catheter Ablation</h3>\n<p class=\"paragraph-medium paragraph-black template-p\"><strong>Catheter Ablation</strong> is also called <strong>Radiofrequency</strong> <strong>Ablation</strong>. This procedure uses radiofrequency waves to treat arrhythmias. Radiofrequency waves are used to destroy small areas of the heart tissue causing irregular heartbeats. <strong>Catheter Ablation</strong> is performed when medication is not effective. <strong>Radiofrequency Ablation</strong> is also a safe and effective method to deal with some forms of pain.</p>\n<h3 id=\"Heart-Valve-Surgery\" class=\"template-subtitle\">Heart Valve Surgery</h3>\n<p class=\"paragraph-medium paragraph-black template-p\">There are four valves in the heart, each with different names. In case one of these valves doesn&rsquo;t function properly, <strong>Heart Valve Surgery</strong> is needed. During the surgery, based on the patient\'s condition, the surgeon can either repair or replace the heart valves. <strong>Heart Valve Surgery</strong> can be performed through using different surgical procedure like <strong>open-heart surgery</strong> or minimally invasive heart surgery.</p>\n<h3 id=\"Echocardiography\" class=\"template-subtitle\">Echocardiography</h3>\n<p class=\"paragraph-medium paragraph-black template-p\"><strong>Echocardiography</strong> is also known as a <strong>Cardiac Echo</strong> or simply an <strong>Echo </strong>. <strong>Echocardiography</strong> creates images of the heart via using ultrasound. This method is one of the most widely used diagnostic tests in <strong>cardiology</strong>. A heart <strong>Echo</strong> provides lots of helpful information like the shape or the size of the heart and enables doctors to completely monitor the heart.&nbsp;</p>\n<h3 id=\"Aortic-Surgery\" class=\"template-subtitle\">Aortic Surgery</h3>\n<p class=\"paragraph-medium paragraph-black template-p\">The aorta is the main blood vessel which carries blood from the heart to the rest of the body. If the aorta somehow becomes weak, the pressure of the blood flow can cause it to swell. This condition is called \'aneurysm\'. If the aneurysm is small, it can be treated with medicine, but larger ones need surgery. Most aortic disorders are treated by using open surgical repair.&nbsp;</p>\n</div>','categories/August2019/eUJig8aWoTsQftPNe0B9.jpg',NULL,'Cardiology is one of medicine’s subspecialties, focusing on heart disorders and the circulatory system (cardiovascular system). Cardiologists are physicians who specialize in this field. ',1,'categories/August2019/GH32TRghvglBAinsMIkn.png'),(19,12,1,'Ear, Nose and Throat','ear-nose-and-throat ','2019-07-09 09:12:04','2019-11-25 09:16:29','<div id=\"template-content\" class=\"mceTmpl\">\n<ul>\n<li><a href=\"#a1\">What is ENT?</a></li>\n<li><a href=\"#a2\">Head and Neck Surgery</a></li>\n<li><a href=\"#a3\">Otology &amp; Neurotology</a></li>\n<li><a href=\"#a4\">Rhinology</a></li>\n<li><a href=\"#a5\">Laryngology</a></li>\n<li><a href=\"#a6\">Pediatrics</a></li>\n<li><a href=\"#a7\">Tonsillectomy</a></li>\n</ul>\n<h3 id=\"a1\" class=\"template-subtitle\">What is ENT?</h3>\n<p class=\"paragraph-medium paragraph-black template-p\"><strong>Otorhinolaryngology</strong> is one of the surgical subspecialties of medicine, focusing on ear, nose, and throat conditions. Simply put, this field is commonly known as <strong>ENT</strong> (Ear, Nose, and Throat) and doctors who specialize in this field are called <strong>Otorhinolaryngologists</strong> or <strong>ENT doctors</strong>. Some of the subspecialties of <strong>ENT </strong>are:</p>\n<ul class=\"template-ul\">\n<li>Head and Neck Surgery</li>\n<li>Otology &amp; Neurotology</li>\n<li>Rhinology</li>\n<li>Laryngology</li>\n<li>Pediatrics</li>\n<li>Thyroid and Parathyroid Surgery (the surgical treatment of thyroid and parathyroid tumors)</li>\n<li>Facial Plastic Surgery</li>\n<li>Tonsillectomy</li>\n</ul>\n<h3 id=\"a2\" class=\"template-subtitle\">Head and Neck Surgery</h3>\n<p class=\"paragraph-medium paragraph-black template-p\">This subspecialty includes surgeries such as:&nbsp;</p>\n<ul class=\"template-ul\">\n<li><strong>Parotidectomy. </strong>This surgical operation is done to remove the parotid gland (the biggest salivary gland). <strong>Parotidectomy</strong> is needed when there are tumors in the parotid gland. These tumors can either be benign (non-cancerous) or malignant (cancerous).</li>\n<li><strong>Neck Dissection</strong>. If cancer cells migrate to the lymph nodes located on the sides of the neck, a <strong>neck dissection</strong> is needed. During this operation, the lymph nodes are removed.</li>\n<li><strong>Laryngectomy</strong>. This surgery is done to remove the larynx (voice box).</li>\n</ul>\n<h3 id=\"a3\" class=\"template-subtitle\">Otology &amp; Neurotology</h3>\n<p class=\"paragraph-medium paragraph-black template-p\"><strong>Otology</strong> is one of the branches of medicine which focuses on the ears, their anatomy, conditions, and treatments. <strong>Neurotolgy</strong> or <strong>neuro-otology</strong> is one of the sub-specialties of <strong>ENT,</strong> which studies the neurological conditions of the ear and how to treat them. <strong>Otology</strong> deals with conditions such as:</p>\n<ul class=\"template-ul\">\n<li>Hearing loss</li>\n<li>Chronic ear infections</li>\n<li>Cholesteatoma</li>\n<li>Otosclerosis</li>\n<li>Acoustic neuroma</li>\n<li>Cochlear implants</li>\n</ul>\n<h3 id=\"a4\" class=\"template-subtitle\">Rhinology</h3>\n<p class=\"paragraph-medium paragraph-black template-p\">&nbsp;Rhinologists are doctors who have specialized in nose and sinus problems. <strong>Rhinology</strong> involves treating nasal polyps, chronic sinusitis and many other conditions. <strong>Rhinology</strong> includes procedures such as:</p>\n<ul class=\"template-ul\">\n<li><a href=\"https://medtouriran.com/en/procedures/43/rhinoplasty\">Rhinoplasty</a></li>\n<li>Septoplasty</li>\n<li>Turbinate surgery</li>\n<li>Endoscopic sinus surgery</li>\n<li>Nasal polyp removal</li>\n</ul>\n<p>Rhinologists can work closely with ophthalmologists (eye doctors) to perform &lsquo;endoscopic orbital surgeries&rsquo;. Endoscopic orbital surgeries are done to treat conditions like &lsquo;persistent tearing&rsquo;. Rhinologists can also team up with neurosurgeons to treat nasal and skull base conditions like &lsquo;skull base tumors&rsquo; or &lsquo;nasal and sinus tumors&rsquo;.</p>\n<h3 id=\"a5\" class=\"template-subtitle\">Laryngology</h3>\n<p class=\"paragraph-medium paragraph-black template-p\">Larynx is commonly known as &lsquo;the voice box&rsquo; and <strong>Laryngology</strong> is focused on treating voice disorders, airway and swallowing problems, and laryngeal (throat) cancer. <strong>Laryngology</strong> is a very inclusive specialty. Laryngologists deal with conditions like:</p>\n<ul class=\"template-ul\">\n<li>Dysphagia (difficulty in swallowing)</li>\n<li>Dysphonia (difficulty in speaking)</li>\n<li>Thyroplasty (which is done to improve the voice)</li>\n<li>Tracheostomy (which is done to allow air to enter the lungs)</li>\n</ul>\n<p>The above-mentioned procedures are just few of the many procedures that <strong>laryngology</strong> includes.</p>\n<h3 id=\"a6\" class=\"template-subtitle\">Pediatrics</h3>\n<p class=\"paragraph-medium paragraph-black template-p\"><strong>Pediatrics</strong> is focused on taking care of infants, children, and adolescents. Sleep apnea and glue ear are two of the conditions that pediatricians deal with.</p>\n<h3 id=\"a7\" class=\"template-subtitle\">Tonsillectomy</h3>\n<p class=\"paragraph-medium paragraph-black template-p\">There are two oval-shaped tissue pads at the back of throat, called tonsils. <strong>Tonsillectomy</strong> is the surgical procedure to remove the tonsils in case they become infected or swollen.&nbsp;</p>\n<p class=\"paragraph-medium paragraph-black template-p\">&nbsp;</p>\n</div>','categories/August2019/fEKhwZBS6s0XkdQM1g8s.jpg',NULL,'Otorhinolaryngology is one of medicine’s surgical subspecialties, focusing on ear, nose, and throat conditions. To make things easier it’s called ENT (Ear, Nose, and Throat) and doctors who specialize in this field are called Otorhinolaryngologists or ENT doctors. Head and neck structures are also included in this field. Some of ENT’s subspecialties are:',0,'categories/August2019/TSagZtDipjArmqdByFqx.jpg'),(20,12,1,'Eye Care','eye-care','2019-07-09 09:12:52','2019-11-25 08:24:36','<div id=\"template-content\" class=\"mceTmpl\">\n<ul>\n<li><a href=\"#a1\">What is Eye Care?</a></li>\n<li><a href=\"#a2\">Common Types of Eye Surgery</a></li>\n<li><a href=\"#a3\">Why Iran?</a></li>\n<li><a href=\"#a4\">Precautions</a></li>\n<li><a href=\"#a5\">Complications </a></li>\n<li><a href=\"#a6\">Eye Exam</a></li>\n</ul>\n<h3 id=\"a1\" class=\"template-subtitle\">What is Eye Care?</h3>\n<p class=\"paragraph-medium paragraph-black template-p\">The eye is a very important and fragile organ in your body and needs extreme care. There are a number of vision disorders such as myopia (near-sightedness), hyperopia (far-sightedness) and astigmatism that are included among refractive errors. That is why everyone needs to have regular checkups to diagnose the possible errors in his/her eyes through the eye exam and take action to resolve them by using eyeglasses, contact lenses or having surgery.</p>\n<h3 id=\"a2\" class=\"template-subtitle\">Common Types of Eye Surgery</h3>\n<p class=\"paragraph-medium paragraph-black template-p\">Today, eye surgery has improved in various ways and can be used for treating eye problems. Laser eye surgery is a common solution that can correct short-sightedness, long-sightedness, and astigmatism by reshaping the surface of the eye.</p>\n<p class=\"paragraph-medium paragraph-black template-p\">LASIK (laser-assisted in situ keratomileusis) is a laser vision correction method that can improve your vision by changing the shape of your cornea and is similar to LASEK. The chances of having dry eyes after the surgery are reduced in Lasek. However, the time needed for recovery is longer in contrast to LASIK. You must consult with an experienced ophthalmologist to choose the best option according to your eye condition.</p>\n<p class=\"paragraph-medium paragraph-black template-p\">Cataract is an eye condition that usually happens with aging and is mostly seen among the elderly. Due to the cloudiness of the eye&rsquo;s lens, a cataract cannot be corrected with glasses or LASIK. In this case, modern cataract surgery is used, which is a common eye surgery and often can restore your vision. Various types of eye surgery are available for the patients and it is an expert eye surgeon responsibility to propose the best procedure suitable for you.</p>\n<h3 id=\"a3\" class=\"template-subtitle\">Why Iran?</h3>\n<p class=\"paragraph-medium paragraph-black template-p\">There are a number of&nbsp; problems related to how a patient heals after the operation, which make choosing an experienced surgeon to be considered an important factor in this process. That being said Iran has:</p>\n<ul class=\"template-ul\">\n<li>Very well-educated and highly-experienced surgeons and ophthalmologists that can help the patients to have their desired vision after the eye surgery.</li>\n<li>Well-equipped clinics and hospitals using advanced technologies for eye treatments.</li>\n<li>Affordable prices</li>\n<li>High quality and high success rate of eye treatments</li>\n</ul>\n<p class=\"paragraph-medium paragraph-black template-p\">If you seek treating eye disease abroad and you&rsquo;ve chosen Iran to have your surgery, Medtouriran can provide you with ophthalmic treatments by using the latest techniques at affordable prices. Furthermore, you can go sightseeing and visit the historical and natural attractions of the capital city, Tehran, while you&rsquo;re in the city.</p>\n<h3 id=\"a4\" class=\"template-subtitle\">Precautions</h3>\n<p class=\"paragraph-medium paragraph-black template-p\">There are a number of things you need to do before and after the eye surgery, which are more or less the same in different types of eye surgeries. If you are planning to get LASIK (in particular), remember to:</p>\n<ul class=\"template-ul\">\n<li>Remove all makeup the night before surgery</li>\n<li>Stop wearing soft contacts before surgery. Ask your surgeon to give you more details about how long before the Lasik surgery you need to stop wearing them.</li>\n<li>Ask someone to drive you back home after the surgery</li>\n<li>If you take specific medication, consult with your surgeon to see if you&rsquo;re allowed to continue taking them before or after the eye surgery.</li>\n</ul>\n<h3 id=\"a5\" class=\"template-subtitle\">Complications</h3>\n<p class=\"paragraph-medium paragraph-black template-p\">There are some myths about Lasik that you might have heard of. For instance, some people believe that you can go blind from Lasik surgery;&nbsp; that&rsquo;s not true and such a thing has never happened to anyone. However, there are some temporary side effects:</p>\n<ul class=\"template-ul\">\n<ul class=\"template-ul\">\n<li>Dry eyes</li>\n<li>Glare</li>\n<li>Night vision problems</li>\n<li>Seeing halos around images</li>\n<li>Not getting the expected results (over- or under-correction)</li>\n</ul>\n</ul>\n<p class=\"paragraph-medium paragraph-black template-p\">Taking the necessary safety precautions can reduce the side effects of eye surgery. Moreover, there are some treatment options that can help you manage these problems successfully.</p>\n<h3 id=\"a6\" class=\"template-subtitle\">Eye Exam</h3>\n<p class=\"paragraph-medium paragraph-black template-p\">Just as it is important to take care of your body, you also need to get your eyes checked regularly to diagnose possible eye diseases and start the proper treatment as soon as possible. So, take care of your eye seriously and don&rsquo;t postpone your appointment with your ophthalmologist.</p>\n</div>','categories/August2019/v1PswqmvTfXDDeHQ1ofv.jpg',NULL,'The eye is a very important and fragile organ in your body and needs extreme care. There are a number of vision disorders such as myopia (near-sightedness), hyperopia (far-sightedness) and astigmatism that are included among refractive errors. That is why everyone needs to have regular checkups to diagnose the possible errors in their eyes through the eye exam and take action to resolve them by using eyeglasses, contact lenses or having surgery.',1,'categories/August2019/vyKmcdoSgLrQI3U7hlrI.jpg'),(22,12,1,'Female Fertility','female-fertility','2019-07-09 09:57:11','2019-11-25 09:59:22','<div id=\"template-content\" class=\"mceTmpl\">\n<ul>\n<li><a href=\"#a1\">What is Infertility?</a></li>\n<li><a href=\"#a2\">Infertility symptoms</a></li>\n<li><a href=\"#a3\">Common Causes of Infertility</a></li>\n<li><a href=\"#a4\">Infertility Treatment</a></li>\n<li><a href=\"#a5\">Why Iran?</a></li>\n</ul>\n<h3 id=\"a1\" class=\"template-subtitle\">What is Infertility?</h3>\n<p class=\"paragraph-medium paragraph-black template-p\">Having a baby and becoming a parent is one of the most beautiful and life-changing events that you can experience in your life. Most women are able to conceive a child within one year of trying and it is more likely to get a positive result during the earlier months. Some others (approximately 7%) can have a baby in the second year. That is why it is said that if you have been trying to get pregnant within 12 months but you couldn&rsquo;t, you&rsquo;d better see a doctor and make sure that everything is okay.</p>\n<h3 id=\"a2\" class=\"template-subtitle\">Infertility symptoms</h3>\n<p class=\"paragraph-medium paragraph-black template-p\">If you are diagnosed with <strong>Infertility</strong> (inability to conceive a child), you can get treatment. But first let&rsquo;s take a look at some of the symptoms that can help you to seek help earlier:</p>\n<ul class=\"template-ul\">\n<li><strong>Irregular menstrual periods: </strong>One of the signs which shows that a woman ovulates regularly is having regular menstrual periods (every 21 to 35 days). Ovulation of the egg is necessary for pregnancy. Therefore, if you&rsquo;re trying to conceive a baby and you have irregular menstrual cycles, do not wait until the 12th month, take action and see a doctor to find out the problem.</li>\n<li><strong>Women over 35: </strong>As women age, they are faceed with reduction in the number of eggs and it is less likely for an egg to be genetically normal. Accordingly, if a woman has been trying to have a baby for 6 months or more and the woman is over 35 years old, they&rsquo;d better be evaluated for <strong>infertility.</strong></li>\n<li><strong>&nbsp;A history of sexually transmitted diseases: </strong>A sperm must cross the tubes in order to reach the ovulated egg and fertilize it. Therefore, open tubes are essential to get pregnant naturally. Sexually transmitted diseases such as gonorrhea, can damage fallopian tubes and prevent a proper conception. That is why if a woman has a history of pelvic infection, she should get an immediate evaluation if she intends to conceive a child.&nbsp;</li>\n</ul>\n<h3 id=\"a3\" class=\"template-subtitle\">Common Causes of Infertility</h3>\n<ul>\n<li><strong>Delaying childbirth:</strong> As discussed previously, the number of eggs will diminish as a woman ages. A woman beyond the age of 45 is unlikely to get pregnant.</li>\n<li><strong>Endometrial polyps:</strong> Endometrial polyps can arise from the inner lining of the uterus and can decrease fertility. In some cases, if the doctor simply removes the polyp, your <strong>infertility</strong> will be solved.</li>\n<li><strong>&nbsp;Male factor infertility:</strong> If the abnormality of semen is confirmed, the man should visit a reproductive urologist to get proper treatment.</li>\n<li><strong>Uterine fibroids:</strong> Fibroids are very common among women and have three types. Submucosal fibroids are the type that can reduce the chance of pregnancy and need to be treated so that the couple can have a baby.</li>\n</ul>\n<h3 id=\"a4\" class=\"template-subtitle\">Infertility Treatment</h3>\n<p class=\"paragraph-medium paragraph-black template-p\">Couples need to educate themselves about the symptoms of <strong>infertility</strong> so that they know when to seek help. Aside from that, your doctor can suggest special treatments to help you conceive a child:</p>\n<ul class=\"template-ul\">\n<li><strong>Medications:</strong> In order to stimulate egg development and ovulation, your doctor may prescribe special pills or injections. You should use them as you&rsquo;re instructed to enhance the chance of conceiving a baby.</li>\n<li><strong>Insemination:</strong> Insemination is a method in which they take the sperm and prepare it for placement into the uterine cavity. In this case, there is a probable chance for the sperm to get closer to the ovulated egg. The man needs to be checked for sperm abnormality, otherwise, the sperm cannot swim and fertilize the egg.&nbsp;</li>\n<li><strong>In Vitro Fertilization:</strong> IVF means &ldquo;outside the body&rdquo; and the reason is that in this process, doctors collect eggs and fertilize them by sperm outside the body, in the laboratory. They check the eggs again after about 40 hours and if they are fertilized, they will be put back in the woman\'s uterus.&nbsp;</li>\n</ul>\n<h3 id=\"a5\" class=\"template-subtitle\">Why Choose Iran for Infertility Treatment?</h3>\n<p class=\"paragraph-medium paragraph-black template-p\">Aside from affordable prices for <strong>infertility treatment</strong> in Iran (compared to other countries), there are a number of other reasons that you&rsquo;d better consider visiting this country to find the best treatment awaiting you:</p>\n<ul class=\"template-ul\">\n<li>Advanced treatment for <strong>infertility</strong></li>\n<li>Knowledgeable and experienced specialists</li>\n<li>Well-equipped hospitals and laboratories</li>\n<li>Beautiful attractions to visit while you are in the city</li>\n</ul>\n</div>','categories/August2019/TFGLIGOHDBDmlPcq0JVs.jpg',NULL,'Having a baby and becoming a parent is one of the most beautiful and life-changing events that you can experience in your life. Most couples can conceive a child within one year of trying and it is more likely to get a result during the earlier months. Some others (approximately 7%) can have a baby in the second year. That is why it is said that if you have been trying to get pregnant within 12 months but you couldn’t, you’d better see a doctor and make sure that everything is okay.',1,'categories/August2019/WniEPPiZGF1mTIp5wwTl.jpg'),(34,13,1,'Ear  Surgery','Ear-surgery','2019-07-09 10:17:12','2019-11-25 11:32:40','<div id=\"template-content\" class=\"mceTmpl\">\n<ul>\n<li><a href=\"#a1\">What is Pinnaplasty?</a></li>\n<li><a href=\"#a2\">Otoplasty Risks and Side Effects</a></li>\n<li><a href=\"#a3\">Different Otoplasty Types</a></li>\n<li><a href=\"#a4\">Otoplasty Procedure</a></li>\n<li><a href=\"#a5\">Non-surgical Otopalsty</a></li>\n<li><a href=\"#a6\">Good Candidates for Otoplasty</a></li>\n<li><a href=\"#a7\">Otoplasty Preparation</a></li>\n<li><a href=\"#a8\">Otoplasty Recovery</a></li>\n<li><a href=\"#a9\">Why Choose Iran for Your Otoplasty?</a></li>\n<li><a href=\"#a10\">Otoplasty Costs</a></li>\n</ul>\n<h3 id=\"a1\" class=\"template-subtitle\">What is Pinnaplasty?</h3>\n<p class=\"paragraph-medium paragraph-black template-p\">The outer ear is called &lsquo;pinna&rsquo; and <strong>Pinnaplasty</strong> is the surgical procedure which corrects the pinna in case it is prominent or if it has any deformities. This procedure is also known as <strong>Otoplasty</strong> or cosmetic ear surgery. This procedure does not affect hearing because hearing involves the middle and inner ear, but <strong>Otoplasty</strong> is focused on the outer ear. This procedure involves reshaping or repositioning the ears to make them less prominent and more natural. Keep in mind that prominent ears don&rsquo;t count as a medical condition however, having this surgery might help you feel more confident.&nbsp;</p>\n<h3 id=\"a2\" class=\"template-subtitle\"><strong>Otoplasty Risks</strong> and Side Effects</h3>\n<p class=\"paragraph-medium paragraph-black template-p\">Just like any other major surgeries, <strong>Otoplasty</strong> has various risks like infection, bleeding, anesthesia risks, asymmetrical ears, scarring. <strong>Otoplasty</strong> can also cause changes in skin sensation or create an unnatural look, making the ears look pinned back.</p>\n<h3 id=\"a3\" class=\"template-subtitle\">Different Otoplasty Types</h3>\n<p class=\"paragraph-medium paragraph-black template-p\"><strong>Otoplasty</strong> has three different types:</p>\n<ul class=\"template-ul\">\n<li><strong>Ear Pinning: </strong>Ear pinning is also called <strong>Otopexy</strong> and is done to flatten prominent ears.&nbsp;</li>\n<li><strong>Ear augmentation: </strong>If the pinna is underdeveloped, the condition is called microtia. <strong>Ear augmentation</strong> is aimed to treat this condition by reconstructing or enlarging the pinna.&nbsp;</li>\n<li><strong>Ear Reduction: </strong>If the pinna is larger than normal, the condition is called macrotia. <strong>Ear reduction surgery</strong>&nbsp;reduces the size of abnormally large ears by removing cartilage and skin from the ears.</li>\n</ul>\n<h3 id=\"a4\" class=\"template-subtitle\">Otoplasty Procedure</h3>\n<p class=\"paragraph-medium paragraph-black template-p\"><strong>Otoplasty</strong> is usually done under general anesthesia which means that you will be unconscious during the surgery. Depending on the patient&rsquo;s condition, the surgeon can either make incisions on the back of the ears or within the inner creases of the ears. After the incisions are made, your surgeon will make changes to the ear depending on the condition. At the end, the head will be wrapped with bandages to protect the ears. <strong>Otoplasty</strong> procedure takes a couple of hours.&nbsp;</p>\n<h3 id=\"a5\" class=\"template-subtitle\">Non-surgical Otopalsty</h3>\n<p class=\"paragraph-medium paragraph-black template-p\">The traditional <strong>Otoplasty</strong> involves making incisions and removing excess skin and cartilage however, there is an alternative. <strong>Non-surgical Otoplasty</strong> is performed using only stiches to pin the ears back. These stiches are permanent but not visible or tangible. The upside to this method is that patients can instantly see the results and if they are not satisfied by them, the procedure can be reversed a few days after the initial surgery. <strong>Non-surgical Otoplasty</strong> is done using local anesthesia and you can return to your daily activities within a few days.&nbsp;</p>\n<h3 id=\"a6\" class=\"template-subtitle\">Good Candidates for Otoplasty</h3>\n<p class=\"paragraph-medium paragraph-black template-p\">The ears reach 80% of their adult size by the age of 6. Traditional <strong>Otoplasty</strong> can be performed on patients who are at least 4 years old but <strong>Non-surgical Otoplasty</strong> is more suitable for patients older than 6. During the first two weeks after birth, in case the infant has prominent ears, ear molds can be used to correct the ears since the cartilage is still soft.&nbsp;</p>\n<h3 id=\"a7\" class=\"template-subtitle\">Otoplasty Preparation</h3>\n<p class=\"paragraph-medium paragraph-black template-p\">Before the surgery you need to talk to your surgeon. During the consultation your surgeon will:</p>\n<ul class=\"template-ul\">\n<li>Review your medical history</li>\n<li>Examine your ears</li>\n<li>Take photographs for comparison</li>\n<li>Talk about your expectations</li>\n</ul>\n<p class=\"paragraph-medium paragraph-black template-p\">Also before having surgery you need to avoid taking certain medication like aspirin because they may cause bleeding. You should also stop smoking before the surgery because it slows the healing process and increases the risk of infection. You should also arrange for someone from <strong>MedtourIran</strong> to take you home after the surgery and stay with you for at least one night.</p>\n<h3 id=\"a8\" class=\"template-subtitle\">Otoplasty Recovery</h3>\n<p class=\"paragraph-medium paragraph-black template-p\">After the surgery, your ears will be covered with bandages for support and protection. The bandages will be removed after 7-10 days. When the bandages are off, you should wear a headband for 2-6 weeks while sleeping in order to keep the ears pinned back. It is natural if your ears feel sore. If you have severe pain or if there is bleeding, you should immediately contact your doctor. You should also keep your ears clean to minimize the risk of infection. Although your ears might feel itchy, you should not touch or rub them otherwise, you damage the sutures. If you are not satisfied with the results, you should talk to your doctor about a revision surgery.</p>\n<h3 id=\"a9\" class=\"template-subtitle\">Why Choose Iran for Otoplasty?</h3>\n<p class=\"paragraph-medium paragraph-black template-p\">The surgeons in Iran are well-educated and highly experienced. Hospitals and clinics in Iran are advanced and very well equipped. Almost any surgery in Iran costs less than any other country, but the difference in the costs doesn&rsquo;t mean that the quality of the services is low. This difference is basically based on economic factors. Hospitable and kind people, exquisite cuisine, beautiful and breathtaking historical attractions are just few of the many reasons why you should consider Iran as your destination. If you have chosen Iran for your surgery, you can contact <strong>MedtourIran</strong> to get consultation and plan your trip.</p>\n<h3 id=\"a10\" class=\"template-subtitle\">Otoplasty Costs</h3>\n<p class=\"paragraph-medium paragraph-black template-p\"><strong>Otoplasty</strong> costs vary widely. <strong>Otoplasty</strong> in Iran costs between 1000$ and 2200$, but if you want to have this surgery in the US it will cost you around 3150$. The cost of <strong>Otoplasty</strong> starts from 1500$ in India, and the average cost of it in Turkey is 2200$. If you want to have this surgery in European countries, the average cost is about 2000$. So it is more reasonable to have this surgery in Iran because you will get the same quality of services at lower and more affordable prices.</p>\n</div>','categories/August2019/mIUWxdwFBIrzkzIj0v9k.jpg',NULL,'The outer ear is called ‘pinna’ and Pinnaplasty is the surgical procedure which corrects the pinna in case it is prominent or if it has any deformities. This procedure is also known as Otoplasty or cosmetic ear surgery. This procedure does not affect hearing because hearing involves the middle and inner ear but Otoplasty is focused on the outer ear. This procedure involves reshaping or repositioning the ears to make them less prominent and more natural. Keep in mind that prominent ears don’t count as a medical condition however, having this surgery might help you feel more confident. ',0,'categories/August2019/25UutuXe9FUN36HpeBHH.png'),(35,13,1,'Eyelids surgery','eyelids-surgery','2019-07-09 10:17:24','2019-11-25 12:19:19','<div id=\"template-content\" class=\"mceTmpl\">\n<ul>\n<li><a href=\"#a1\">What is Blepharoplasty?</a></li>\n<li><a href=\"#a2\">Is Blepharoplasty Dangerous?</a></li>\n<li><a href=\"#a3\">When is Blepharoplasty Needed?</a></li>\n<li><a href=\"#a4\">Blepharoplasty Procedure</a></li>\n<li><a href=\"#a5\">Non-surgical Blepharoplasty</a></li>\n<li><a href=\"#a6\">Recovery from Blepharoplasty</a></li>\n<li><a href=\"#a7\">Blepharoplasty in Iran</a></li>\n</ul>\n<h3 id=\"a1\" class=\"template-subtitle\">What is Blepharoplasty?</h3>\n<p class=\"paragraph-medium paragraph-black template-p\">As you age, your eyelids stretch therefor, excessive fat may gather below or above the eyelids causing droopy upper lids and bags under the eyes. Sagging skin around your eyes can make you look older and even reduce your peripheral vision. <strong>Blepharoplasty,</strong>&nbsp;also known as an <strong>eye lift</strong> or <strong>eyelid surgery</strong>, is a cosmetic eye surgery operation that reduces bagginess from lower eyelids and removes excessive skin from the upper eyelids. <strong>Blepharoplasty</strong> also can improve vision problems and make your eyes look younger. Keep in mind that <strong>blepharoplasty</strong> doesn&rsquo;t change the form of the eyes but will help you have a more refreshed and younger look.&nbsp;</p>\n<h3 id=\"a2\" class=\"template-subtitle\">Is Blepharoplasty Dangerous?</h3>\n<p class=\"paragraph-medium paragraph-black template-p\">It&rsquo;s completely normal for the eyelids to swell and bruise after the operation. The surface of the eyeball may also swell. These symptoms will subside after 1 or 2 weeks. For almost 2 weeks your eyes might feel dry and could be treated with eye drops or ointments. It&rsquo;s natural if your sight is a little blurry for a few weeks. If the eyelids become sensitive and red, it&rsquo;s probabely the wound is opened and may become infectious and spread to the whole eyelid. If this happens, contact the hospital immediately so that the doctors can control the infection by antibiotics. Bleeding after the <strong>blepharoplasty</strong> operation is often very little and will stop after a short while. If the bleeding continues, contact the hospital immediately to get treatment because severe bleeding around or behind the eye can damage the vision but it&rsquo;s very rare. In another rare case, during the operation too much skin is removed and the patient has trouble closing the eye, in this case the skin must be replaced to correct it or in case any excessive skin remains another surgery must be done.&nbsp;</p>\n<h3 id=\"a3\" class=\"template-subtitle\">When is Blepharoplasty Needed?</h3>\n<p class=\"paragraph-medium paragraph-black template-p\">Usually people get their eyelids lifted for one of these reasons:</p>\n<ul class=\"template-ul\">\n<li>To treat the bags under their eyes</li>\n<li>Droopy and saggy eyelids</li>\n<li>Excessive skin or wrinkles under their eyes</li>\n<li>Their eyelids make them look older</li>\n<li>To improve their vision</li>\n</ul>\n<h3 id=\"a4\" class=\"template-subtitle\">Blepharoplasty Procedure</h3>\n<p class=\"paragraph-medium paragraph-black template-p\"><strong>Blepharoplasty</strong> is done under either general or local anesthesia. Depending on the patient, it can be done on the upper or lower eyelids or both. <strong>Blepharoplasty</strong> procedure includes the steps:</p>\n<ul class=\"template-ul\">\n<li>The incision</li>\n<li>Removing excessive skin, removing\\relocating fat and muscle</li>\n<li>Tightening muscles</li>\n<li>Closing the incision</li>\n</ul>\n<p>If the incisions are made using a laser, the procedure is called \'<strong>laser blepharoplasty</strong>\' which reduces the risk of scarring. This method is less painful and bruises less but causes more swelling.&nbsp;</p>\n<h3 id=\"a5\" class=\"template-subtitle\">Non-surgical Blepharoplasty</h3>\n<p class=\"paragraph-medium paragraph-black template-p\"><strong>Non-surgical blepharoplasty</strong> or <strong>plasma therapy</strong> uses PlexR. PlexR is a device that forms plasma to sublimate the excess skin. Its energy is delivered only to superficial skin cells without affecting deeper tissues. This method is also called <strong>dynamic blepharoplasty</strong> because during the procedure the patients are asked to open\\close their eyes to enable the doctor detect the wrinkles that need to be treated it also enables patients to follow the procedure. This method almost has no side effects and according to surveys all of the patients are fully satisfied with the results.</p>\n<h3 id=\"a6\" class=\"template-subtitle\">Recovery from Blepharoplasty</h3>\n<p class=\"paragraph-medium paragraph-black template-p\">At the end of the eyelid surgery, ointments will be applied on the incisions and the stitches. Your eyelids may have pain and feel stretched which is usually mild and will become better by using ordinary painkillers. Contact your doctor if you have severe pain or if your vision is reduced. Using cold compresses for a few days after the surgery will help control the bruising and the swelling. Usually the eyes are most swelled within the first week but the swelling will subside after 2-4 weeks. During the first weeks after the operation, sensitivity to light and transient visual changes such as blurry sight may occur but will pass gradually. In the first 2-3 weeks you need to get checked by the doctor frequently. The stitches are usually removed after 4-7 days after the operation and after the stitches are removed you will look better. Most people will be able to read books or watch TV after 1-2 days. In general, until 2-3 weeks after the operation contact lenses can&rsquo;t be used, and up to 4 weeks after the operation the eyes are very sensitive to sunshine, wind, and dust and it is better to use big sunglasses and sunscreen. You should limit your activities for the first 4-5 days after the surgery and rest as much as possible.</p>\n<h3 id=\"a7\" class=\"template-subtitle\">Blepharoplasty in Iran</h3>\n<p class=\"paragraph-medium paragraph-black template-p\">After rhinoplasty, <strong>blepharoplasty</strong> is the most common cosmetic surgery in Iran. Iran enjoys highly experienced surgeons and modern clinics and hospitals. Compared to other countries, the proceedures are more affordable in Iran, as a result Iran is a very good option for <strong>blepharoplasty</strong> or other cosmetic surgeries. If you have chosen Iran for your <strong>blepharoplasty,</strong> you can ask for help from <strong>MedTourIran</strong> specialists.</p>\n</div>','categories/August2019/Uiei6sv8YPxWqxDsOBVK.jpg',NULL,'من اثار التقدم في العمر تجمع الدهون تحت الجفون أو فوقها مما ينتج عن هذا الهدل في العيون أو بتعبير آخر تصبح لديك عيون متدلية ذات ترهلات تجعلك تبدو اكبر سنا. تقوم هذة العملية بإزالة جميع الدهون و الجلود الزائدة من الجفون و حول العيون. كما تساعد العملية على تقليل مشاكل الرؤية وتجعل عينك تبدو أصغر سنا. \nالجدير بالذكر أن عملية جراحة العيون التجميلية تساعد على مظهر أجمل و منتعش و لا يحدث تغيير لشكل العيون.\n',0,'categories/August2019/xRudn8WhEFKaCSUdFlNZ.jpg'),(43,13,1,'Rhinoplasty','rhinoplasty','2019-07-09 10:19:42','2019-11-25 13:03:09','<div id=\"template-content\" class=\"mceTmpl\">\n<ul>\n<li><a href=\"#a1\">What is Rhinoplasty?</a></li>\n<li><a href=\"#a2\">Types of Rhinoplasty</a></li>\n<li><a href=\"#a3\">Rhinoplasty in Iran</a></li>\n<li><a href=\"#a4\">Best Age For a Nose Job</a></li>\n<li><a href=\"#a5\">Risks of Rhinoplasty</a></li>\n<li><a href=\"#a6\">Rhinoplasty Preparations</a></li>\n<li><a href=\"#a7\">Non-surgical Rhinoplasty</a></li>\n<li><a href=\"#a8\">Different Nose Types </a></li>\n<li><a href=\"#a9\">Common Rhinoplasty Styles</a></li>\n<li><a href=\"#a10\">Recovery from Rhinoplasty</a></li>\n</ul>\n<h3 id=\"a1\" class=\"template-subtitle\">What is Rhinoplasty?</h3>\n<p class=\"paragraph-medium paragraph-black template-p\"><strong>Rhinoplasty,</strong>&nbsp;also known as a \'<strong>nose job</strong>\' is a plastic surgery aimed to make people improve their appearance. Rhinoplasty might have medical reasons as well. A <strong>nose job</strong> can be accompanied by other plastic surgery operations such as blepharoplasty (eyelid surgery) or genioplasty (chin surgery) to enhance the result. <strong>Rhinoplasty</strong> has become very common among peoples of all nations (especially Iran).</p>\n<h3 id=\"a2\" class=\"template-subtitle\">Types of Rhinoplasty</h3>\n<p class=\"paragraph-medium paragraph-black template-p\">Rhinoplasty generally can be divided into 2 categories of \"aesthetic rhinoplasty\" and \"functional rhinoplasty\":</p>\n<ul class=\"template-ul\">\n<ul class=\"template-ul\">\n<ul class=\"template-ul\">\n<li><strong>Aesthetic rhinoplasty</strong> has cosmetic reasons and the patients usually intend to change the appearance of their nose so that it will be in better harmony with other parts of their face and to generally suit their face more. Note that your health insurance might not cover cosmetic surgeries.</li>\n<li><strong>Functional rhinoplasty</strong> can be done for medical problems; for instance, to improve breathing or correct congenital defects.</li>\n</ul>\n</ul>\n</ul>\n<p>We can also put a nose surgery into 2 groups of primary and secondary or revision rhinoplasty.</p>\n<ul class=\"template-ul\">\n<ul class=\"template-ul\">\n<ul class=\"template-ul\">\n<ul class=\"template-ul\">\n<li>Primary rhinoplasty. If it is the first time that you are having rhinoplasty, it\'s called primary rhinoplasty; whether it\'s aesthetic or functional.</li>\n<li>Secondary rhinoplasty indicates that you have already gotten a nose job, but it wasn\'t successful (which is not that common) and you need to reshape your nose due to problems like asymmetry, pinched tip, etc. That\'s why it is also called a revision rhinoplasty. The latter usually involves a more difficult procedure since the surgeon must recreate the nasal support that was probably destroyed in the primary rhinoplasty.</li>\n</ul>\n</ul>\n</ul>\n</ul>\n<h3 id=\"a3\" class=\"template-subtitle\">Rhinoplasty in Iran</h3>\n<p class=\"paragraph-medium paragraph-black template-p\"><strong>Rhinoplasty</strong> is the most common cosmetic surgery in Iran. Iran is known as \'the nose job capital of the world\' and there must be a good reason for that. We might be able to say that nose surgery has become a part of a fashion trend these days and the main reason that nose surgery has become very popular among Iranians is their Persian nose. Most Persia people prefer the European nose and this factor results in increasing rate of nose surgery in Iran. In recent years, people from all over the world, especially the Middle East, have shown a special interest in flocking to Iran for their <strong>nose job</strong>. The cause of this high demand can be traced to the following reasons:</p>\n<ul class=\"template-ul\">\n<ul class=\"template-ul\">\n<ul class=\"template-ul\">\n<ul class=\"template-ul\">\n<li>The high-quality plastic surgery that patients experience in Iran plays an important role in this matter.</li>\n<li>Surgeon\'s experience is important in predicting success rates. Iranian surgeons are well-educated and highly-experienced in this nose job and this is not surprising because of&nbsp; the number of people they deal with every day.</li>\n<li>High levels of clinical care is another reason for the popularity of <strong>rhinoplasty</strong> in Iran.</li>\n<li>You can do the operation in the capital city of Iran, Tehran, and its other big towns such as Mashhad, Shiraz, Isfahan, etc. Therefore, aside from dealing with medical issues, you can also take a tour of these historical towns and visit their top attractions while you are in the city.</li>\n</ul>\n</ul>\n</ul>\n</ul>\n<h3 id=\"a4\" class=\"template-subtitle\">Best Age for a Nose Job</h3>\n<p class=\"paragraph-medium paragraph-black template-p\">If you have a medical reason for getting surgery, a <strong>nose job</strong> can be done at younger ages; However, if you solely want to get a <strong>nose job</strong> to look better and improve your appearance, the proper age for girls is about age 15 and a bit older for boys.</p>\n<h3 id=\"a5\" class=\"template-subtitle\">Risks of Rhinoplasty</h3>\n<p class=\"paragraph-medium paragraph-black template-p\">No surgery is risk-free and <strong>rhinoplasty</strong> is no exception. <strong>Rhinoplasty</strong> can cause:</p>\n<ul class=\"template-ul\">\n<li>A numb nose</li>\n<li>Breathing difficulties</li>\n<li>Bleeding</li>\n<li>Infection</li>\n<li>Dissatisfaction with the final resault</li>\n</ul>\n<p class=\"paragraph-medium paragraph-black template-p\">If you are not satisfied with your nose after the operation, you might want a second surgery which can be done, but in this case, you should wait until your nose is fully healed (maybe a year) and then get prepared for the second operation.</p>\n<h3 id=\"a6\" class=\"template-subtitle\">Rhinoplasty Preparations</h3>\n<ul class=\"template-ul\">\n<ul class=\"template-ul\">\n<ul class=\"template-ul\">\n<ul class=\"template-ul\">\n<li>First, you meet with a surgeon and discuss the details about your medical conditions, if getting a <strong>nose job</strong> is a good choice for you then, you decide on how you want your nose look loke after the surgery.</li>\n<li>Your surgeon will closely examine the skin inside and outside your nose and might ask you to get a blood test.</li>\n<li>In addition to that, they might take pictures of your nose from various angles to be used during the surgery or to make comparisons or assess the results after a while.</li>\n<li>Remember not to take medicines or painkillers (before or after the operation) without consulting your surgeon.</li>\n<li>A <strong>nose job</strong> can be done in a hospital or a doctor\'s office.</li>\n<li>You&rsquo;ll either be unconscious during the surgery or your surgeon will numb your face, but generally you\'ll stay awake.</li>\n<li>Finally, the operation and reshaping of your nose start and it take 1 to 2 hours or even longer if the procedure is more complex.</li>\n</ul>\n</ul>\n</ul>\n</ul>\n<h3 id=\"a7\" class=\"template-subtitle\">Non-surgical Rhinoplasty</h3>\n<p class=\"paragraph-medium paragraph-black template-p\">Surgeons can non-surgically reshape the nose with dermal fillers and make improvements that will last up to a year. A skilled surgeon can smooth out bumps, reshape the nose&rsquo;s tip and improve its symmetry. It is important to keep in mind that the results are temporary but many unnecessary <strong>rhinoplasty</strong> operations can be avoided using this cost-effective approach and avoid extra expenses and side effects. You can also use this method to test out a nose reshaping before committing to the permanent changes.</p>\n<h3 id=\"a8\" class=\"template-subtitle\">Nose types</h3>\n<p class=\"paragraph-medium paragraph-black template-p\">Noses can be divided into two categories: bony noses and meaty ones. The difference between these two types is in the thickness of the skin. Meaty noses have thicker skin. In the <strong>rhinoplasty</strong> of a bony nose small changes will have significant results.</p>\n<h3 id=\"a9\" class=\"template-subtitle\">Common Rhinoplasty Styles</h3>\n<p class=\"paragraph-medium paragraph-black template-p\">There are three types of nose jobs: a natural nose job, a fantasy nose job and a semi-fantasy nose job. Usually meaty noses get natural nose jobs where smaller changes are applied. Those who have small faces are more suitable for a fantasy nose job which results in a small and upturned nose.</p>\n<h3 id=\"a10\" class=\"template-subtitle\">Recovery from Rhinoplasty</h3>\n<ul class=\"template-ul\">\n<ul class=\"template-ul\">\n<ul class=\"template-ul\">\n<li>You will return home and it\'s necessary to follow your doctor\'s instructions.</li>\n<li>Get enough rest and let the bone tissues heal after being cut.</li>\n<li>Your surgeon might prescribe medications to alleviate pain.</li>\n<li>It usually takes one week before you can go outside and the bruising around your eyes will heal in the second week.</li>\n<li>If the surgeon hasn\'t used dissolvable stitches, you\'ll need to see your doctor again a week after surgery to get the stitches taken out.</li>\n<li>Your doctor will inform you to avoid running, swimming, laughing, wearing eyeglasses or blowing your nose.</li>\n<li>Above all, you need to avoid sun exposure as the skin around your nose is more prone to sun damage after the surgery.</li>\n<li>You can also use cold compresses after the operation to decrease swelling.</li>\n<li>Finally remember that it can take a whole year before you can see the final result of the surgery. So don\'t be so quick to judge your new nose and give it enough time to fully recover and become a normal nose again.</li>\n</ul>\n</ul>\n</ul>\n<p class=\"paragraph-medium paragraph-black template-p\">If you\'re considering <strong>rhinoplasty</strong> and you\'ve chosen to do it in Iran, you can always ask for help from <strong>MedTourIran</strong> specialists and consult a surgeon to decide what is best for you.</p>\n</div>','categories/September2019/DmwtwPfawGpCkUKJsA41.jpg',NULL,'Rhinoplasty which is also referred to as a nose job is a kind of plastic surgery that can be done to help the patients feel better about their appearance or it might have medical reasons. A nose job can be accompanied by other plastic surgery operations such as blepharoplasty (eyelid surgery) or genioplasty (chin surgery) to enhance the result. Rhinoplasty has become very common among peoples of all nations (especially Iran).',1,'categories/September2019/f4m7WjiWCTrIiCZKcCFS.jpg'),(50,13,1,'Hair transplant','hair-transplant','2019-07-30 23:44:31','2019-11-25 13:14:50','<div id=\"template-content\" class=\"mceTmpl\">\n<ul>\n<li><a href=\"#a1\">What is Hair Transplant?</a></li>\n<li><a href=\"#a2\">Hair Transplant Procedure</a></li>\n<li><a href=\"#a3\">Why Choose Iran?</a></li>\n<li><a href=\"#a4\">Are You The Right Candidate for a Hair Transplant?</a></li>\n<li><a href=\"#a5\">Hair Transplant Risks</a></li>\n<li><a href=\"#a6\">Hair Transplant Results</a></li>\n</ul>\n<h3 id=\"a1\" class=\"template-subtitle\">What is Hair Transplant?</h3>\n<p class=\"paragraph-medium paragraph-black template-p\">Hair has a significant impact on your appearance. Due to this impact, many people suffering from hair loss are looking for a permanent solution to stop this process once and for all. Today, surgeons can deal with hair loss by transplanting healthy hairs into the balding part of the body. This procedure is called <strong>hair transplant</strong> and usually is not done all of a sudden; meaning that hairs will be implanted over time. This process gives the hair a natural look compared to the <strong>hair transplantation</strong> in the 70s and 80s.</p>\n<p class=\"paragraph-medium paragraph-black template-p\">Back then, it was quite noticeable, and people could quickly notice if someone&rsquo;s hair was not natural. Today, thanks to the advances in this area, people (maybe not even your barber) can hardly tell the difference. <strong>Hair transplant</strong> is the most common cosmetic surgery procedure performed on men since they usually tend to go bald sooner. Hair loss isn&rsquo;t specific to men, and women can also experience it at any age.</p>\n<h3 id=\"a2\" class=\"template-subtitle\">Hair Transplant Procedure</h3>\n<ul class=\"template-ul\">\n<li><strong>Hair transplant</strong> is generally safe and can take between 4 to 8 hours.</li>\n<li>Usually, the dermatologist only uses local anesthesia which makes the scalp numb, but you will remain awake during the entire surgery.</li>\n<li>As we mentioned before, the surgeon will remove healthy hairs, and place them in the thinning areas.</li>\n<li>When the transplantation is finished, the surgeon will bandage your scalp, and give you the necessary instructions to follow at home.</li>\n</ul>\n<h3 id=\"a3\" class=\"template-subtitle\">Why Choose Iran?</h3>\n<p class=\"paragraph-medium paragraph-black template-p\">In a <strong>hair transplant</strong> procedure, a correct distance, angle, and density play an important role in getting a natural outcome. In general, the result of your <strong>hair transplant</strong> depends a lot on the surgeon you choose. This is why many people select Iran for their surgery. Other reasons that make Iran a perfect destination for a <strong>hair transplant</strong> include:</p>\n<ul class=\"template-ul\">\n<li>Experienced surgeons</li>\n<li>Affordable costs of <strong>hair transplant</strong> in Iran (compared to other countries)</li>\n<li>Its exceptional and incomparable attractions</li>\n</ul>\n<h3 id=\"a4\" class=\"template-subtitle\">Are You The Right Candidate for a Hair Transplant?</h3>\n<p class=\"paragraph-medium paragraph-black template-p\">Regardless of your gender or the cause of your hair loss (heredity, medical problems, etc.), you can be a good candidate for a <strong>hair transplant</strong> if:</p>\n<ul class=\"template-ul\">\n<li>There is enough healthy hair on your scalp for the surgeon to use and transfer to the thinning areas.</li>\n<li>The balding areas should have the capacity to grow hair on them.</li>\n</ul>\n<p class=\"paragraph-medium paragraph-black template-p\">Your dermatologist will carefully examine your scalp and inform you if you have both conditions. Your doctor may also ask you to take a blood test to find out the cause of your hair loss. According to the results of the tests and exams, the dermatologist can almost tell you what to expect after the <strong>hair transplant</strong>. Expecting a full head of hair is quite unrealistic, but your hair and the balding areas will surely look better and fuller after the <strong>hair transplant</strong>.</p>\n<h3 id=\"a5\" class=\"template-subtitle\">Hair Transplant Risks</h3>\n<p class=\"paragraph-medium paragraph-black template-p\"><strong>Hair transplant</strong> should be done in a hospital setting to decrease the possible risks. Hair transplant includes risks such as:</p>\n<ul class=\"template-ul\">\n<li>Infection</li>\n<li>Swelling</li>\n<li>Bruising</li>\n<li>Itching</li>\n<li>Scarring</li>\n</ul>\n<p>If you choose an experienced plastic surgeon for your<strong> hair transplant</strong>, complications are less likely to happen. Any other problems like bruising or numbness in the balding areas of your head will subside within 2-3 months after the surgery.</p>\n<h3 id=\"a6\" class=\"template-subtitle\">Hair Transplant Results</h3>\n<p class=\"paragraph-medium paragraph-black template-p\">Usually, patients can see results between 2 and 8 months after the <strong>hair transplant, but</strong>&nbsp;it might take almost 12 months for some people. Moreover, it is completely normal for the transplanted hair to fall out between 2 and 8 weeks after the surgery (shock loss) and grow again later. So, don&rsquo;t panic!</p>\n<p class=\"paragraph-medium paragraph-black template-p\">Also, by the third month, your hair may look thinner compared to the way it looked before the <strong>hair transplantation</strong>. Again, don&rsquo;t worry and be patient. Your dermatologist might prescribe medication to aid your hair loss and help you keep your natural-looking results.</p>\n</div>','categories/August2019/tvGDbf4YSdAPJSCi15U7.jpg',NULL,'Hair has a huge impact on your appearance and that’s why many people who deal with hair loss are looking for a permanent solution to stop this process once and for all. Today, surgeons can do this by transplanting the healthy hairs into the balding part of the body. This procedure is called hair transplant and usually is not done all of a sudden; meaning that a few hairs at a time is taken and will be implanted to areas of hair loss. This process gives the hair a natural look compared to the hair transplantation in 70s and 80s.',1,'categories/August2019/zDQLSbBAtfbtxxQRtoTt.jpg'),(51,12,1,'dental health','dental-health','2019-08-04 05:44:17','2019-11-25 11:03:42','<div id=\"template-content\" class=\"mceTmpl\">\n<ul>\n<li><a href=\"#a1\">What is Dental Health?</a></li>\n<li><a href=\"#a2\">Oral Hygiene Habits</a></li>\n<li><a href=\"#a3\">Why Choose Iran?</a></li>\n<li><a href=\"#a4\">Oral Diseases</a></li>\n<li><a href=\"#a5\">Treating Dental Problems</a></li>\n</ul>\n<h3 id=\"a1\" class=\"template-subtitle\">What is Dental Health?</h3>\n<p class=\"paragraph-medium paragraph-black template-p\">You might not notice, but your <strong>dental health</strong> (aka oral health) says a lot about your overall health status. Several oral hygiene habits can prevent oral problems such as tooth decay, bad breath, dry mouth, etc.</p>\n<h3 id=\"a2\" class=\"template-subtitle\">Oral Hygiene Habits</h3>\n<p class=\"paragraph-medium paragraph-black template-p\">Poor oral hygiene has negative effects on your health, yet it is usually taken for granted. <strong>Dental treatment</strong> is costly. Therefore, it is much less troublesome to take care of your teeth before it\'s too late. If you are experiencing dental pain, don\'t put off seeing a dentist. Also, try following these oral hygiene habits to keep your teeth healthy and reduce oral diseases:</p>\n<ul class=\"template-ul\">\n<li>Brush your teeth twice a day (with a fluoride toothpaste)</li>\n<li>Don\'t forget flossing</li>\n<li>Limit your sugar intake</li>\n<li>Have a well-balanced diet</li>\n<li>Schedule regular dental check-ups</li>\n</ul>\n<h3 id=\"a3\" class=\"template-subtitle\">Why Choose Iran?</h3>\n<p class=\"paragraph-medium paragraph-black template-p\">You might want to consider Iran as your dental tourism destination due to the following reasons:</p>\n<ul class=\"template-ul\">\n<li>Affordable prices (the same procedures will cost much higher in the US)</li>\n<li>Highly-experienced dentists</li>\n<li>Well-equipped clinics</li>\n<li>&nbsp;Hospitality of Iranians which is usually considered to be the best part of traveling to Iran</li>\n</ul>\n<h3 id=\"a4\" class=\"template-subtitle\">Oral Diseases</h3>\n<p class=\"paragraph-medium paragraph-black template-p\">You need to take care of your teeth, otherwise, facing one of the dental problems mentioned below is certain. Just consider how many times you use your mouth and teeth every day for eating different kinds of things.&nbsp;</p>\n<ul class=\"template-ul\">\n<li><strong>Tooth Decay: Cavities,</strong>&nbsp;also known as <strong>Tooth Decay,</strong> are parts of the teeth that are damaged and may even have holes in them. As a result, your teeth will be sensitive when you have a hot, cold, or sweet drink. One way to decrease the number of bacteria and plaque in your mouth is to brush and floss your teeth regularly.</li>\n<li><strong>Gingivitis: Gingivitis</strong> or <strong>Gum Diseases</strong> happen due to poor oral hygiene habits. In this disease, your gums become red and swollen and may bleed when you brush your teeth.&nbsp;</li>\n<li><strong>Periodontitis: </strong>If you don\'t treat <strong>gingivitis,</strong> it may lead to <strong>Periodontitis</strong>, which is more serious.&nbsp;</li>\n</ul>\n<h3 id=\"a5\" class=\"template-subtitle\">Treating Dental Problems</h3>\n<p><strong>Dental health</strong> is related to the overall health of your body and can help you maintain a healthy body. Oral bacteria can lead to heart disease, premature birth, etc. Therefore, it is necessary to treat oral diseases as early as possible. Also, there are many things you can do to make your teeth look better. Here are short descriptions of the most important ones.&nbsp;</p>\n<ul class=\"template-ul\">\n<li><strong>Braces and Retainers: </strong>If your teeth are crooked and you want a nice-looking smile, an orthodontist can straighten your teeth using braces and retainers.&nbsp;</li>\n<li><strong>Teeth Whitening: </strong>Teeth Whitening can lighten the natural color of your teeth. There are some teeth whitening methods you can use at home like using whitening toothpaste. But for more professional methods you\'d better let the dentist do the job.&nbsp;</li>\n<li><strong>Cleanings:</strong> It is harder to reach some parts in your mouth, and some tartar or plaque might remain on your teeth during brushing or flossing. Cleaning can remove any debris remaining between your teeth.&nbsp;</li>\n<li><strong>Fillings and Crowns:</strong> If you have a hole, crack or cavity in your tooth, you can repair the damage with a filling. The dentist will use a crown to fill in the gap where a large portion of your teeth has broken off and needs to be removed. In most cases, this process can resolve your problem, but in some rare cases with extreme overbite or underbite, surgery might be a better solution.&nbsp;</li>\n<li><strong>Dental implants: </strong>If you have lost a tooth in an accident or any other occasions, an implant can be used to replace the lost tooth by placing it into the jawbone. Then, a crown which suits your other teeth will be added to give it a more natural look.</li>\n</ul>\n</div>','categories/August2019/5jKp7o62Xd6DmgS6YJOo.jpg',NULL,'You might not notice, but your dental health (aks oral health) says a lot about your overall health status. There are a number of oral hygiene habits that can prevent oral problems such as tooth decay, bad breath, dry mouth, etc.',0,'categories/August2019/QajEC8LiGMLxz0AH3knn.jpeg'),(52,13,1,'Liposuction','liposuction','2019-08-04 05:49:35','2019-11-25 13:24:55','<div id=\"template-content\" class=\"mceTmpl\">\n<ul>\n<li><a href=\"#a1\">Liposuction Defenition</a></li>\n<li><a href=\"#a2\">Risks and Side Effects</a></li>\n<li><a href=\"#a1\">Liposuction </a><a href=\"#a3\">Types</a></li>\n<li><a href=\"#a4\">Preparations</a></li>\n<li><a href=\"#a5\">Recovery</a></li>\n<li><a href=\"#a1\">Liposuction </a><a href=\"#a6\">Cost</a></li>\n<li><a href=\"#a8\">Good Candidates for Liposuction</a></li>\n</ul>\n<h3 id=\"a1\" class=\"template-subtitle\">What is Liposuction?</h3>\n<p class=\"paragraph-medium paragraph-black template-p\">Lipo means fat and <strong>Liposuction</strong> is a cosmetic surgery in which fat is removed from certain areas of the body. <strong>Liposuction</strong> will help you get rid of fat that you haven&rsquo;t been able to get rid of with diet or exercise. However, keep in mind that this surgery won&rsquo;t help you get rid of cellulite. Also, <strong>Liposuction</strong> shouldn&rsquo;t be considered a solution for weight loss. <strong>Lipoplasty</strong> is a Liposuction technique in which ultrasonic waves are used to liquefy the fat under the skin before removing it. This method makes the fat easier to remove, so <strong>Ultrasonic-Assisted Lipoplasty</strong> (UAL) is an enhancement to Liposuction. <strong>Liposuction</strong> is used to remove fat from areas such as:</p>\n<ul class=\"template-ul\">\n<li>Abdomen</li>\n<li>Buttocks</li>\n<li>Hips and thighs</li>\n<li>Chin and neck</li>\n<li>Breasts</li>\n</ul>\n<div id=\"template-images\" class=\"row\">\n<div class=\"col-md-4\">\n<div class=\"theme-img template-image\"><img alt=\"\" /></div>\n</div>\n</div>\n<h3 id=\"a2\" class=\"template-subtitle\">Risks and Side Effects of Liposuction</h3>\n<p class=\"paragraph-medium paragraph-black template-p\">Just like any other surgery, <strong>Liposuction</strong> also has risks such as:</p>\n<ul class=\"template-ul\">\n<li>Infection, which is rare</li>\n<li>Bleeding</li>\n<li>Anesthesia risks</li>\n<li>Fluid accumulation</li>\n<li>Numbness</li>\n<li>Blood clots</li>\n<li>Fat embolism</li>\n</ul>\n<p class=\"paragraph-medium paragraph-black template-p\">If fat is removed unevenly, or due to skin&rsquo;s poor elasticity, the skin can become bumpy, which may be everlasting.</p>\n<h3 id=\"a3\" class=\"template-subtitle\">Different Liposuction Types</h3>\n<p class=\"paragraph-medium paragraph-black template-p\">Based on your preference, the areas treated and your <strong>Liposuction</strong> will be done using different techniques. Different <strong>Liposuction</strong> types are:</p>\n<ul class=\"template-ul\">\n<li>Tumescent Liposuction (the most common type)</li>\n<li>Ultrasound-Assisted Liposuction (UAL) also known as <strong>Lipoplasty</strong></li>\n<li>Laser-Assisted Liposuction (LAL)</li>\n<li>Power-Assisted Liposuction (PAL)</li>\n</ul>\n<h3 id=\"a4\" class=\"template-subtitle\">Liposuction Preparations</h3>\n<p class=\"paragraph-medium paragraph-black template-p\">Before the surgery, your surgeon might ask you to stop taking certain medications. You should discuss your expectations with your surgeon and ask any questions you have. Your surgeon will check your medical history and might take photos to use for comparison. If you are not having a lot of fat removed, you might not need a hospital stay and should arrange for someone to drive you home after the surgery.</p>\n<h3 id=\"a5\" class=\"template-subtitle\">Recovering from Liposuction</h3>\n<p class=\"paragraph-medium paragraph-black template-p\">You&rsquo;re likely to experience pain, swelling, and bruising after the surgery. Your surgeon may prescribe painkillers, and antibiotics to reduce the risk of infection. The swelling usually subsides within a few weeks, and after a few months, the treated areas will have a leaner appearance. You can return to your daily activities within two weeks. <strong>Liposuction</strong> results will generally last as long as you maintain your weight, but if you gain weight, your body&rsquo;s fat distribution may change.</p>\n<h3 id=\"6\" class=\"template-subtitle\">Liposuction cost</h3>\n<p>&nbsp;</p>\n<h3 id=\"a6\" class=\"template-subtitle\">Liposuction Alternatives</h3>\n<p class=\"paragraph-medium paragraph-black template-p\"><strong>Liposuction</strong> has a less invasive alternative called <strong>Non-Surgical Fat Reduction</strong> or <strong>Non-Surgical Liposuction</strong>. <strong>Liposuction</strong> involves a small incision and sucking out the fat through a tube. <strong>Non-Surgical Fat Reduction</strong> uses heat, lasers, cooling, or sound waves to destroy fat cells and melt the fat away. <strong>Non-Surgical Liposuction</strong> almost has no recovery time but can&rsquo;t affect large areas of fat. This method should be used when the patient doesn&rsquo;t want to undergo surgery. Another alternative for <strong>Liposuction</strong> is <strong>water-assisted body sculpting</strong> known as <strong>body jet</strong> which uses pressurized water streams to wash out the fat.</p>\n<h3 id=\"a7\" class=\"template-subtitle\">Liposuction in Iran</h3>\n<p class=\"paragraph-medium paragraph-black template-p\"><strong>Liposuction</strong> is among the top five cosmetic surgeries done in Iran, and the cost of this surgery in Iran is considerably lower than in other countries. Iran enjoys highly educated and highly experienced surgeons, modern clinics and hospitals, and offers high-quality medical services. Iran is also a great country to travel to due to its rich culture and history, hospitable people, amazing architecture and much more. So when it comes to undergoing surgery at a considerably lower price but with the same quality, Iran can be an excellent choice. If you&rsquo;re considering Iran for your <strong>Liposuction</strong>, you can contact <strong>MedTourIran</strong> to get a consultation and plan your trip.</p>\n<h3 id=\"a8\" class=\"template-subtitle\">Good Candidates for Liposuction</h3>\n<p class=\"paragraph-medium paragraph-black template-p\">You might be the right candidate for<strong> Liposuction</strong> if:</p>\n<ul class=\"template-ul\">\n<li>There are fat areas in your body that are stubborn and won&rsquo;t go away no matter how much you exercise or diet</li>\n<li>Your weight is stable</li>\n<li>&nbsp;You are not using <strong>Liposuction</strong> as a weight-loss method and have realistic expectations</li>\n<li>You are within 30% of your ideal weight</li>\n<li>You have firm and elastic skin</li>\n<li>You don&rsquo;t have medical conditions that will impact the healing process</li>\n</ul>\n<p class=\"paragraph-medium paragraph-black template-p\">&nbsp;</p>\n</div>','categories/August2019/Y6lFG6Ob0fOzeclxAgXc.jpg',NULL,'Liposuction is a cosmetic surgery in which fat is removed from certain areas of the body',1,'categories/August2019/PZVCc9ednRiA1NsEmVZh.jpg'),(54,13,1,'Breast Lift','breast-lift','2019-08-04 05:50:18','2019-11-26 07:22:35','<div id=\"template-content\" class=\"mceTmpl\">\n<ul>\n<li><a href=\"#a1\">Breast Lift Definition</a></li>\n<li><a href=\"#a2\">Good Candidates for Breast Lift</a></li>\n<li><a href=\"#a3\">Breast Lift Alternatives (Non-Surgical Breast Lift)</a></li>\n<li><a href=\"#a4\">Breast Lift Risks and Complications</a></li>\n<li><a href=\"#a5\">Breast Lift Preparations</a></li>\n<li><a href=\"#a6\">Breast Lift Options</a></li>\n<li><a href=\"#a7\">Recovery from Breast Lift</a></li>\n<li><a href=\"#a8\">Breast Lift Costs</a></li>\n</ul>\n<h3 id=\"a1\" class=\"template-subtitle\">Breast Lift Definition</h3>\n<p class=\"paragraph-medium paragraph-black template-p\"><strong>Breast Lift</strong>, also known as <strong>Mastopexy</strong>, is a cosmetic procedure done to raise sagging breasts. This procedure helps women feel more confident by reshaping their breasts to have a more youthful look. Sagging breasts can be caused by aging, weight loss, or breastfeeding. The difference between a <strong>breast lift</strong> and a <strong>breast reduction</strong> is that in a <strong>breast lift surgery</strong>, only excess skin is removed. However, in breast reduction, the actual breast tissue is removed. You should consult with a plastic surgeon to decide which one is best for you, but sometimes both surgeries are done together.&nbsp;</p>\n<h3 id=\"a2\" class=\"template-subtitle\">Good Candidates for Breast Lift</h3>\n<p class=\"paragraph-medium paragraph-black template-p\">A <strong>breast lift</strong> might be right for you if:</p>\n<ul class=\"template-ul\">\n<li>You have sagging breasts</li>\n<li>Your nipples point downward</li>\n<li>You have uneven breasts, or one is lower than the other</li>\n</ul>\n<p>Keep in mind that if you want to get pregnant, this surgery might not be right for you because pregnancy eliminates the effect of a <strong>breast lift</strong>.&nbsp;</p>\n<h3 id=\"a3\" class=\"template-subtitle\"><strong>Breast Lift Alternatives</strong> (Non-Surgical Breast Lift)</h3>\n<p class=\"paragraph-medium paragraph-black template-p\">There is a way to lift sagging breasts without having surgery. This alternative procedure uses PRP (Platelet Rich Plasma) and radiofrequency waves to lift the breasts. This method is also known as \'Vampire Breast Lift.\' Vampire Breast lift method doesn\'t need general anesthesia. Also, there is no downtime. This approach will increase breast and nipple sensitivity, reduce wrinkles, and it will lift sagging breasts without any surgery. For optimal results, a <strong>vampire breast lift</strong> is combined with microneedling or laser resurfacing.&nbsp;</p>\n<h3 id=\"a4\" class=\"template-subtitle\">Breast Lift Risks and Complications</h3>\n<p class=\"paragraph-medium paragraph-black template-p\">All major surgeries have risks, and breast lift surgery is not an exception. Some of this surgery\'s risks are:</p>\n<ul class=\"template-ul\">\n<li>Scarring. The scars will fade over time but will not disappear completely. However, the scars can become thick and wide due to poor healing.</li>\n<li>Difficulty breastfeeding</li>\n<li>Asymmetrical breasts</li>\n<li>Changes in nipple or breast sensation</li>\n<li>Bleeding</li>\n<li>Anesthesia risks</li>\n<li>Infection</li>\n</ul>\n<h3 id=\"a5\" class=\"template-subtitle\">Breast Lift Preparations</h3>\n<p class=\"paragraph-medium paragraph-black template-p\">During your consultation, your plastic surgeon will:</p>\n<ul class=\"template-ul\">\n<li>Review your medical history. Your surgeon will ask about your current and past medical conditions. You should notify your surgeon if you have a family history of breast cancer.</li>\n<li>Examine your breasts. Your doctor will examine your breasts to determine the best approach for your surgery.&nbsp;</li>\n<li>Talk to you about your expectations. You should talk about why you want to have this surgery and what you are hoping for as a result.</li>\n<li>Take photographs for your medical record.</li>\n</ul>\n<p>Also, before the surgery, you need to stop smoking and avoid taking particular medication like aspirin (because it can increase bleeding).</p>\n<h3 id=\"a6\" class=\"template-subtitle\">Breast Lift Options</h3>\n<p class=\"paragraph-medium paragraph-black template-p\">Depending on the patient\'s condition, there are three types of <strong>breast lift</strong>:</p>\n<ul class=\"template-ul\">\n<li><strong>Periareolar incision</strong>: This approach is best for those who have large areolas and minimal breast sagging.</li>\n<li><strong>Vertical breast reduction incision</strong>: This approach is more suitable for patients with moderate sagging in their breasts.</li>\n<li><strong>Inverted-T incision: </strong>This approach, in which the maximum breast lift is obtained, is the most common one.</li>\n</ul>\n<h3 id=\"a7\" class=\"template-subtitle\">Recovery from Breast Lift</h3>\n<p class=\"paragraph-medium paragraph-black template-p\">During the first few days after the surgery, you can take painkillers that are recommended by your doctor to alleviate the pain. You might feel numb for up to six weeks. Your breasts will also swell and bruise, but these symptoms will subside after about two weeks. Your surgeon might place small tubes at the incision sites to drain excess blood or fluid. Your surgeon will usually remove the tubes after a few days. If your surgeon hasn\'t used dissolvable stitches, you need to visit your doctor to have your stitches removed, usually 1-2 weeks after the surgery. Keep in mind that the results of a <strong>breast lift</strong> are not permanent because as you age, your skin becomes less elastic.</p>\n<h3 id=\"a8\" class=\"template-subtitle\">Breast Lift Costs</h3>\n<p class=\"paragraph-medium paragraph-black template-p\">The cost of this cosmetic surgery starts from about $2100, $2900, $2300, $3000 and $3600 in India, Turkey, UK, Mexico, and Thailand, respectively. The <strong>breast lift surgery</strong> costs averagely about $3300 in European countries. In Iran, this surgery is done at the same quality, but the price of it starts from $1600.&nbsp;</p>\n</div>','categories/August2019/6bKOaOMndlkWGrzdyMqe.jpg',NULL,'Breast Lift, also known as Mastopexy, is a cosmetic procedure aiming to raise sagging breasts. This procedure helps women feel more confident by reshaping their breasts for a more youthful look. Sagging breasts can be caused by aging, weight loss, or breastfeeding. The difference between a breast lift and a breast reduction is that in a breast lift surgery only excess tissue is removed. You should with a plastic surgeon to decide which one is best for you but sometimes both surgeries are done together. ',0,'categories/August2019/QHVszdIpCSzWKBWCduqB.jpg'),(55,13,1,'plastic surgery','plastic-surgery','2019-08-04 06:07:01','2019-11-26 07:31:35','<div id=\"template-content\" class=\"mceTmpl\">\n<ul>\n<li><a href=\"#a1\">What is Plastic Surgery?</a></li>\n<li><a href=\"#a2\">Reconstructive surgery</a></li>\n<li><a href=\"#a3\">Why Choose Iran?</a></li>\n</ul>\n<h3 id=\"a1\" class=\"template-subtitle\">What is Plastic Surgery?</h3>\n<p class=\"paragraph-medium paragraph-black template-p\">Did you know that the word &ldquo;<strong>plastic</strong>&rdquo; in <strong>plastic surgery</strong> comes from the Greek word &ldquo;<strong>plastikos</strong>&rdquo;? Plastikos means &ldquo;<strong>the art of modeling</strong>&rdquo; and has nothing to do with the plastic (synthetic material) you probably have in mind. <strong>Plastic surgery</strong> can be done for both cosmetic and aesthetic reasons or to reconstruct a part of the body.&nbsp;</p>\n<h3 id=\"a2\" class=\"template-subtitle\">Reconstructive Surgery<a class=\"imp\" href=\"https://medtouriran.com/en/blogs/9/what-is-reconstructive-surgery\">Read More</a></h3>\n<p class=\"paragraph-medium paragraph-black template-p\"><strong>Reconstructive surgery</strong> aims to repair the defects and improve the functioning of your body, such as:</p>\n<ul class=\"template-ul\">\n<li>Tumor removal&nbsp;</li>\n<li>Hand surgery</li>\n<li>Burn surgery</li>\n</ul>\n<h3 id=\"a3\" class=\"template-subtitle\">Cosmetic Surgery<a class=\"imp\" href=\"https://medtouriran.com/en/blogs/10/what-is-cosmetic-surgery\">Read More</a></h3>\n<p class=\"paragraph-medium paragraph-black template-p\"><strong>Cosmetic surgery</strong> aims to improve the overall appearance and remove signs of aging. <strong>Cosmetic surgeries</strong> are done voluntarily. The word &ldquo;surgery&rdquo; doesn&rsquo;t necessarily mean that surgeons cut a part of the body. Botox is a good example of this type of surgery. The most popular <strong>cosmetic procedures</strong> include:</p>\n<ul class=\"template-ul\">\n<li>Rhinoplasty (nose job).<a class=\"imp\" href=\"https://medtouriran.com/en/procedures/43/rhinoplasty\">Read More</a></li>\n<li>Facelift (delaying the visible signs of aging)</li>\n<li>Breast enhancement<a class=\"imp\" href=\"https://medtouriran.com/en/procedures/16/breast-surgery\">Read More</a></li>\n<li>Genioplasty (chin surgery)</li>\n<li>Laser skin resurfacing</li>\n<li>Liposuction (fat removal)<a class=\"imp\" href=\"https://medtouriran.com/en/procedures/52/liposuction\">Read More</a></li>\n<li>Botox</li>\n<li>Laser hair removal</li>\n</ul>\n<h3 id=\"a4\" class=\"template-subtitle\">Why Choose Iran?</h3>\n<p class=\"paragraph-medium paragraph-black template-p\">According to many people, Iran is the best country to have <strong>plastic surgery</strong> in the Middle East. Thus, travelers in the Middle East often head to Iran for liposuction, rhinoplasty, and other kinds of plastic surgery. Iran has become a reference for <strong>plastic surgery</strong> in the Middle East and attracts tourists from all over the world. It is estimated that more than 30,000 <strong>plastic surgeries</strong> are performed per year in the country. This high demand can be due to the following reasons:</p>\n<ul class=\"template-ul\">\n<li><strong>Skilled Doctors: </strong>The choice of the best plastic surgeon plays an important and crucial role in surgeries and leads to favorable results. Iranian doctors are trained in the country&rsquo;s top medical universities. Thanks to Iranian surgeon&rsquo;s unique set of skills, and the latest medical technology at world-class facilities, they perform more than 30,000 plastic surgeries per year.<a class=\"imp\" href=\"https://medtouriran.com/en/services/doctors\">More Info</a></li>\n<li><strong>Low Costs: Plastic surgery</strong> is usually not covered by insurance. As a result, the costs can be quite outrageous. One of the primary reasons to travel to Iran for surgery is that <strong>plastic surgery</strong> costs in Iran are more affordable. People can generally expect to save at least 60% when performing <strong>plastic surgery</strong> in Iran as compared to Western countries. These costs include all the travel expenses like airfares, hotel, and food during one&rsquo;s stay.</li>\n<li><strong>Low Waiting Period: </strong>The waiting times for procedures in Iran are usually non-existent. Compare this to the Western nations, for instance, in Canada. It takes a patient about four weeks to consult a specialist while in Iran the patients have immediate access to a specialist. Many people use medical tourism in Iran as an option to get procedures done faster when they are fed up with the waiting times in their native countries.</li>\n<li><strong>Privacy: </strong>Privacy is another reason to have <strong>plastic surgery</strong> away from home. Most of us do not wish to run into our neighbors while recovering. In Iran, you will be able to recuperate in peace and do some sightseeing in the city.</li>\n</ul>\n</div>','categories/August2019/F2n1zxOAqdtVlLlSquFn.jpg',NULL,'Did you know that the word “plastic” in plastic surgery comes from the Greek word “plastikos” which means “the art of modeling” and has nothing to do with the plastic (synthetic material) you probably have in mind? Plastic surgery can be done for cosmetic/aesthetic reasons or to reconstruct a part of the body. ',1,'categories/August2019/wFFYpvSgdF6w2efqBjwW.jpg'),(59,13,1,'Tummy Tuck','tummy-tuck','2019-08-31 05:59:27','2019-11-26 08:05:46','<div id=\"template-content\" class=\"mceTmpl\">\n<ul>\n<li><a href=\"#a1\">Abdominoplasty Definition</a></li>\n<li><a href=\"#a2\">Tummy Tuck Alternatives&nbsp;</a></li>\n<li><a href=\"#a3\">Abdominoplasty Preparations</a></li>\n<li><a href=\"#a4\">Abdominoplasty Procedure</a></li>\n<li><a href=\"#a5\">Abdominoplasty Complications and Risks</a></li>\n<li><a href=\"#a6\">Abdominoplasty Recovery</a></li>\n<li><a href=\"#a7\">Why Choose Iran for Your Abdominoplasty?</a></li>\n<li><a href=\"#a8\">Abdominoplasty Costs</a></li>\n</ul>\n<h3 id=\"a1\" class=\"template-subtitle\"><span style=\"font-size: 18.72px;\">Abdominoplasty Definition</span></h3>\n<p class=\"paragraph-medium paragraph-black template-p\"><strong>Abdominoplasty</strong> is a cosmetic surgery which is also known as \'<strong>Tummy Tuck</strong>.\' This surgery aims to make the abdomen thinner and firmer. Pregnancy or a major weight loss can cause sagging tissues, and having a <strong>Tummy Tuck</strong> remove the issue. <strong>Abdominoplasty</strong> reduces sagging abdomens by removing excess fat and skin or tightening the muscles in the area. It is important to keep in mind that<strong> Tummy Tuck</strong> should not be considered as an alternative to weight loss. <strong>Abdominoplasty</strong> and <strong>Liposuction</strong> can be done together to improve the apearance of the abdomen.&nbsp;</p>\n<h3 id=\"a2\" class=\"template-subtitle\">Tummy Tuck Alternatives&nbsp;</h3>\n<p class=\"paragraph-medium paragraph-black template-p\">If you are suffering from sagging skin in your abdomen but do not want to have surgery, there is an alternative. This alternative is called \'<strong>Thermalipo</strong>\' which has a more comfortable recovery and shorter treatment time. This method uses <strong>Liposuction</strong> and Thermage Radiofrequency Skin Tightening (a non-invasive treatment for aging and loose skin). After the <strong>Liposuction</strong>, the Thermage device is used to tighten the skin by using radiofrequency energy to stimulate collagen growth. Beside the abdomen, the <strong>Thermalipo</strong> can be used for other areas as well.&nbsp;</p>\n<h3 id=\"a3\" class=\"template-subtitle\">Abdominoplasty Preparations</h3>\n<p class=\"paragraph-medium paragraph-black template-p\">Procedure you need to follow before your surgery:</p>\n<ul class=\"template-ul\">\n<li>Stop smoking because it slows down the healing process and increases the risk of infection</li>\n<li>Reach your ideal weight but don\'t try an extreme diet and eat complete meals</li>\n<li>Discuss your medical history with your surgeon</li>\n<li>Talk about your expectations</li>\n<li>Arrange for someone from <strong>MedTourIran</strong> to take you home and stay with you for a couple of days after the surgery</li>\n</ul>\n<h3 id=\"a4\" class=\"template-subtitle\">Abdominoplasty Procedure</h3>\n<p class=\"paragraph-medium paragraph-black template-p\">This procedure usually takes 1-5 hours, and it\'s performed under general anesthesia which means you will be unconscious during the operation. Depending on the patient\'s condition, the surgeon can perform the surgery in two different ways:</p>\n<ul class=\"template-ul\">\n<li><strong>Complete Abdominoplasty</strong>. If your surgeon chooses this method, he will make an incision on the abdomen from hipbone to hipbone, which will move your belly button.&nbsp;</li>\n<li><strong>Mini Abdominoplasty,</strong> or <strong>Partial Abdominoplasty</strong>. This method is less invasive and more suitable for those who have a small amount of excess fat or if their fat deposits are located below the belly button. During the<strong> Mini Abdominoplasty</strong>, the surgeon will make incisions under the belly button and will not move it.</li>\n</ul>\n<h3 id=\"a5\" class=\"template-subtitle\">Abdominoplasty Complications and Risks</h3>\n<p class=\"paragraph-medium paragraph-black template-p\">Just like any other surgery, <strong>Abdominoplasty</strong> carries risks such as:</p>\n<ul class=\"template-ul\">\n<li>Infection</li>\n<li>Anesthesia risks</li>\n<li>Bleeding</li>\n<li>Blood cloths</li>\n<li>Seroma</li>\n<li>Hematoma</li>\n</ul>\n<p>Having diabetes, heart, or liver conditions makes it more likely for complications to happen. The scars of this surgery will fade over time but will not disappear completely.&nbsp;</p>\n<h3 id=\"a6\" class=\"template-subtitle\">Abdominoplasty Recovery</h3>\n<p class=\"paragraph-medium paragraph-black template-p\">After the surgery, you will experience pain, soreness, and swelling during the first few days. Your doctor will probably prescribe painkillers to deal with pain. The soreness will subside after a few weeks or months. Bruising is also a possibility. You must limit your activities for at least six weeks. Diet and exercise regularly to maintain the results of your <strong>Abdominoplasty.</strong></p>\n<h3 id=\"a7\" class=\"template-subtitle\">Why Choose Iran for Your Abdominoplasty?</h3>\n<p class=\"paragraph-medium paragraph-black template-p\">You might wonder if it\'s worth traveling to another country for surgery? It only makes sense if you have to pay less for the same quality of services. In Iran, you can get the same quality of services if not more, at lower and more affordable prices. Iranian surgeons are well-educated and experienced. The clinics and hospitals in Iran are fully equipped and advanced, so you have to worry about anything. The hospitable and kind people of Iran, its historical and cultural attractions, and delicious cuisine are just some of the many things you\'ll miss if you don\'t choose Iran. However, if you have selected Iran as your destination, feel free to contact <strong>MedTourIran</strong> and get a consultation and plan your trip.</p>\n<h3 id=\"a8\" class=\"template-subtitle\">Abdominoplasty Costs</h3>\n<p class=\"paragraph-medium paragraph-black template-p\"><strong>Abdominoplasty</strong> averagely costs about&nbsp;<strong>$</strong><strong>2500</strong>&nbsp;in Iran. But the same surgery will cost you around&nbsp;<strong>$</strong><strong>3000</strong> in India. The cost of this surgery ranges from <strong>$</strong><strong>4000</strong>&nbsp;to&nbsp;<strong>$</strong><strong>15000</strong>&nbsp;in European countries, and about&nbsp;<strong>$</strong><strong>6000</strong>, and&nbsp;<strong>$</strong><strong>6200</strong>&nbsp;in Thailand and Mexico respectively.&nbsp;</p>\n</div>','categories/August2019/hqEZAlKjGmkm9nodsU42.jpg',NULL,'Abdominoplasty is a cosmetic surgery also known as ‘Tummy Tuck’. This surgery is aimed to make the abdomen thinner and firmer. Pregnancy or a major weight loss cause loose and sagging tissues, and having a tummy tuck can solve the issue. Abdominoplasty reduces sagging abdomens by removing excess fat and skin, or tightening the muscles in the area. It is important to keep in mind that tummy tuck should not be considered as an alternative to weight loss. Abdominoplasty and Liposuction can be done together to improve the look of the abdomen. ',0,'categories/August2019/sBqxzSL8yhN3eZw0k9KQ.jpg'),(61,12,1,'Male Fertility','male-fertility','2019-08-31 06:15:56','2019-11-25 11:06:44','<div id=\"template-content\" class=\"mceTmpl\">\n<ul>\n<li><a href=\"#a1\">What is Infertility in Men?</a></li>\n<li><a href=\"#a2\">Varicocele</a></li>\n<li><a href=\"#a3\">Common Causes of Infertility</a></li>\n<li><a href=\"#a4\">Infertility Treatment</a></li>\n<li><a href=\"#a5\">Why Iran?</a></li>\n</ul>\n<h3 id=\"a1\" class=\"template-subtitle\">What is Infertility in Men?</h3>\n<p class=\"paragraph-medium paragraph-black template-p\">Male infertility refers to the weakness in Male reproductive system and to those factors and problems associated with it. Male infertility can have many different causes, such as:</p>\n<h3 class=\"template-subtitle\">Varicocele</h3>\n<h3 id=\"a2\" class=\"template-subtitle\">Infertility symptoms</h3>\n<p class=\"paragraph-medium paragraph-black template-p\">If you are diagnosed with Infertility (unable to conceive a child), you can get treatment. But first let&rsquo;s take a look at some of the symptoms that can help you to seek help earlier:</p>\n<ul class=\"template-ul\">\n<li><strong>Irregular menstrual periods :&nbsp;</strong>One of the signs which shows that a woman ovulates regularly is having regular menstrual periods (every 21 to 35 days). Ovulation of the egg is necessary for pregnancy. Therefore, if you&rsquo;re trying to conceive a baby and you have irregular menstrual cycles, do not wait until the 12th month and take action and see a doctor to find out the problem.</li>\n<li><strong>Women over 35 :&nbsp;</strong>As women age, they face decreasing in the number of eggs and it is less likely for an egg to be genetically normal. Accordingly, if a couple has been trying to have a baby for 6 months or more and the woman is over 35 years old, they&rsquo;d better be evaluated for infertility.</li>\n<li><strong>&nbsp;A history of sexually transmitted diseases :&nbsp;</strong>A sperm must cross the tubes in order to reach the ovulated egg and fertilize it. Therefore, open tubes are essential to get pregnant naturally. Sexually transmitted diseases such as gonorrhea, can damage fallopian tubes and prevent a proper conception. That is why if the woman has a history of pelvic infection, should get an immediate evaluation if the couple intends to conceive a child.&nbsp;</li>\n</ul>\n<h3 id=\"a3\" class=\"template-subtitle\">Common Causes of Infertility</h3>\n<ul>\n<li><strong>Delaying childbirth:</strong> As discussed previously, the number of eggs will diminish as a woman ages. A woman beyond the age of 45 is unlikely to get pregnant.</li>\n<li><strong>Endometrial polyps:</strong> Endometrial polyps can arise from the inner lining of the uterus and can decrease fertility. In some cases, if the doctor simply removes the polyp, your infertility will be solved.</li>\n<li><strong>&nbsp;Male factor infertility:</strong> If the abnormality of semen is confirmed, the guy should visit a reproductive urologist to get proper treatment.</li>\n<li><strong>Uterine fibroids:</strong> Fibroids are very common among women and have 3 types. Submucosal fibroids are the type that can reduce the chance of pregnancy and need to be treated so that the couple can have a baby.</li>\n</ul>\n<h3 id=\"a4\" class=\"template-subtitle\">Infertility Treatment</h3>\n<p class=\"paragraph-medium paragraph-black template-p\">Couples need to educate themselves about the symptoms of infertility so that they can recognize when to seek help. Aside from that, your doctor can suggest special treatments to aid conceiving a baby:</p>\n<ul class=\"template-ul\">\n<li><strong>Medications:</strong> In order to stimulate egg development and ovulation, your doctor may prescribe special pills or injections. You should use them as you&rsquo;re instructed to enhance the chance of conceiving a baby.</li>\n<li><strong>Insemination:</strong> Insemination is a method in which they take the sperm and prepare it for placement into the uterine cavity. In this case, there is a higher opportunity for the sperm to get closer to the ovulated egg. The man needs to be checked for sperm abnormality, otherwise, the sperm cannot swim and fertilize the egg.&nbsp;</li>\n<li><strong>In Vitro Fertilization:</strong> IVF means &ldquo;outside the body&rdquo; and the reason is that in this process, they collect eggs and fertilize them by sperm outside the body, in the laboratory. They check the eggs again after about 40 hours and if they are fertilized, they will be put back in the woman\'s uterus.&nbsp;</li>\n</ul>\n<h3 id=\"a5\" class=\"template-subtitle\">Why Iran?</h3>\n<p class=\"paragraph-medium paragraph-black template-p\">Aside from <strong>affordable prices</strong> for infertility treatment in Iran (compared to other countries), there are a number of other reasons that you&rsquo;d better consider visiting this country to find the best treatment awaiting you:</p>\n<ul class=\"template-ul\">\n<li>Advanced treatment for infertility</li>\n<li>Knowledgeable and experienced specialists</li>\n<li>Well-equipped hospitals and laboratories</li>\n<li>Beautiful attractions to visit while you are in the city</li>\n</ul>\n</div>','categories/September2019/X5zA7KdrHpYpb80UOwnU.jpg',NULL,'Male infertility refers to weakness in Male reproductive system and to those factors and problems associated with that. Male infertility can have many different causes',0,'categories/September2019/rzSJsPqrVNs1yhqwPm0Y.jpg'),(62,13,1,'Breast Reduction','breast-reduction','2019-08-04 05:50:18','2019-11-26 08:17:26','<div id=\"template-content\" class=\"mceTmpl\">\n<ul>\n<li><a href=\"#a1\">What is Breast Reduction Surgery?</a></li>\n<li><a href=\"#a2\">Why Choose Iran for Breast Reduction?</a></li>\n<li><a href=\"#a3\">Why Choose MedTourIran?</a></li>\n<li><a href=\"#a4\">Breast Reduction Risks</a></li>\n<li><a href=\"#a5\">Breast Reduction Preparations</a></li>\n<li><a href=\"#a6\">Recovery from Breast Reduction Surgery</a></li>\n<li><a href=\"#a7\">Non-Surgical Breast Reduction Surgery</a></li>\n<li><a href=\"#a8\">Breast Reduction Surgery Costs</a></li>\n</ul>\n<h3 id=\"a1\" class=\"template-subtitle\">&nbsp;What is Breast Reduction Surgery?</h3>\n<p class=\"paragraph-medium paragraph-black template-p\"><strong>Breast reduction surgery</strong> or <strong>reduction mammoplasty</strong> is a procedure aimed to reduce the size of the breasts by removing excess fat, tissue, and skin. Sometimes, extremely large breasts will cause women to lose confidence and even cause neck and back pain and other physical symptoms. These factors may be why some consider <strong>Breast reduction surgery</strong>. Even men suffering from gynecomastia can get this surgery. So <strong>Breast reduction surgery</strong> isn\'t just a cosmetic surgery and can have medical purposes as well. To get the most out of a <strong>Breast reduction surgery,</strong> and have a natural outcome, your BMI must not be higher than 35. <strong>Breast reduction surgery</strong> usually includes a<strong> Breast Lift</strong> too.</p>\n<h3 id=\"a2\" class=\"template-subtitle\">Why Choose Iran for Breast Reduction Surgery?</h3>\n<p class=\"paragraph-medium paragraph-black template-p\">You may wonder if it\'s reasonable to travel to another country for plastic surgery? It only makes sense if the surgery is performed with the same quality but at a lower price. The surgeons in Iran are well educated, highly experienced, and the success rate of plastic surgeries in Iran is very high. Because not only Iran has very top surgeons but also modern clinic and hospitals. Due to economic factors, the costs of surgeries in Iran are more affordable and lower than other countries such as the UK, USA, Mexico, and Canada. The rich culture of Iran, its history, hospitable people, and excellent cuisine also make Iran an excellent tourism destination. So, Iran is one of the best choices for medical tourism.</p>\n<h3 id=\"a3\" class=\"template-subtitle\"><span style=\"font-size: 18.72px;\">Why Choose MedTourIran?</span></h3>\n<p class=\"paragraph-medium paragraph-black template-p\"><strong>MedTourIran</strong> has been established in Iran as the biggest center offering medical, surgery, and cosmetic services. This company provides high-quality services at affordable prices using qualified medical experts, advanced clinics, and hospitals. Our main goal&nbsp;is to prevent dealers who despite receiving high rates, link people to unreliable and incompetent centers.&nbsp;</p>\n<h3 id=\"a4\" class=\"template-subtitle\">Breast Reduction Surgery Risks</h3>\n<p class=\"paragraph-medium paragraph-black template-p\">As with any other major surgery, <strong>Breast reduction</strong> also carries risks such as:</p>\n<ul class=\"template-ul\">\n<li>Bleeding</li>\n<li>Infection</li>\n<li>Anesthesia risks</li>\n<li>Bruising or scarring</li>\n<li>Difficulty or not being able to breastfeed</li>\n<li>Asymmetrical breast</li>\n</ul>\n<h3 id=\"a5\" class=\"template-subtitle\">Breast Reduction Surgery Preparations</h3>\n<p class=\"paragraph-medium paragraph-black template-p\">Before having<strong> Breast reduction surgery,</strong> there are a few things you must do:</p>\n<ul>\n<li class=\"paragraph-medium paragraph-black template-p\">Your surgeon will evaluate your overall health and medical history</li>\n<li class=\"paragraph-medium paragraph-black template-p\">Your surgeon will also walk you through the procedure and discuss the risks and the benefits of <strong>breast reduction</strong></li>\n<li class=\"paragraph-medium paragraph-black template-p\">Your breast will be examined, measured, and photographed for medical record</li>\n</ul>\n<p>Before <strong>Breast reduction surgery</strong>, you should stop smoking and avoid taking aspirin because it may increase bleeding. You may be asked to take various lab tests. If you are not staying at the hospital, you should arrange for someone to take you home and stay with you for at least one night.</p>\n<h3 id=\"a6\" class=\"template-subtitle\">Recovery from Breast Reduction Surgery</h3>\n<p class=\"paragraph-medium paragraph-black template-p\">After the surgery, your surgeon will cover your breasts with bandages, and prescribe painkillers and antibiotics to reduce the risk of infection. For the first few days, your breasts will probably feel sensitive and might swell and bruise. It usually takes about 2-6 weeks to recover from <strong>Breast reduction surgery,</strong> and you need to limit your physical activity for the first 2-4 weeks. You should rest as much as possible, watch TV or read a good book. The scars will fade over time but won\'t completely disappear. You may experience some temporary side effects during the first few months like numbness.</p>\n<h3 id=\"a7\" class=\"template-subtitle\">Non-Surgical Breast Reduction Surgery</h3>\n<p class=\"paragraph-medium paragraph-black template-p\">You can reduce the size of your breasts by one or two cup sizes using <strong>Power-Assisted Liposuction</strong> (PAL). This approach is less invasive and safer than surgery and can be very helpful. <strong>Non-surgical Breast Reduction</strong> is usually performed under general anesthesia. This approach can make your breast smaller and lighter without changing their natural shape, and most patients can return to their daily activities the following day.</p>\n<h3 id=\"a8\" class=\"template-subtitle\">Breast Reduction Surgery Costs</h3>\n<p class=\"paragraph-medium paragraph-black template-p\">The price of<strong> Breast reduction</strong> in Iran starts from $800, but this surgery\'s price in India starts from $2500. <strong>Breast reduction surgery</strong> averagely costs around $3700, $5600, and $8100 in Turkey, USA, and the UK, respectively. Also, the costs range from about $1570 in Bulgaria to $5000 in Spain. Considering the prices and the quality of the services offered in Iran, this country can be the best option for this surgery and medical tourism in general.</p>\n</div>','categories/September2019/3EkEPuXueIDOiHM1gWIb.jpg',NULL,'Breast reduction surgery or reduction mammoplasty is a procedure aimed to reduce the size of the breasts by removing excess fat, tissue, and skin. Sometimes, extremely large breast will cause women to lose confidence and even cause neck and back pain and other physical symptoms. These factors may be why some consider Breast reduction surgery. Even men suffering from gynecomastia can get this surgery. So Breast reduction surgery isn’t just a cosmetic surgery and can have medical purposes. To get the most out of a Breast reduction surgery and have a natural outcome, your BMI must not be higher than 35. Breast reduction surgery usually includes a Breast Lift too.',0,'categories/September2019/jcks6NT83zxj1pUheq8t.jpg');
/*!40000 ALTER TABLE `categories` ENABLE KEYS */;
UNLOCK TABLES;

--
-- Table structure for table `cities`
--

DROP TABLE IF EXISTS `cities`;
/*!40101 SET @saved_cs_client     = @@character_set_client */;
/*!40101 SET character_set_client = utf8 */;
CREATE TABLE `cities` (
  `id` int(10) unsigned NOT NULL AUTO_INCREMENT,
  `title` varchar(191) COLLATE utf8mb4_unicode_ci NOT NULL,
  `description` longtext COLLATE utf8mb4_unicode_ci,
  `created_at` timestamp NULL DEFAULT NULL,
  `updated_at` timestamp NULL DEFAULT NULL,
  `image` varchar(255) COLLATE utf8mb4_unicode_ci DEFAULT NULL,
  `excerpt` mediumtext COLLATE utf8mb4_unicode_ci,
  `slug` varchar(255) COLLATE utf8mb4_unicode_ci DEFAULT NULL,
  `icon` varchar(255) COLLATE utf8mb4_unicode_ci DEFAULT NULL,
  `address` tinytext COLLATE utf8mb4_unicode_ci,
  `phone` varchar(255) COLLATE utf8mb4_unicode_ci DEFAULT NULL,
  `grand_background` varchar(255) COLLATE utf8mb4_unicode_ci DEFAULT NULL,
  PRIMARY KEY (`id`)
) ENGINE=InnoDB AUTO_INCREMENT=4 DEFAULT CHARSET=utf8mb4 COLLATE=utf8mb4_unicode_ci;
/*!40101 SET character_set_client = @saved_cs_client */;

--
-- Dumping data for table `cities`
--

LOCK TABLES `cities` WRITE;
/*!40000 ALTER TABLE `cities` DISABLE KEYS */;
INSERT INTO `cities` VALUES (1,'Tehran','<div id=\"template-content\" class=\"mceTmpl\">\n<ul>\n<li><a href=\"#a1\">Tehran</a></li>\n<li><a href=\"#a2\">Clinics and hospitals in Tehran</a></li>\n<li><a href=\"#a3\">Attractions of Tehran&nbsp;</a></li>\n</ul>\n<h3 id=\"a1\" class=\"template-subtitle\">Tehran</h3>\n<p class=\"paragraph-medium paragraph-black template-p\">Tehran is the capital and most populated city of Iran. Tehran is one of the most important tourism cities in Iran. The Azadi Tower and The Milad Tower are two symbols of Tehran. Agha Mohammad Khan of the Qajar dynasty was the first one to choose this city as the capital of Iran. Some of the famous landmarks of this city are:</p>\n<ul class=\"template-ul\">\n<ul class=\"template-ul\">\n<li><strong>The Azadi Tower:</strong> This tower was built by Mohammad Reza Shah\'s command in 1971.</li>\n</ul>\n</ul>\n<ul class=\"template-ul\">\n<ul class=\"template-ul\">\n<li><strong>The Milad Tower: </strong>This tower was built in 2006 and is the world\'s sixth-tallest self-supporting tower.</li>\n</ul>\n</ul>\n<ul class=\"template-ul\">\n<ul class=\"template-ul\">\n<li><strong>The Tabiat Bridge: </strong>The Tabiat Bridge is a unique model in the middle east and is the biggest non-vehicular traffic bridge in Iran. This bridge is an eco-friendly structure and connects Taleqani and Ab-o-Atash parks.</li>\n</ul>\n</ul>\n<h3 id=\"a2\" class=\"template-subtitle\">Clinics and Hospitals in Tehran</h3>\n<p class=\"paragraph-medium paragraph-black template-p\">Tehran is the most modern city of Iran, and many advanced clinic and hospitals are located in this city. These medical centers include:</p>\n<ul class=\"template-ul\">\n<ul class=\"template-ul\">\n<li><strong>Basir Eye Center:</strong> With more than two decades of experience in diagnosis, treatment, and performing specialized eye surgeries, Basir Eye Center is one of the best in its field. This center uses the most up to date equipment in ophthalmology and offers high-quality services at affordable prices.</li>\n</ul>\n</ul>\n<ul class=\"template-ul\">\n<ul class=\"template-ul\">\n<li><strong>Behsima Beauty Clinic: </strong>Behsima Beauty Clinic is one of the most equipped centers of Iran, focusing on skin conditions and hair loss. To keep their services suitable and high quality, this center only collaborates with renowned doctors, and experienced, and well-educated dermatologists.</li>\n</ul>\n</ul>\n<ul class=\"template-ul\">\n<li>Erfan hospital</li>\n<li>Iran Novin clinic</li>\n<li>Mahan orthopedic clinic</li>\n<li>Negah eye center</li>\n<li>Moheb Mehr hospital</li>\n</ul>\n<h3 id=\"a3\" class=\"template-subtitle\">Attractions of Tehran</h3>\n<p class=\"paragraph-medium paragraph-black template-p\">There are many mansions and palaces in Tehran which date back to the Qajar and the Safavid period. Also, you can find many old and historical schools and churches in this city. Here are some of the attractions you can visit during your stay in Tehran:</p>\n<ul class=\"template-ul\">\n<ul class=\"template-ul\">\n<li><strong>Golestan Palace:</strong> Golestan palace dates back to the Safavid period but was more important during Agha Mohammad Khan\'s era. When Agha Mohammad Khan chose Tehran as his capital, Golestan palace became the official residence of the Qajar dynasty. This palace was used for formal royal receptions during the Pahlavi era such as the coronation of Reza Shah and Mohammad Reza Shah. The Marble Throne, Karim Khani Nook, Mirror Hall, Diamond Hall are some of the structures in Golestan palace complex.</li>\n</ul>\n</ul>\n<ul class=\"template-ul\">\n<ul class=\"template-ul\">\n<li><strong>Sa\'dabad Complex: </strong>This complex dates back to the Qajar period. Reza Shah Lived there in the 1920s, and his son (Mohammad Reza Shah) moved there in the 1970s. After the revolution, the complex became a public museum. The Office of the President of the Islamic Republic of Iran is currently using some parts of the complex. Sa\'dabad complex includes 18 different palaces and structures.</li>\n</ul>\n</ul>\n<ul class=\"template-ul\">\n<ul class=\"template-ul\">\n<li><strong>Niavaran Complex: </strong>This complex contains several buildings and monuments that date back to the Qajar and Pahlavi eras. There is a private library in this historical complex which consists of 23,000 books. The Niavaran complex also includes The Saheb Qaranie, Ahmad Shahi Pavilion, and The Niavaran mansion.</li>\n</ul>\n</ul>\n<ul class=\"template-ul\">\n<ul class=\"template-ul\">\n<li><strong>Eram Amusement Park: </strong>Eram amusement park is the largest theme park in Iran, and it is located on the Tehran-Karaj freeway. This park covers an area of 70 hectares and consists of more than 120 devices, a zoo, a lake, and various restaurants and cafes.</li>\n</ul>\n</ul>\n<ul class=\"template-ul\">\n<ul class=\"template-ul\">\n<li><strong>Mellat Park: </strong>This park is one of the largest green spaces in Iran, and it is located north of Tehran. One of the first musical fountains in Tehran is in this park. Mellat park also includes playgrounds, cafes, snack bars, and a Cineplex.</li>\n</ul>\n</ul>\n<ul class=\"template-ul\">\n<ul class=\"template-ul\">\n<li><strong>Chitgar Lake: </strong>Chitgar lake (also known as the Lake of the Martyrs of the Persian Gulf) is an artificial lake located north of Chitgar park. This complex covers a total area of 250 hectares (the Lake itself covers 130 hectares). The Lake also has a stony shore so you can walk there bare-footed and enjoy the lovely weather and view.</li>\n</ul>\n</ul>\n<ul class=\"template-ul\">\n<ul class=\"template-ul\">\n<li><strong>Tehran Grand Bazaar: </strong>Tehran Grand Bazaar is an old and historical bazaar in Tehran. It consists of several long corridors (some over 10 kilometers), and each corridor contains different types of goods like clothing, carpets, jewelry, etc.</li>\n</ul>\n</ul>\n<ul class=\"template-ul\">\n<ul class=\"template-ul\">\n<li><strong>Tochal Complex: </strong>Located north of Tehran, Tochal complex consists of many sports and recreational facilities. Tochal Telecabin is 7500 meters long and is one of the world\'s longest gondola lift lines. It is used to access ski resorts and other centers on the mountain. The lift has four stations, and the last station, which is known as \'station 7\' is at 3470m. This station is in the middle of the Tochal ski slope.</li>\n</ul>\n</ul>\n</div>','2019-06-30 07:12:00','2019-09-27 11:11:38','cities/August2019/0kai2uxVgARSNxCYia2W.jpg','Tehran is Iran’s capital and most populated city. Tehran is one of Iran’s most important tourism cities. The Azadi Tower and The Milad Tower are two symbols of Tehran. Agha Mohammad Khan of the Qajar dynasty was the first one to choose this city as the capital of Iran.','tehran','cities/July2019/D4JZGuvKjsKzLBPNPSnK.png','Tehran, Sharif Technology Services Complex,Sharif University of Technology','+98 936 540 4803','cities/August2019/JBpLUYfvHZr7peXS6l4s.jpg'),(2,'Mashhad','<div id=\"template-content\" class=\"mceTmpl\">\n<ul>\n<li><a href=\"#a1\">About Mashhad</a></li>\n<li><a href=\"#a2\">Favorite Tourist Destinations of Mashhad</a></li>\n</ul>\n<h3 id=\"a1\" class=\"template-subtitle\">About Mashhad</h3>\n<p class=\"paragraph-medium paragraph-black template-p\"><strong>Mashhad</strong> is a city in northeast Iran, centered on the Holy Shrine of Imam Reza and known as Iran&rsquo;s spiritual capital. After <strong>Tehran</strong>, <strong>Mashhad</strong> is the second biggest city in Iran and receives more than two million pilgrims from abroad every year. Some of Mashhad&rsquo;s souvenirs are:</p>\n<ul class=\"template-ul\">\n<li>Leather</li>\n<li>Saffron</li>\n<li>Rock candy</li>\n<li>Barberry</li>\n<li>Turquoise</li>\n<li>Silver jewelry</li>\n</ul>\n<h3 id=\"a2\" class=\"template-subtitle\"><span style=\"font-size: 18.72px;\">Favorite Tourist Destinations of Mashhad</span></h3>\n<p class=\"paragraph-medium paragraph-black template-p\">The Holy Shrine of Imam Reza and many historical and recreational attractions have made Mashhad one of the favorite tourist destinations in Iran. Here are some places to visit while you are in Mashhad:</p>\n<ul class=\"template-ul\">\n<li><strong>&nbsp;Imam Reza Shrine: </strong>One of the most glorious and holy buildings of Iran, and the pilgrimage destination for all Muslims. With golden domes and floodlit minarets, it is hard to miss. This complex contains the Goharshad Mosque, a museum, a library, four seminaries, and a cemetery. Imam Reza Shrine also contains seven courtyards (Sahn). From these courtyards, hallways lead to the inner areas of the mosque, called Bast (sanctuary). The Bast hallways lead to 21 internal halls surrounding the burial chamber.</li>\n</ul>\n<p><img class=\"img-fluid lazy\" style=\"display: block; margin-left: auto; margin-right: auto;\" title=\"holyshrine Mashhad\" src=\"/storage/cities/September2019/holyshrine_Mashhad_lg14.jpg\" alt=\"holyshrine Mashhad\" /></p>\n<ul class=\"template-ul\">\n<li><strong>Goharshad Mosque:</strong> This mosque dates back to the 15th-century and is one of the most famous mosques in Iran. This mosque is located next to Imam Reza Holy Shrine. Goharshad mosque includes a courtyard, four porches, seven prayer halls and two minarets with the height of 40 meters.</li>\n<li><strong>Water Waves Land: </strong>If you love water and a thrilling experience, this is the place to go. This complex includes a big pool, saunas, Jacuzzi, spa and an artificial wavy beach and many exciting instruments and there is a different hall for ladies. This complex will be fun for the whole family because it also has a kids&rsquo; area. Water Waves land is approximately 40 minutes from Imam Reza Shrine.&nbsp;</li>\n</ul>\n<p><img class=\"img-fluid lazy\" style=\"display: block; margin-left: auto; margin-right: auto;\" title=\"mojhaye abi\" src=\"/storage/cities/August2019/download (3)2.jpg\" alt=\"mojhaye abi\" /></p>\n<ul class=\"template-ul\">\n<li><strong>Mellat Amusement Park: </strong>Containing the biggest carousel in the middle-east, and easily accessed via the subway. This park is one of the biggest and most popular parks in Iran and if you go there you&rsquo;ll know why. Everyone can have a good time at this place and usually spend up to 3 hours there.</li>\n<li><strong>Koohsangi Park: </strong>Koohsangi means stony mountain in Persian and after Mellat amusement park, Koohsangi park is the biggest park in Mashhad. This park also has a restaurant, a pool, and a handicrafts store. Koohsangi park is one the most beautiful parks in Iran. This park is named because there are two rocky mountains located south of Mashhad overlooking the city. This park is most famous for the amazing scenery and nice weather. If you are planning to travel to Mashhad it is highly recommended that you spend a magical evening here.</li>\n</ul>\n<p><img class=\"img-fluid lazy\" style=\"display: block; margin-left: auto; margin-right: auto;\" title=\"koohsangi mashhad\" src=\"/storage/cities/August2019/download1.jpg\" alt=\"koohsangi mashhad\" width=\"275\" height=\"183\" /></p>\n<ul class=\"template-ul\">\n<li><strong>Vakilabad Park:</strong> Vakilabad park is one of the old and very beautiful locations in Mashhad. The nice weather and the pleasant scenery has made this park a favorite destination for both tourists and townspeople. Also, the only zoo in Mashhad is in Vakilabad park.</li>\n<li><strong>Professor Bazima Scientific Park:</strong> Professor Bazima scientific park is the first theme park opened in Iran. Walking in this park is like being in the middle of a scientific book, and learning about the birth of the universe, the cosmos, living creatures, and the human body. This place is an excellent choice if you want to mix fun and education.</li>\n<li><strong>Gonbad Sabz (The green dome):</strong> Gonbad Sabz is named after its green dome and dates back to the Safavid period. This landmark is the tomb of scholar Momen Mashhadi and it is a very pretty sight in the middle of the city.</li>\n<li><strong>Haft Hoz Tourism Zone:</strong> Haft Hoz (&lsquo;Seven Ponds&rsquo; in English) is among breathtaking natural attractions of Mashhad. It\'s located at the heart of a mountain about 9 kilometers from the city. This region contains seven natural ponds formed by erosion and will give you an amazing peace with the relaxing sounds of water streams.&nbsp;</li>\n<li><strong>Chalidarreh Tourist Complex:</strong> This complex is approximately 30 minutes away from Mashhad and is one of the most important tourist zones of the city. Chalidarreh complex includes restaurants, pedal boats, telesiyej, telecabine, and bungee jumping.&nbsp;</li>\n<li><strong>Shandiz:</strong> Many people visit here for the tall trees and wildflowers. Apart from the amazing sights, you should definitely visit the restaurants there for the famous Shashlik kabab.</li>\n<li><strong>Kong Village:</strong> This historical village is about 30 kilometers away from Mashhad and dates back to before Islam. It is located on the hillside of Mount Binalud and it\'s unique in terms of architectural structure and beauty. Also, there are many fruit trees and herbal medicines in this village including cherry and sour cherry trees.</li>\n<li><strong>Babaghodrat Caravanserai:</strong> Babaghodrat tourism complex dates back to the Qajar period and includes a traditional teahouse, restaurant, and a market.</li>\n<li><strong>Tomb of Ferdowsi:</strong> Ferdowsi was a Persian poet and Shahnameh&rsquo;s author. (Shahname means the book of kings in Persian.). Ferdowsi is the most influential figure in Persian literature. Ferdowsi&rsquo;s tomb is located in Tus, which is approximately 50 minutes away from Mashhad. It was built in the early 1930s by the order of Reza Shah to honor Ferdowsi and his contributions.</li>\n</ul>\n</div>','2019-06-30 07:20:00','2019-09-28 13:39:07','cities/July2019/JE5nq7Q9sq2NdWoOvyUV.jpg','Mashhad is a city in northeast Iran, centered on the Holy Shrine of Imam Reza and known as Iran’s spiritual capital. After Tehran, Mashhad is the second biggest city in Iran and receives more than two million pilgrims from abroad every year','mashhad','cities/July2019/tKuB2F6tVvzUoHCMp1iz.png','Mashhad, Imam Khomeini 14 Street, Sarab 6/1, House No. 146/1','+98 902 500 9799','cities/August2019/bVPnYPwHmFhfMFphZ8ix.jpg'),(3,'Shiraz','<div id=\"template-content\" class=\"mceTmpl\">\n<ul>\n<li><a href=\"#a1\">About Shiraz</a></li>\n<li><a href=\"#a2\">Hotels of MedtourIran in Shiraz</a></li>\n<li><a href=\"#a3\">Clinic and Hospitals of MedTourIran in Shiraz</a></li>\n<li><a href=\"#a4\">Attractions and Landmarks of Shiraz</a></li>\n</ul>\n<h3 id=\"a1\" class=\"template-subtitle\">About Shiraz</h3>\n<p class=\"paragraph-medium paragraph-black template-p\"><strong>Shiraz</strong> is the capital of Fars province and the fifth most populated city in Iran. This city is located in the southwest of Iran and has a moderate climate. <strong>Shiraz</strong> was the capital of Persia during the Zand dynasty. <strong>Shiraz</strong> is called the cultural capital of Iran, and also is known as the city of poets, flowers, and literature. Hafez and Saadi are two world-renowned poets who are from <strong>Shiraz, </strong>and their tombs are located in this city. Some of the souvenirs of <strong>Shiraz</strong> are:</p>\n<ul>\n<li class=\"paragraph-medium paragraph-black template-p\">Carpets and rugs</li>\n<li class=\"paragraph-medium paragraph-black template-p\">Gelim and Gabbeh</li>\n<li class=\"paragraph-medium paragraph-black template-p\">Distillates</li>\n<li class=\"paragraph-medium paragraph-black template-p\">Woodcarving</li>\n<li class=\"paragraph-medium paragraph-black template-p\">Shiraz Meskhetian</li>\n<li class=\"paragraph-medium paragraph-black template-p\">Faloodeh</li>\n<li class=\"paragraph-medium paragraph-black template-p\">Shiraz Yukhe bread</li>\n</ul>\n<h3 id=\"a2\" class=\"template-subtitle\">Hotels of MedTourIran in Shiraz</h3>\n<ul class=\"template-ul\">\n<li><strong>Chamran Grand Hotel (Five-star)</strong>: This hotel is 30 stories high and has a fantastic view of the beautiful city of <strong>Shiraz</strong> and its gardens. This hotel contains a coffee shop, an Italian restaurant, and a traditional Persian restaurant. Also, there is a well-equipped gym, pool, sauna, jacuzzi, etc. in the hotel. <a class=\"imp\" href=\"https://medtouriran.com/en/services/hotels/26/chamran-grand-hotel-shiraz\">Read More</a></li>\n<li class=\"paragraph-medium paragraph-black template-p\"><strong>Shiraz Grand Hotel (Five-star)</strong>: This hotel has the advantage of being close to <strong>Shiraz</strong> gardens and historical landmarks like the tomb of Hafez. This hotel has a coffee shop, an Italian restaurant, a Persian restaurant, a barbershop, and a women\'s beauty salon. Shiraz Grand hotel also includes a sport complex with a gym, sauna, pool, etc.<a class=\"imp\" href=\"https://medtouriran.com/en/services/hotels/26/chamran-grand-hotel-shiraz\">Read More</a></li>\n<li class=\"paragraph-medium paragraph-black template-p\"><strong>Zandieh Hotel (Five-star)</strong>: Zandieh hotel is one of the best hotels in <strong>Shiraz</strong> and includes a traditional Persian bath, a sports complex, and a handicrafts gallery. This hotel is also very close to some of Shiraz historical places like the Vakil Bazaar and Karim Khan Citadel.<a class=\"imp\" href=\"medtouriran.com/en/services/hotels/17/zandieh-hotel\">Read More</a></li>\n</ul>\n<h3 id=\"a3\" class=\"template-subtitle\">Clinic and Hospitals of MedtourIran in Shiraz</h3>\n<ul class=\"template-ul\">\n<li><strong>Shiraz Central Hospital (MRI Hospital)</strong>: This hospital is one of the most specialized hospitals in <strong>Shiraz</strong> <a class=\"imp\" href=\"https://medtouriran.com/en/services/medical-centers/19/shiraz-central-hospital\">Read More</a> . Some of this hospital\'s departments are:\n<ul class=\"template-ul\">\n<li class=\"paragraph-medium paragraph-black template-p\">Cardiology</li>\n<li class=\"paragraph-medium paragraph-black template-p\">ENT</li>\n<li class=\"paragraph-medium paragraph-black template-p\">Neurology</li>\n<li class=\"paragraph-medium paragraph-black template-p\">Orthopedics</li>\n<li class=\"paragraph-medium paragraph-black template-p\">Infertility</li>\n</ul>\n</li>\n</ul>\n<ul class=\"template-ul\">\n<li><strong>Dr.Khodadoust Hospital</strong>: Dr.Khodadoust hospital is one of the best-equipped and most advanced eye centers in <strong>Shiraz</strong>. Dr.Khodadoust himself is a world-renowned ophthalmologist. This hospital only employs well-educated and experienced surgeons and specialists. <a class=\"imp\" href=\"https://medtouriran.com/en/services/medical-centers/13/mstshf-ala-wn-d-twr-khdadwst\">Read More</a></li>\n</ul>\n<h3 id=\"a4\" class=\"template-subtitle\">Attractions and Landmarks of Shiraz</h3>\n<ul class=\"template-ul\">\n<li class=\"paragraph-medium paragraph-black template-p\"><strong>Nasir-ol-Molk Mosque</strong>: Nasir al-Molk (Nasir-ol-Molk) mosque is also known as the Pink mosque and dates back to the Qajar period. This mosque is one of the most beautiful buildings you will ever see. Extensive colored glasses are used in this mosque. These colored glasses create a fantastic view, and thus the name \"Pink Mosque.\" If you want to go there, make sure you do it in the early morning. Otherwise, you will miss the unique scenery which the light makes in the mosque when passing through the glasses.</li>\n<li class=\"paragraph-medium paragraph-black template-p\"><strong>Tomb of Hafez (Hafezieh):</strong> Hafezieh, also known as the Tomb of Hafez, was built in the memory of Hafez (famous Persian poet). Apart from the tomb itself, Hafezieh is a beautiful place with tall trees, colorful flowers, and gardens. Hafezieh has always been one of the main attractions of <strong>Shiraz</strong>.</li>\n<li class=\"paragraph-medium paragraph-black template-p\"><strong>Tomb of Saadi:</strong> Tomb of Saadi is also known as \"Saadie\". and it is dedicated to the Persian poet Saadi. There are many graves around the tomb which belong to great men who were buried there by their own will. Shouride Shirazi is among these men. There is a small pool containing colorful and beautiful fishes in the basement of the tomb.</li>\n<li class=\"paragraph-medium paragraph-black template-p\"><strong>Eram Garden:</strong> Eram garden is known as \"Bagh-e Eram\" in Persian, and it is one of the most beautiful gardens in Iran. The structure underwent renovation during the Zand and Qajar dynasties and now is under the protection of Iran Cultural Heritage Organization.</li>\n<li class=\"paragraph-medium paragraph-black template-p\"><strong>Persian Gulf Complex:</strong> After Iran Mall, The Persian Gulf Complex is the biggest mall in Iran in terms of shops. This complex is also the 12th largest shopping mall in the world and contains an indoor, and an outdoor pool, two amusement parks, and six cinemas. There also is a hypermarket located within the mall.</li>\n<li class=\"paragraph-medium paragraph-black template-p\"><strong>Afif Abad Garden:</strong> This complex contains a former royal mansion, a Persian garden, and a historical weapons museum. Afif Abad Garden probably dated back to the Qajar period and was used by the Safavid kings as a palace. Afif Abad garden is one of the most beautiful and historic gardens in <strong>Shiraz</strong>.</li>\n<li class=\"paragraph-medium paragraph-black template-p\"><strong>Qur\'an Gate:</strong> Qur\'an gate used to be one the entrances of <strong>Shiraz,</strong> and it was built during the Buyid dynasty and restored during the Zand dynasty. When restored two Qur\'ans were placed in a room on top so people would pass under them and receive the blessings of the holy books, and thus the name Qur\'an Gate. During the Qajar dynasty, several earthquakes damaged this gate, but it was later restored. In 1937 the two Qur\'ans were taken to the Pars Museum in <strong>Shiraz</strong>. Currently, the road to <strong>Shiraz</strong> is located next to this gate, and many tourists spend their free time there.</li>\n<li class=\"paragraph-medium paragraph-black template-p\"><strong>Delgosha Garden:</strong> Delgosha Garden is the other one of the historical gardens in <strong>Shiraz,</strong> and it is close to the tomb of Saadi. This garden dates back to the pre-Islamic era of the Sasanian dynasty. Delgosha Garden was one of the important gardens during the Safavid period, but some of the buildings were added during the Qajar dynasty. This garden contains many orange and sour orange trees and counts as one of the best tourist places in <strong>Shiraz</strong>.</li>\n<li class=\"paragraph-medium paragraph-black template-p\"><strong>Arg of Karim Khan (Karim Khan Citadel):</strong> Arg of Karim Khan was built by Karim Khan order during the Zand dynasty, and was used as living quarters. Karim Khan Citadel was both the home of Karim Khan and the military center of the Zand dynasty. Sometimes it was used as a prison, but today it is a museum under the protection of Iran Cultural Heritage Organization.</li>\n<li class=\"paragraph-medium paragraph-black template-p\"><strong>Vakil Bazaar:</strong> Vakil was the title used by Karim Khan of the Zand dynasty which means regent. Karim Khan chose this title because he didn\'t think of himself as people\'s king. Vakil Bazaar is one of the most famous historical and traditional bazaars of Iran. This bazaar is one of the best places in <strong>Shiraz</strong> to buy anything, from Persian rugs to spices, handicrafts, and antiques. It also contains stunning courtyards and old shops.</li>\n<li class=\"paragraph-medium paragraph-black template-p\"><strong>Vakil Bath:</strong> Vakil bath is known as Hamam-e Vakil among Persians. It was built by order of Karim Khan, and it is located west of Vakil mosque.&nbsp;</li>\n<li class=\"paragraph-medium paragraph-black template-p\"><strong>Vakil Mosque:</strong> Vakil mosque is known as Masjed-e Vakil among Persians, and as you might have guessed it too was built by order of Karim Khan. It was restored during the Qajar period.&nbsp;</li>\n</ul>\n</div>','2019-06-30 07:13:00','2019-09-28 14:08:33','cities/July2019/Wf4AnHP3YO9rwt4VpKmL.jpg','Shiraz is the capital of Fars province and the fifth most populated city in Iran. This city is located in the southwest of Iran and has a moderate climate. Shiraz was the capital of Persia during the Zand dynasty. Shiraz is called the cultural capital of Iran and also is known as the city of poets, flowers, and literature. Hafez and Saadi are two world renowned poets who are from Shiraz and their tombs are located in this city. ','shiraz','cities/July2019/IFB9rhEclviCde8PV0Yl.png','Shiraz, Eram st, Shiraz University','+98 917 3514 515','cities/August2019/khFqolkm73mRGYf2tjwf.jpg');
/*!40000 ALTER TABLE `cities` ENABLE KEYS */;
UNLOCK TABLES;

--
-- Table structure for table `data_rows`
--

DROP TABLE IF EXISTS `data_rows`;
/*!40101 SET @saved_cs_client     = @@character_set_client */;
/*!40101 SET character_set_client = utf8 */;
CREATE TABLE `data_rows` (
  `id` int(10) unsigned NOT NULL AUTO_INCREMENT,
  `data_type_id` int(10) unsigned NOT NULL,
  `field` varchar(191) COLLATE utf8mb4_unicode_ci NOT NULL,
  `type` varchar(191) COLLATE utf8mb4_unicode_ci NOT NULL,
  `display_name` varchar(191) COLLATE utf8mb4_unicode_ci NOT NULL,
  `required` tinyint(1) NOT NULL DEFAULT '0',
  `browse` tinyint(1) NOT NULL DEFAULT '1',
  `read` tinyint(1) NOT NULL DEFAULT '1',
  `edit` tinyint(1) NOT NULL DEFAULT '1',
  `add` tinyint(1) NOT NULL DEFAULT '1',
  `delete` tinyint(1) NOT NULL DEFAULT '1',
  `details` text COLLATE utf8mb4_unicode_ci,
  `order` int(11) NOT NULL DEFAULT '1',
  PRIMARY KEY (`id`),
  KEY `data_rows_data_type_id_foreign` (`data_type_id`),
  CONSTRAINT `data_rows_data_type_id_foreign` FOREIGN KEY (`data_type_id`) REFERENCES `data_types` (`id`) ON DELETE CASCADE ON UPDATE CASCADE
) ENGINE=InnoDB AUTO_INCREMENT=289 DEFAULT CHARSET=utf8mb4 COLLATE=utf8mb4_unicode_ci;
/*!40101 SET character_set_client = @saved_cs_client */;

--
-- Dumping data for table `data_rows`
--

LOCK TABLES `data_rows` WRITE;
/*!40000 ALTER TABLE `data_rows` DISABLE KEYS */;
INSERT INTO `data_rows` VALUES (1,1,'id','number','ID',1,0,0,0,0,0,NULL,1),(2,1,'name','text','Name',1,1,1,1,1,1,NULL,2),(3,1,'email','text','Email',1,1,1,1,1,1,NULL,3),(4,1,'password','password','Password',1,0,0,1,1,0,NULL,4),(5,1,'remember_token','text','Remember Token',0,0,0,0,0,0,NULL,5),(6,1,'created_at','timestamp','Created At',0,1,1,0,0,0,NULL,6),(7,1,'updated_at','timestamp','Updated At',0,0,0,0,0,0,NULL,7),(8,1,'avatar','image','Avatar',0,1,1,1,1,1,NULL,8),(9,1,'user_belongsto_role_relationship','relationship','Role',0,1,1,1,1,0,'{\"model\":\"TCG\\\\Voyager\\\\Models\\\\Role\",\"table\":\"roles\",\"type\":\"belongsTo\",\"column\":\"role_id\",\"key\":\"id\",\"label\":\"display_name\",\"pivot_table\":\"roles\",\"pivot\":0}',10),(10,1,'user_belongstomany_role_relationship','relationship','Roles',0,1,1,1,1,0,'{\"model\":\"TCG\\\\Voyager\\\\Models\\\\Role\",\"table\":\"roles\",\"type\":\"belongsToMany\",\"column\":\"id\",\"key\":\"id\",\"label\":\"display_name\",\"pivot_table\":\"user_roles\",\"pivot\":\"1\",\"taggable\":\"0\"}',11),(11,1,'locale','text','Locale',0,1,1,1,1,0,NULL,12),(12,1,'settings','hidden','Settings',0,0,0,0,0,0,NULL,12),(13,2,'id','number','ID',1,0,0,0,0,0,NULL,1),(14,2,'name','text','Name',1,1,1,1,1,1,NULL,2),(15,2,'created_at','timestamp','Created At',0,0,0,0,0,0,NULL,3),(16,2,'updated_at','timestamp','Updated At',0,0,0,0,0,0,NULL,4),(17,3,'id','number','ID',1,0,0,0,0,0,NULL,1),(18,3,'name','text','Name',1,1,1,1,1,1,NULL,2),(19,3,'created_at','timestamp','Created At',0,0,0,0,0,0,NULL,3),(20,3,'updated_at','timestamp','Updated At',0,0,0,0,0,0,NULL,4),(21,3,'display_name','text','Display Name',1,1,1,1,1,1,NULL,5),(22,1,'role_id','text','Role',1,1,1,1,1,1,NULL,9),(23,4,'id','number','ID',1,1,0,0,0,0,'{}',1),(24,4,'parent_id','select_dropdown','Parent',0,0,1,1,1,1,'{\"default\":\"\",\"null\":\"\",\"options\":{\"\":\"-- None --\"},\"relationship\":{\"key\":\"id\",\"label\":\"title\"}}',4),(25,4,'order','text','Order',1,0,1,1,1,1,'{\"default\":1}',6),(27,4,'slug','text','Slug',1,0,1,1,1,1,'{\"slugify\":{\"origin\":\"title\",\"forceUpdate\":true},\"validation\":{\"rule\":\"unique:categories,slug\"}}',3),(28,4,'created_at','timestamp','Created At',0,0,1,0,0,0,'{}',7),(29,4,'updated_at','timestamp','Updated At',0,0,0,0,0,0,'{}',8),(30,5,'id','number','ID',1,0,0,0,0,0,'{}',1),(31,5,'author_id','text','Author',1,0,1,1,0,1,'{}',2),(32,5,'category_id','text','Category',0,0,1,1,1,0,'{}',3),(33,5,'title','text','Title',1,1,1,1,1,1,'{}',4),(34,5,'excerpt','text_area','Excerpt',0,0,1,1,1,1,'{}',5),(35,5,'body','rich_text_box','Body',1,0,1,1,1,1,'{}',6),(36,5,'image','image','Post Image',0,1,1,1,1,1,'{\"resize\":{\"width\":\"1000\",\"height\":\"null\"},\"quality\":\"70%\",\"upsize\":true,\"thumbnails\":[{\"name\":\"medium\",\"scale\":\"50%\"},{\"name\":\"small\",\"scale\":\"25%\"},{\"name\":\"cropped\",\"crop\":{\"width\":\"300\",\"height\":\"250\"}}]}',8),(37,5,'slug','text','Slug',1,0,1,1,1,1,'{\"slugify\":{\"origin\":\"title\",\"forceUpdate\":true},\"validation\":{\"rule\":\"unique:posts,slug\"}}',10),(38,5,'meta_description','text_area','Meta Description',0,0,1,1,1,1,'{}',11),(39,5,'meta_keywords','text_area','Meta Keywords',0,0,1,1,1,1,'{}',12),(40,5,'status','select_dropdown','Status',1,1,1,1,1,1,'{\"default\":\"DRAFT\",\"options\":{\"PUBLISHED\":\"published\",\"DRAFT\":\"draft\",\"PENDING\":\"pending\"}}',13),(41,5,'created_at','timestamp','Created At',0,1,1,0,0,0,'{}',14),(42,5,'updated_at','timestamp','Updated At',0,0,0,0,0,0,'{}',15),(43,5,'seo_title','text','SEO Title',0,1,1,1,1,1,'{}',16),(44,5,'featured','checkbox','Featured',1,1,1,1,1,1,'{}',17),(45,6,'id','number','ID',1,0,0,0,0,0,'{}',1),(46,6,'author_id','text','Author',1,0,0,0,0,0,'{}',2),(47,6,'title','text','Title',1,1,1,1,1,1,'{}',3),(48,6,'excerpt','text_area','Excerpt',0,0,1,1,1,1,'{}',4),(49,6,'body','rich_text_box','Body',0,0,1,1,1,1,'{}',5),(50,6,'slug','text','Slug',1,0,1,1,1,1,'{\"slugify\":{\"origin\":\"title\"},\"validation\":{\"rule\":\"unique:pages,slug\"}}',7),(51,6,'meta_description','text','Meta Description',0,0,1,1,1,1,'{}',8),(52,6,'meta_keywords','text','Meta Keywords',0,0,1,1,1,1,'{}',9),(53,6,'status','select_dropdown','Status',1,1,1,1,1,1,'{\"default\":\"INACTIVE\",\"options\":{\"INACTIVE\":\"INACTIVE\",\"ACTIVE\":\"ACTIVE\"}}',10),(54,6,'created_at','timestamp','Created At',0,1,1,0,0,0,'{}',11),(55,6,'updated_at','timestamp','Updated At',0,0,0,0,0,0,'{}',12),(56,6,'image','image','Page Image',0,1,1,1,1,1,'{}',13),(57,4,'title','text','Title',1,1,1,1,1,1,'{}',2),(58,9,'id','text','Id',1,0,0,0,0,0,'{}',1),(59,9,'title','text','Title',0,1,1,1,1,1,'{}',2),(60,9,'icon','text','Icon',1,1,1,1,1,1,'{}',3),(61,9,'link','text','Link',0,1,1,1,1,1,'{}',4),(62,9,'order','text','Order',0,1,1,1,1,1,'{\"default\":1}',5),(63,9,'created_at','timestamp','Created At',0,0,1,0,0,0,'{}',6),(64,9,'updated_at','timestamp','Updated At',0,0,0,0,0,0,'{}',7),(65,10,'id','text','Id',1,0,0,0,0,0,'{}',1),(66,10,'icon','text','Icon',0,1,1,1,1,1,'{}',3),(67,10,'title','text','Title',0,1,1,1,1,1,'{}',2),(68,10,'body','text_area','Body',0,1,1,1,1,1,'{}',4),(69,10,'created_at','timestamp','Created At',0,1,1,1,0,1,'{}',7),(70,10,'updated_at','timestamp','Updated At',0,0,0,0,0,0,'{}',8),(71,12,'id','text','Id',1,0,0,0,0,0,'{}',1),(72,12,'title','text','Title',1,1,1,1,1,1,'{}',3),(73,12,'subtitle','text','Subtitle',0,1,1,1,1,1,'{}',4),(74,12,'link','text','Link',0,1,1,1,1,1,'{}',5),(75,12,'image','image','Image',0,1,1,1,1,1,'{\"quality\":\"70%\",\"upsize\":true,\"thumbnails\":[{\"name\":\"medium\",\"scale\":\"50%\"},{\"name\":\"small\",\"scale\":\"25%\"},{\"name\":\"cropped\",\"crop\":{\"width\":\"300\",\"height\":\"250\"}}]}',6),(76,12,'created_at','timestamp','Created At',0,0,1,1,0,1,'{}',7),(77,12,'updated_at','timestamp','Updated At',0,0,1,0,0,0,'{}',8),(78,12,'position','select_dropdown','Position',0,1,1,1,1,1,'{\"default\":\"left\",\"options\":{\"left\":\"left\",\"right\":\"right\",\"center\":\"center\"}}',9),(79,12,'order','number','Order',0,1,1,1,1,1,'{}',10),(80,4,'body','rich_text_box','Body',0,0,1,1,1,1,'{}',9),(81,4,'image','image','Image',0,1,1,1,1,1,'{\"resize\":{\"width\":\"1000\",\"height\":\"null\"},\"quality\":\"70%\",\"upsize\":true,\"thumbnails\":[{\"name\":\"medium\",\"scale\":\"50%\"},{\"name\":\"small\",\"scale\":\"25%\"},{\"name\":\"cropped\",\"crop\":{\"width\":\"300\",\"height\":\"250\"}}]}',10),(82,13,'id','text','Id',1,0,0,0,0,0,'{}',1),(83,13,'first_name','text','First Name',0,1,1,1,1,1,'{}',2),(84,13,'last_name','text','Last Name',0,1,1,1,1,1,'{}',3),(85,13,'country_code','text','Country Code',0,1,1,1,1,1,'{}',4),(86,13,'phone','text','Phone',0,1,1,1,1,1,'{}',5),(87,13,'email','text','Email',0,1,1,1,1,1,'{}',6),(88,13,'category_id','text','Category Id',0,1,1,1,1,1,'{}',7),(89,13,'created_at','timestamp','Created At',0,1,1,0,0,1,'{}',8),(90,13,'updated_at','timestamp','Updated At',0,0,0,0,0,0,'{}',9),(91,13,'request_belongsto_category_relationship','relationship','categories',0,1,1,1,1,1,'{\"model\":\"TCG\\\\Voyager\\\\Models\\\\Category\",\"table\":\"categories\",\"type\":\"belongsTo\",\"column\":\"category_id\",\"key\":\"id\",\"label\":\"title\",\"pivot_table\":\"banners\",\"pivot\":\"0\",\"taggable\":\"0\"}',10),(92,13,'message','text','Message',0,0,1,1,1,1,'{}',15),(93,4,'icon','text','Icon',0,0,1,1,1,1,'{}',12),(94,4,'excerpt','text_area','Excerpt',0,0,1,1,1,1,'{}',13),(95,12,'icon','text','Icon',0,0,1,1,1,1,'{}',2),(96,15,'id','text','Id',1,1,0,0,0,0,'{}',1),(97,15,'title','text','Title',0,1,1,1,1,1,'{}',2),(98,15,'image','image','Logo',1,1,1,1,1,1,'{}',3),(99,15,'link','text','Link',0,0,1,1,1,1,'{}',4),(100,15,'created_at','timestamp','Created At',0,1,1,1,0,1,'{}',5),(101,15,'updated_at','timestamp','Updated At',0,0,0,0,0,0,'{}',6),(102,16,'id','text','Id',1,1,0,0,0,0,'{}',1),(103,16,'title','text','Title',1,1,1,1,1,1,'{}',2),(104,16,'link','text','Link',0,1,1,1,1,1,'{}',3),(105,16,'created_at','timestamp','Created At',0,1,1,1,0,1,'{}',4),(106,16,'updated_at','timestamp','Updated At',0,0,0,0,0,0,'{}',5),(107,17,'id','text','Id',1,1,0,0,0,0,'{}',1),(108,17,'name','text','Name',0,1,1,1,1,1,'{}',2),(109,17,'about','text_area','About',0,0,1,1,1,1,'{}',6),(110,17,'testimonal','text_area','Testimonial  (youteube video id, separate by semi colon ; )',0,0,1,1,1,1,'{}',7),(111,17,'address','text','Address',0,0,0,0,0,0,'{}',8),(112,17,'phone','text','Phone',0,0,0,0,0,0,'{}',10),(113,17,'email','text','Email',0,0,0,0,0,0,'{}',11),(114,17,'website','text','Website',0,0,0,0,0,0,'{}',12),(115,17,'created_at','timestamp','Created At',0,0,1,1,0,1,'{}',18),(116,17,'updated_at','timestamp','Updated At',0,0,0,0,0,0,'{}',24),(117,17,'avatar','image','Avatar',0,1,1,1,1,1,'{\"resize\":{\"width\":\"800\",\"height\":\"null\"},\"quality\":\"70%\",\"upsize\":true,\"thumbnails\":[{\"name\":\"medium\",\"scale\":\"50%\"},{\"name\":\"small\",\"scale\":\"25%\"},{\"name\":\"cropped\",\"crop\":{\"width\":\"300\",\"height\":\"250\"}}]}',15),(118,17,'images','multiple_images','Images',0,0,1,1,1,1,'{\"resize\":{\"width\":\"800\"},\"quality\":\"70%\",\"upsize\":true,\"thumbnails\":[{\"name\":\"medium\",\"scale\":\"50%\"},{\"name\":\"small\",\"scale\":\"25%\"},{\"name\":\"cropped\",\"crop\":{\"width\":\"300\",\"height\":\"250\"}}]}',16),(120,17,'doctor_belongstomany_category_relationship','relationship','Specialties',0,1,1,1,1,1,'{\"model\":\"TCG\\\\Voyager\\\\Models\\\\Category\",\"table\":\"categories\",\"type\":\"belongsToMany\",\"column\":\"id\",\"key\":\"id\",\"label\":\"title\",\"pivot_table\":\"doctor_category\",\"pivot\":\"1\",\"taggable\":\"on\"}',13),(121,17,'order','number','Order',0,0,0,0,0,0,'{}',23),(122,17,'slug','text','Slug',0,0,1,1,1,1,'{\"slugify\":{\"origin\":\"name\",\"forceUpdate\":true},\"validation\":{\"rule\":\"unique:doctors,slug\"}}',3),(123,18,'id','text','Id',1,1,0,0,0,0,'{}',1),(124,18,'title','text','Title',0,1,1,1,1,1,'{}',2),(125,18,'link','text','Link',1,1,1,1,1,1,'{}',3),(126,18,'icon','text','Icon',0,1,1,1,1,1,'{}',4),(127,18,'doctor_id','text','Doctor Id',0,1,1,1,1,1,'{}',5),(128,18,'created_at','timestamp','Created At',0,1,1,1,0,1,'{}',7),(129,18,'updated_at','timestamp','Updated At',0,0,0,0,0,0,'{}',8),(130,18,'network_hasone_doctor_relationship','relationship','Doctor',0,1,1,1,1,1,'{\"model\":\"App\\\\Models\\\\Doctor\",\"table\":\"doctors\",\"type\":\"belongsTo\",\"column\":\"doctor_id\",\"key\":\"id\",\"label\":\"name\",\"pivot_table\":\"banners\",\"pivot\":\"0\",\"taggable\":\"0\"}',6),(132,17,'doctor_hasmany_network_relationship','relationship','Social networks',0,0,0,0,0,0,'{\"model\":\"App\\\\Models\\\\Network\",\"table\":\"networks\",\"type\":\"hasMany\",\"column\":\"doctor_id\",\"key\":\"id\",\"label\":\"link\",\"pivot_table\":\"banners\",\"pivot\":\"0\",\"taggable\":\"0\"}',14),(133,6,'css','code_editor','Css',0,0,1,1,1,1,'{}',6),(134,20,'id','text','Id',1,1,0,0,0,0,'{}',1),(135,20,'name','text','Name',1,1,1,1,1,1,'{}',2),(136,20,'position','text','Position',0,1,1,1,1,1,'{}',3),(137,20,'quote','text','Quote',1,0,1,1,1,1,'{}',4),(138,20,'avatar','image','Avatar',0,1,1,1,1,1,'{\"resize\":{\"width\":\"500\",\"height\":\"null\"},\"quality\":\"70%\",\"upsize\":true,\"thumbnails\":[{\"name\":\"medium\",\"scale\":\"50%\"},{\"name\":\"small\",\"scale\":\"25%\"},{\"name\":\"cropped\",\"crop\":{\"width\":\"300\",\"height\":\"250\"}}]}',5),(139,20,'created_at','timestamp','Created At',0,0,1,1,0,1,'{}',7),(140,20,'updated_at','timestamp','Updated At',0,0,0,0,0,0,'{}',8),(141,21,'id','text','Id',1,1,0,0,0,0,'{}',1),(142,21,'title','text','Title',1,1,1,1,1,1,'{}',2),(143,21,'before_price','text','Before Price',0,0,1,1,1,1,'{}',13),(144,21,'after_price','text','After Price',0,0,1,1,1,1,'{}',15),(145,21,'description','rich_text_box','Description',0,0,1,1,1,1,'{}',19),(146,21,'timeline','rich_text_box','Timeline',0,0,1,1,1,1,'{}',21),(147,21,'price','number','Price',1,1,1,1,1,1,'{}',14),(148,21,'subtitle','text','Subtitle',0,0,1,1,1,1,'{}',12),(149,21,'images','multiple_images','Images',0,0,1,1,1,1,'{\"resize\":{\"width\":\"1000\"},\"quality\":\"70%\",\"upsize\":true,\"thumbnails\":[{\"name\":\"medium\",\"scale\":\"50%\"},{\"name\":\"small\",\"scale\":\"25%\"},{\"name\":\"cropped\",\"crop\":{\"width\":\"300\",\"height\":\"250\"}}]}',24),(150,21,'created_at','timestamp','Created At',0,0,1,1,0,1,'{}',25),(151,21,'updated_at','timestamp','Updated At',0,0,0,0,0,0,'{}',26),(152,21,'slug','text','Slug',0,0,1,1,1,1,'{\"slugify\":{\"origin\":\"title\",\"forceUpdate\":false}}',11),(153,21,'options','text_area','Options (separate by semi colon ; )',0,0,0,0,0,0,'{}',18),(154,20,'language','select_dropdown','Language',0,1,1,1,1,1,'{\"default\":\"en\",\"options\":{\"en\":\"en\",\"ar\":\"ar\"}}',6),(155,21,'background','image','Background',0,0,1,1,1,1,'{}',22),(156,17,'rate','number','Rate (0 to 100)',0,0,1,1,1,1,'{}',19),(157,21,'parent_id','select_dropdown','Parent',0,1,1,1,1,1,'{\"default\":\"\",\"null\":\"\",\"options\":{\"\":\"-- None --\"},\"relationship\":{\"key\":\"id\",\"label\":\"title\"}}',3),(158,22,'id','text','Id',1,0,0,0,0,0,'{}',1),(159,22,'title','text','Title',0,1,1,1,1,1,'{}',2),(160,22,'icon','text','Icon',0,0,1,1,1,1,'{}',3),(161,22,'created_at','timestamp','Created At',0,1,1,1,0,1,'{}',4),(162,22,'updated_at','timestamp','Updated At',0,0,0,0,0,0,'{}',5),(163,21,'package_belongstomany_package_item_relationship','relationship','package_items',0,0,1,1,1,1,'{\"model\":\"App\\\\Models\\\\PackageItem\",\"table\":\"package_items\",\"type\":\"belongsToMany\",\"column\":\"id\",\"key\":\"id\",\"label\":\"title\",\"pivot_table\":\"package_package_item\",\"pivot\":\"1\",\"taggable\":\"on\"}',5),(164,21,'video','text','Youtube Video id',0,0,1,1,1,1,'{}',10),(165,23,'id','text','Id',1,1,0,0,0,0,'{}',2),(166,23,'description','text','Description',1,1,1,1,1,1,'{}',3),(167,23,'icon','text','Icon',0,1,1,1,1,1,'{}',4),(168,23,'order','number','Order',0,1,1,1,1,1,'{}',5),(169,21,'package_belongstomany_timeline_relationship','relationship','timelines',0,0,1,1,1,1,'{\"model\":\"App\\\\Models\\\\Timeline\",\"table\":\"timelines\",\"type\":\"belongsToMany\",\"column\":\"id\",\"key\":\"id\",\"label\":\"short_description\",\"pivot_table\":\"package_timeline\",\"pivot\":\"1\",\"taggable\":\"on\"}',7),(170,23,'title','text','Title',1,1,1,1,1,1,'{}',1),(171,23,'created_at','timestamp','Created At',0,0,1,1,0,1,'{}',6),(172,23,'updated_at','timestamp','Updated At',0,0,0,0,0,0,'{}',7),(173,24,'id','text','Id',1,1,0,0,0,0,'{}',1),(174,24,'title','text','Title',1,1,1,1,1,1,'{}',2),(175,24,'description','rich_text_box','Description',0,0,1,1,1,1,'{}',9),(176,24,'created_at','timestamp','Created At',0,1,1,1,0,1,'{}',11),(177,24,'updated_at','timestamp','Updated At',0,0,0,0,0,0,'{}',12),(178,21,'package_belongstomany_city_relationship','relationship','cities',0,1,1,1,1,1,'{\"model\":\"App\\\\Models\\\\City\",\"table\":\"cities\",\"type\":\"belongsToMany\",\"column\":\"id\",\"key\":\"id\",\"label\":\"title\",\"pivot_table\":\"package_city\",\"pivot\":\"1\",\"taggable\":\"on\"}',6),(179,25,'id','text','Id',1,1,0,0,0,0,'{}',1),(180,25,'title','text','Title',1,1,1,1,1,1,'{}',2),(181,25,'price','text','Price',0,1,1,1,1,1,'{}',3),(182,25,'created_at','timestamp','Created At',0,0,1,1,0,1,'{}',4),(183,25,'updated_at','timestamp','Updated At',0,0,0,0,0,0,'{}',5),(184,21,'package_belongstomany_package_price_relationship','relationship','package_prices',0,0,1,1,1,1,'{\"model\":\"App\\\\Models\\\\PackagePrice\",\"table\":\"package_prices\",\"type\":\"belongsToMany\",\"column\":\"id\",\"key\":\"id\",\"label\":\"full_description\",\"pivot_table\":\"package_package_price\",\"pivot\":\"1\",\"taggable\":\"on\"}',9),(185,21,'testimonial','text_area','Testimonial  (youteube video id, separate by semi colon ; )',0,0,1,1,1,1,'{}',16),(186,26,'id','text','Id',1,1,0,0,0,0,'{}',1),(187,26,'title','text','Title',1,1,1,1,1,1,'{}',2),(188,26,'star','text','Star (from 5)',0,1,1,1,1,1,'{}',5),(189,26,'city_id','text','City Id',0,1,1,1,1,1,'{}',6),(190,26,'location','coordinates','Location',0,0,0,0,0,0,'{}',9),(191,26,'description','rich_text_box','Description',0,0,1,1,1,1,'{}',10),(192,26,'person','number','Person Capacity',0,0,0,0,0,0,'{}',11),(193,26,'bed','number','Number of Beds',0,0,0,0,0,0,'{}',12),(194,26,'price','number','Price from',0,0,1,1,1,1,'{}',13),(195,26,'image','image','Image',0,0,1,1,1,1,'{\"resize\":{\"width\":\"1000\"},\"quality\":\"70%\",\"upsize\":true,\"thumbnails\":[{\"name\":\"medium\",\"scale\":\"50%\"},{\"name\":\"small\",\"scale\":\"25%\"},{\"name\":\"cropped\",\"crop\":{\"width\":\"300\",\"height\":\"250\"}}]}',14),(196,26,'images','multiple_images','Images',0,0,1,1,1,1,'{\"resize\":{\"width\":\"1000\"},\"quality\":\"70%\",\"upsize\":true,\"thumbnails\":[{\"name\":\"medium\",\"scale\":\"50%\"},{\"name\":\"small\",\"scale\":\"25%\"},{\"name\":\"cropped\",\"crop\":{\"width\":\"300\",\"height\":\"250\"}}]}',15),(197,26,'created_at','timestamp','Created At',0,0,1,1,0,1,'{}',18),(198,26,'updated_at','timestamp','Updated At',0,0,0,0,0,0,'{}',19),(199,26,'hotel_hasone_city_relationship','relationship','City',0,1,1,1,1,1,'{\"model\":\"App\\\\Models\\\\City\",\"table\":\"cities\",\"type\":\"belongsTo\",\"column\":\"city_id\",\"key\":\"id\",\"label\":\"title\",\"pivot_table\":\"banners\",\"pivot\":\"0\",\"taggable\":\"0\"}',8),(200,28,'id','text','Id',1,1,0,0,0,0,'{}',1),(201,28,'title','text','Title',1,1,1,1,1,1,'{}',2),(202,28,'icon','text','Icon',0,1,1,1,1,1,'{}',3),(203,28,'created_at','timestamp','Created At',0,1,1,1,0,1,'{}',4),(204,28,'updated_at','timestamp','Updated At',0,0,0,0,0,0,'{}',5),(205,26,'hotel_belongstomany_hotel_item_relationship','relationship','hotel_items',0,1,1,1,1,1,'{\"model\":\"App\\\\Models\\\\HotelItem\",\"table\":\"hotel_items\",\"type\":\"belongsToMany\",\"column\":\"id\",\"key\":\"id\",\"label\":\"title\",\"pivot_table\":\"hotel_hotel_item\",\"pivot\":\"1\",\"taggable\":\"on\"}',7),(206,26,'slug','text','Slug',0,0,1,1,1,1,'{\"slugify\":{\"origin\":\"title\",\"forceUpdate\":true},\"validation\":{\"rule\":\"unique:hotels,slug\"}}',3),(207,21,'package_belongstomany_category_relationship','relationship','categories',0,1,1,1,1,1,'{\"model\":\"App\\\\Models\\\\Category\",\"table\":\"categories\",\"type\":\"belongsToMany\",\"column\":\"id\",\"key\":\"id\",\"label\":\"title\",\"pivot_table\":\"package_category\",\"pivot\":\"1\",\"taggable\":\"on\"}',8),(208,17,'education','text_area','Education (json format)',0,0,1,1,1,1,'{\"validation\":{\"rule\":\"json\"}}',4),(209,17,'skills','text_area','Skills (json format)',0,0,1,1,1,1,'{\"validation\":{\"rule\":\"json\"}}',5),(210,29,'id','text','Id',1,1,0,0,0,0,'{}',1),(211,29,'video','text','Youtube Video id',1,1,1,1,1,1,'{}',2),(212,29,'body','text_area','Body',0,0,1,1,1,1,'{}',4),(213,29,'featured','checkbox','Featured',0,1,1,1,1,1,'{}',5),(214,29,'created_at','timestamp','Created At',0,0,1,1,0,1,'{}',6),(215,29,'updated_at','timestamp','Updated At',0,0,0,0,0,0,'{}',7),(216,29,'title','text','Title',0,1,1,1,1,1,'{}',3),(217,26,'type','select_dropdown','Type',0,1,1,1,1,1,'{\"default\":\"hotels\",\"options\":{\"hotels\":\"Hotel\",\"hostels\":\"Hostle\",\"medical-centers\":\"Medical Center\"}}',4),(218,13,'request_belongsto_doctor_relationship','relationship','doctors',0,1,1,1,1,1,'{\"model\":\"App\\\\Models\\\\Doctor\",\"table\":\"doctors\",\"type\":\"belongsTo\",\"column\":\"doctor_id\",\"key\":\"id\",\"label\":\"name\",\"pivot_table\":\"banners\",\"pivot\":\"0\",\"taggable\":\"0\"}',11),(219,13,'doctor_id','text','Doctor Id',0,1,1,1,1,1,'{}',16),(220,13,'date','text','Date',0,0,1,1,1,1,'{}',14),(221,24,'image','image','Image',0,0,1,1,1,1,'{\"quality\":\"70%\",\"upsize\":true,\"thumbnails\":[{\"name\":\"medium\",\"scale\":\"50%\"},{\"name\":\"small\",\"scale\":\"25%\"},{\"name\":\"cropped\",\"crop\":{\"width\":\"300\",\"height\":\"250\"}}]}',4),(222,24,'excerpt','text_area','Excerpt',0,0,1,1,1,1,'{}',10),(223,24,'slug','text','Slug',0,1,1,1,1,1,'{\"slugify\":{\"origin\":\"title\",\"forceUpdate\":true},\"validation\":{\"rule\":\"unique:cities,slug\"}}',3),(224,30,'id','text','Id',1,1,0,0,0,0,'{}',1),(225,30,'title','text','Name',1,1,1,1,1,1,'{}',2),(226,30,'position','text','Position',0,1,1,1,1,1,'{}',4),(227,30,'expert','text','Expert',0,1,1,1,1,1,'{}',5),(228,30,'degree','text','Degree',0,1,1,1,1,1,'{}',6),(229,30,'created_at','timestamp','Created At',0,0,1,0,0,1,'{}',7),(230,30,'updated_at','timestamp','Updated At',0,0,0,0,0,0,'{}',8),(231,30,'image','image','Image',0,1,1,1,1,1,'{\"resize\":{\"width\":\"600\"},\"quality\":\"70%\",\"upsize\":true,\"thumbnails\":[{\"name\":\"medium\",\"scale\":\"50%\"},{\"name\":\"small\",\"scale\":\"25%\"},{\"name\":\"cropped\",\"crop\":{\"width\":\"300\",\"height\":\"250\"}}]}',3),(232,13,'package_id','text','Package Id',0,1,1,1,1,1,'{}',13),(233,13,'request_belongsto_package_relationship','relationship','packages',0,1,1,1,1,1,'{\"model\":\"App\\\\Models\\\\Package\",\"table\":\"packages\",\"type\":\"belongsTo\",\"column\":\"package_id\",\"key\":\"id\",\"label\":\"title\",\"pivot_table\":\"banners\",\"pivot\":\"0\",\"taggable\":\"0\"}',12),(234,32,'id','text','Id',1,1,0,0,0,0,'{}',1),(235,32,'name','text','Name',1,1,1,1,1,1,'{}',2),(236,32,'email','text','Email',1,0,1,1,1,1,'{}',3),(237,32,'comment','text_area','Comment',0,1,1,1,1,1,'{}',4),(238,32,'reviewable_id','number','Reviewable Id',0,1,1,1,1,1,'{}',5),(239,32,'reviewable_type','text','Reviewable Type',0,1,1,1,1,1,'{}',6),(240,32,'locale','text','Locale',0,1,1,1,1,1,'{}',7),(241,32,'active','checkbox','Active',0,1,1,1,1,1,'{}',8),(242,32,'created_at','timestamp','Created At',0,1,1,1,0,1,'{}',9),(243,32,'updated_at','timestamp','Updated At',0,0,0,0,0,0,'{}',10),(244,17,'degree','text','Degree',0,0,1,1,1,1,'{}',20),(245,17,'experience','number','Years of Experience',0,0,1,1,1,1,'{}',21),(246,10,'type','select_dropdown','Type',1,1,1,1,1,1,'{\"default\":\"1\",\"options\":{\"1\":\"Our services\",\"2\":\"Why Choose Us\",\"3\":\"Services Pages\"}}',5),(247,33,'id','text','Id',1,1,0,0,0,0,'{}',1),(248,33,'email','text','Email',1,1,1,1,1,1,'{}',2),(249,33,'created_at','timestamp','Created At',0,1,1,1,0,1,'{}',3),(250,33,'updated_at','timestamp','Updated At',0,0,0,0,0,0,'{}',4),(251,34,'id','text','Id',1,1,0,0,0,0,'{}',1),(252,34,'title','text','Title',1,1,1,1,1,1,'{}',2),(253,34,'slug','text','Slug',0,1,1,1,1,1,'{\"slugify\":{\"origin\":\"title\",\"forceUpdate\":true},\"validation\":{\"rule\":\"unique:tags,slug\"}}',3),(254,34,'created_at','timestamp','Created At',0,1,1,1,0,1,'{}',4),(255,34,'updated_at','timestamp','Updated At',0,0,0,0,0,0,'{}',5),(256,5,'post_belongstomany_tag_relationship','relationship','tags',0,1,1,1,1,1,'{\"model\":\"App\\\\Models\\\\Tag\",\"table\":\"tags\",\"type\":\"belongsToMany\",\"column\":\"id\",\"key\":\"id\",\"label\":\"title\",\"pivot_table\":\"tag_post\",\"pivot\":\"1\",\"taggable\":\"on\"}',7),(257,4,'first_page','checkbox','Show in Home Page',0,1,1,1,1,1,'{}',5),(258,24,'icon','image','Icon (png)',0,1,1,1,1,1,'{}',7),(259,21,'main_image','image','Main Image',0,0,1,1,1,1,'{\"resize\":{\"width\":\"1000\"},\"quality\":\"70%\",\"thumbnails\":[{\"name\":\"medium\",\"scale\":\"50%\"},{\"name\":\"small\",\"scale\":\"25%\"},{\"name\":\"cropped\",\"crop\":{\"width\":\"300\",\"height\":\"250\"}}]}',20),(260,24,'address','text_area','Address',0,0,1,1,1,1,'{}',5),(261,24,'phone','text','Phone',0,0,1,1,1,1,'{}',6),(262,26,'order','text','Order',0,0,0,0,0,0,'{}',17),(263,4,'main_image','image','Main Image',0,0,1,1,1,1,'{\"quality\":\"70%\",\"upsize\":true,\"thumbnails\":[{\"name\":\"medium\",\"scale\":\"50%\"},{\"name\":\"small\",\"scale\":\"25%\"},{\"name\":\"cropped\",\"crop\":{\"width\":\"300\",\"height\":\"250\"}}]}',11),(264,37,'id','text','Id',1,1,0,0,0,0,'{}',1),(265,37,'question','text_area','Question',1,1,1,1,1,1,'{}',2),(266,37,'answer','rich_text_box','Answer',0,0,1,1,1,1,'{}',3),(267,37,'icon','text','Icon',0,0,0,0,0,0,'{}',4),(268,37,'created_at','timestamp','Created At',0,1,1,1,0,1,'{}',5),(269,37,'updated_at','timestamp','Updated At',0,0,0,0,0,0,'{}',6),(270,37,'order','text','Order',0,0,0,0,0,0,'{}',7),(271,17,'grand_background','image','Grand Background',0,0,1,1,1,1,'{}',17),(272,26,'grand_background','image','Grand Background',0,0,1,1,1,1,'{}',16),(273,21,'grand_background','image','Grand Background',0,0,1,1,1,1,'{}',23),(274,5,'grand_background','image','Grand Background',0,0,1,1,1,1,'{}',9),(275,10,'link','text','Link',0,0,1,1,1,1,'{}',6),(276,24,'grand_background','image','Grand Background',0,1,1,1,1,1,'{}',8),(277,17,'city_id','text','City Id',0,1,1,1,1,1,'{}',22),(278,17,'doctor_belongsto_city_relationship','relationship','City',0,1,1,1,1,1,'{\"model\":\"App\\\\Models\\\\City\",\"table\":\"cities\",\"type\":\"belongsTo\",\"column\":\"city_id\",\"key\":\"id\",\"label\":\"title\",\"pivot_table\":\"banners\",\"pivot\":\"0\",\"taggable\":\"0\"}',9),(279,16,'order','text','Order',0,1,1,1,1,1,'{}',6),(280,38,'id','text','Id',1,1,0,0,0,0,'{}',1),(281,38,'title','text','Title',0,1,1,1,1,1,'{}',2),(282,38,'avatar','image','Avatar',0,1,1,1,1,1,'{}',3),(283,38,'phone','number','Phone',1,1,1,1,1,1,'{}',4),(284,38,'order','text','Order',0,0,0,0,0,0,'{}',5),(285,38,'created_at','timestamp','Created At',0,0,1,1,0,1,'{}',6),(286,38,'updated_at','timestamp','Updated At',0,0,0,0,0,0,'{}',7),(287,21,'first_page','checkbox','First Page',0,1,1,1,1,1,'{}',4),(288,21,'pricing','text_area','Pricing',0,0,1,1,1,1,'{\"validation\":{\"rule\":\"json\"}}',17);
/*!40000 ALTER TABLE `data_rows` ENABLE KEYS */;
UNLOCK TABLES;

--
-- Table structure for table `data_types`
--

DROP TABLE IF EXISTS `data_types`;
/*!40101 SET @saved_cs_client     = @@character_set_client */;
/*!40101 SET character_set_client = utf8 */;
CREATE TABLE `data_types` (
  `id` int(10) unsigned NOT NULL AUTO_INCREMENT,
  `name` varchar(191) COLLATE utf8mb4_unicode_ci NOT NULL,
  `slug` varchar(191) COLLATE utf8mb4_unicode_ci NOT NULL,
  `display_name_singular` varchar(191) COLLATE utf8mb4_unicode_ci NOT NULL,
  `display_name_plural` varchar(191) COLLATE utf8mb4_unicode_ci NOT NULL,
  `icon` varchar(191) COLLATE utf8mb4_unicode_ci DEFAULT NULL,
  `model_name` varchar(191) COLLATE utf8mb4_unicode_ci DEFAULT NULL,
  `policy_name` varchar(191) COLLATE utf8mb4_unicode_ci DEFAULT NULL,
  `controller` varchar(191) COLLATE utf8mb4_unicode_ci DEFAULT NULL,
  `description` varchar(191) COLLATE utf8mb4_unicode_ci DEFAULT NULL,
  `generate_permissions` tinyint(1) NOT NULL DEFAULT '0',
  `server_side` tinyint(4) NOT NULL DEFAULT '0',
  `details` text COLLATE utf8mb4_unicode_ci,
  `created_at` timestamp NULL DEFAULT NULL,
  `updated_at` timestamp NULL DEFAULT NULL,
  PRIMARY KEY (`id`),
  UNIQUE KEY `data_types_name_unique` (`name`),
  UNIQUE KEY `data_types_slug_unique` (`slug`)
) ENGINE=InnoDB AUTO_INCREMENT=39 DEFAULT CHARSET=utf8mb4 COLLATE=utf8mb4_unicode_ci;
/*!40101 SET character_set_client = @saved_cs_client */;

--
-- Dumping data for table `data_types`
--

LOCK TABLES `data_types` WRITE;
/*!40000 ALTER TABLE `data_types` DISABLE KEYS */;
INSERT INTO `data_types` VALUES (1,'users','users','User','Users','voyager-person','TCG\\Voyager\\Models\\User','TCG\\Voyager\\Policies\\UserPolicy','','',1,0,NULL,'2018-12-15 19:38:01','2018-12-15 19:38:01'),(2,'menus','menus','Menu','Menus','voyager-list','TCG\\Voyager\\Models\\Menu',NULL,'','',1,0,NULL,'2018-12-15 19:38:01','2018-12-15 19:38:01'),(3,'roles','roles','Role','Roles','voyager-lock','TCG\\Voyager\\Models\\Role',NULL,'','',1,0,NULL,'2018-12-15 19:38:01','2018-12-15 19:38:01'),(4,'categories','categories','Category','Categories','voyager-categories','App\\Models\\Category',NULL,NULL,NULL,1,0,'{\"order_column\":\"order\",\"order_display_column\":\"title\",\"order_direction\":\"asc\",\"default_search_key\":null,\"scope\":null}','2018-12-15 19:38:02','2019-08-29 08:58:36'),(5,'posts','posts','Post','Posts','voyager-news','TCG\\Voyager\\Models\\Post','TCG\\Voyager\\Policies\\PostPolicy',NULL,NULL,1,0,'{\"order_column\":\"id\",\"order_display_column\":\"title\",\"order_direction\":\"desc\",\"default_search_key\":null,\"scope\":null}','2018-12-15 19:38:02','2019-08-17 15:25:55'),(6,'pages','pages','Page','Pages','voyager-file-text','TCG\\Voyager\\Models\\Page',NULL,NULL,NULL,1,0,'{\"order_column\":null,\"order_display_column\":null,\"order_direction\":\"desc\",\"default_search_key\":null,\"scope\":null}','2018-12-15 19:38:02','2019-08-15 01:03:47'),(9,'socials','socials','Social Network','Social Networks','voyager-world','App\\Models\\Social',NULL,NULL,NULL,1,0,'{\"order_column\":\"id\",\"order_display_column\":null}','2019-01-04 08:38:41','2019-01-04 08:40:14'),(10,'benefits','benefits','Benefit','Benefits','voyager-receipt','App\\Models\\Benefit',NULL,NULL,NULL,1,0,'{\"order_column\":\"id\",\"order_display_column\":\"title\",\"order_direction\":\"desc\",\"default_search_key\":\"title\",\"scope\":null}','2019-01-04 12:42:39','2019-08-25 23:41:28'),(12,'banners','banners','Banner','Banners','voyager-photo','App\\Models\\Banner',NULL,NULL,NULL,1,0,'{\"order_column\":null,\"order_display_column\":null}','2019-01-10 10:00:49','2019-02-02 12:23:46'),(13,'requests','requests','Request','Requests','voyager-question','App\\Models\\Request',NULL,NULL,NULL,1,0,'{\"order_column\":null,\"order_display_column\":null,\"order_direction\":\"desc\",\"default_search_key\":null,\"scope\":null}','2019-01-10 12:41:52','2019-07-05 11:08:41'),(15,'partners','partners','Partner','Partners',NULL,'App\\Models\\Partner',NULL,NULL,NULL,1,0,'{\"order_column\":null,\"order_display_column\":null}','2019-02-02 23:42:57','2019-02-02 23:44:23'),(16,'links','links','Link','Important Links',NULL,'App\\Models\\Link',NULL,NULL,NULL,1,0,'{\"order_column\":\"order\",\"order_display_column\":\"title\",\"order_direction\":\"asc\",\"default_search_key\":null,\"scope\":null}','2019-02-03 01:32:59','2019-08-29 08:26:33'),(17,'doctors','doctors','Doctor','Doctors',NULL,'App\\Models\\Doctor',NULL,NULL,NULL,1,0,'{\"order_column\":\"order\",\"order_display_column\":\"name\",\"order_direction\":\"asc\",\"default_search_key\":null,\"scope\":null}','2019-02-08 19:01:07','2019-08-29 08:58:05'),(18,'networks','networks','Doctor\'s Socials','Networks',NULL,'App\\Models\\Network',NULL,NULL,NULL,1,0,'{\"order_column\":\"id\",\"order_display_column\":\"title\",\"order_direction\":\"desc\",\"default_search_key\":null,\"scope\":null}','2019-02-08 19:30:50','2019-08-06 06:24:19'),(20,'testimonials','testimonials','Testimonial','Testimonials',NULL,'App\\Models\\Testimonial',NULL,NULL,NULL,1,0,'{\"order_column\":\"id\",\"order_display_column\":\"name\",\"order_direction\":\"desc\",\"default_search_key\":null,\"scope\":null}','2019-02-24 20:24:19','2019-08-06 06:26:38'),(21,'packages','packages','Package','Packages',NULL,'App\\Models\\Package',NULL,NULL,NULL,1,0,'{\"order_column\":\"id\",\"order_display_column\":\"title\",\"order_direction\":\"desc\",\"default_search_key\":null,\"scope\":null}','2019-02-24 21:19:53','2019-09-11 07:19:47'),(22,'package_items','package-items','Package Item','Package Items','voyager-list-add','App\\Models\\PackageItem',NULL,NULL,NULL,1,0,'{\"order_column\":\"id\",\"order_display_column\":\"title\",\"order_direction\":\"desc\",\"default_search_key\":null,\"scope\":null}','2019-06-29 06:08:58','2019-08-06 06:24:31'),(23,'timelines','timelines','Package Timeline','Package Timelines','voyager-dashboard','App\\Models\\Timeline',NULL,NULL,NULL,1,0,'{\"order_column\":\"id\",\"order_display_column\":\"title\",\"order_direction\":\"desc\",\"default_search_key\":null,\"scope\":null}','2019-06-30 02:33:20','2019-08-06 06:26:57'),(24,'cities','cities','City','Cities','voyager-tree','App\\Models\\City',NULL,NULL,NULL,1,0,'{\"order_column\":\"id\",\"order_display_column\":\"title\",\"order_direction\":\"asc\",\"default_search_key\":null,\"scope\":null}','2019-06-30 04:12:02','2019-08-29 08:58:23'),(25,'package_prices','package-prices','Package Price','Package Prices','voyager-credit-card','App\\Models\\PackagePrice',NULL,NULL,NULL,1,0,'{\"order_column\":\"id\",\"order_display_column\":\"title\",\"order_direction\":\"desc\",\"default_search_key\":null,\"scope\":null}','2019-06-30 09:40:52','2019-08-06 06:24:41'),(26,'hotels','hotels','Hotel','Hotels','voyager-shop','App\\Models\\Hotel',NULL,NULL,NULL,1,0,'{\"order_column\":\"order\",\"order_display_column\":\"title\",\"order_direction\":\"asc\",\"default_search_key\":null,\"scope\":null}','2019-07-01 01:02:20','2019-08-29 08:58:55'),(28,'hotel_items','hotel-items','Hotel Item','Hotel Items',NULL,'App\\Models\\HotelItem',NULL,NULL,NULL,1,0,'{\"order_column\":\"id\",\"order_display_column\":\"title\",\"order_direction\":\"desc\",\"default_search_key\":null,\"scope\":null}','2019-07-01 01:31:04','2019-08-06 06:22:55'),(29,'video_reviews','video-reviews','Video Review','Video Reviews','voyager-youtube-play','App\\Models\\VideoReview',NULL,NULL,NULL,1,0,'{\"order_column\":\"id\",\"order_display_column\":\"body\",\"order_direction\":\"desc\",\"default_search_key\":null,\"scope\":null}','2019-07-04 15:13:21','2019-08-06 06:27:22'),(30,'members','members','Member','Members','voyager-people','App\\Models\\Member',NULL,NULL,NULL,1,0,'{\"order_column\":\"id\",\"order_display_column\":\"title\",\"order_direction\":\"desc\",\"default_search_key\":null,\"scope\":null}','2019-07-05 08:47:30','2019-08-06 06:24:06'),(32,'reviews','reviews','Review','Reviews',NULL,'App\\Models\\Review',NULL,NULL,NULL,1,0,'{\"order_column\":\"id\",\"order_display_column\":\"name\",\"order_direction\":\"desc\",\"default_search_key\":null,\"scope\":null}','2019-07-05 11:59:59','2019-08-06 06:26:26'),(33,'subscribers','subscribers','Subscriber','Subscribers','voyager-mail','App\\Models\\Subscriber',NULL,NULL,NULL,1,0,'{\"order_column\":null,\"order_display_column\":null,\"order_direction\":\"asc\",\"default_search_key\":null}','2019-07-07 15:05:14','2019-07-07 15:05:14'),(34,'tags','tags','Tag','Tags','voyager-tag','App\\Models\\Tag',NULL,NULL,NULL,1,0,'{\"order_column\":null,\"order_display_column\":null,\"order_direction\":\"asc\",\"default_search_key\":null}','2019-07-08 00:38:22','2019-07-08 00:38:22'),(37,'faqs','faqs','Faq','Faqs','voyager-question','App\\Models\\Faq',NULL,NULL,NULL,1,0,'{\"order_column\":\"order\",\"order_display_column\":\"question\",\"order_direction\":\"asc\",\"default_search_key\":null,\"scope\":null}','2019-08-15 00:03:08','2019-08-31 09:31:24'),(38,'whats_apps','whats-apps','Whats App','Whats Apps','voyager-phone','App\\Models\\WhatsApp',NULL,NULL,NULL,1,0,'{\"order_column\":\"order\",\"order_display_column\":\"title\",\"order_direction\":\"asc\",\"default_search_key\":null}','2019-08-31 11:38:06','2019-08-31 11:38:06');
/*!40000 ALTER TABLE `data_types` ENABLE KEYS */;
UNLOCK TABLES;

--
-- Table structure for table `doctor_category`
--

DROP TABLE IF EXISTS `doctor_category`;
/*!40101 SET @saved_cs_client     = @@character_set_client */;
/*!40101 SET character_set_client = utf8 */;
CREATE TABLE `doctor_category` (
  `id` int(10) unsigned NOT NULL AUTO_INCREMENT,
  `category_id` int(10) unsigned NOT NULL,
  `doctor_id` int(10) unsigned NOT NULL,
  `created_at` timestamp NULL DEFAULT NULL,
  `updated_at` timestamp NULL DEFAULT NULL,
  PRIMARY KEY (`id`)
) ENGINE=InnoDB AUTO_INCREMENT=62 DEFAULT CHARSET=utf8mb4 COLLATE=utf8mb4_unicode_ci;
/*!40101 SET character_set_client = @saved_cs_client */;

--
-- Dumping data for table `doctor_category`
--

LOCK TABLES `doctor_category` WRITE;
/*!40000 ALTER TABLE `doctor_category` DISABLE KEYS */;
INSERT INTO `doctor_category` VALUES (3,5,1,NULL,NULL),(8,5,5,NULL,NULL),(11,1,7,NULL,NULL),(12,3,7,NULL,NULL),(15,1,3,NULL,NULL),(16,5,3,NULL,NULL),(28,13,11,NULL,NULL),(30,22,13,NULL,NULL),(31,15,14,NULL,NULL),(37,55,15,NULL,NULL),(39,43,12,NULL,NULL),(40,20,9,NULL,NULL),(42,19,4,NULL,NULL),(45,20,8,NULL,NULL),(46,22,16,NULL,NULL),(47,13,17,NULL,NULL),(48,13,6,NULL,NULL),(49,20,2,NULL,NULL),(53,43,19,NULL,NULL),(54,13,21,NULL,NULL),(55,12,22,NULL,NULL),(56,15,23,NULL,NULL),(57,15,24,NULL,NULL),(58,13,26,NULL,NULL),(59,35,26,NULL,NULL),(60,13,27,NULL,NULL),(61,35,27,NULL,NULL);
/*!40000 ALTER TABLE `doctor_category` ENABLE KEYS */;
UNLOCK TABLES;

--
-- Table structure for table `doctors`
--

DROP TABLE IF EXISTS `doctors`;
/*!40101 SET @saved_cs_client     = @@character_set_client */;
/*!40101 SET character_set_client = utf8 */;
CREATE TABLE `doctors` (
  `id` int(10) unsigned NOT NULL AUTO_INCREMENT,
  `name` varchar(191) COLLATE utf8mb4_unicode_ci DEFAULT NULL,
  `about` longtext COLLATE utf8mb4_unicode_ci,
  `testimonal` varchar(255) COLLATE utf8mb4_unicode_ci DEFAULT NULL,
  `address` tinytext COLLATE utf8mb4_unicode_ci,
  `phone` varchar(191) COLLATE utf8mb4_unicode_ci DEFAULT NULL,
  `email` varchar(191) COLLATE utf8mb4_unicode_ci DEFAULT NULL,
  `website` varchar(191) COLLATE utf8mb4_unicode_ci DEFAULT NULL,
  `created_at` timestamp NULL DEFAULT NULL,
  `updated_at` timestamp NULL DEFAULT NULL,
  `avatar` varchar(191) COLLATE utf8mb4_unicode_ci DEFAULT NULL,
  `images` tinytext COLLATE utf8mb4_unicode_ci,
  `order` int(11) DEFAULT '1',
  `slug` varchar(191) COLLATE utf8mb4_unicode_ci DEFAULT NULL,
  `rate` int(11) DEFAULT '100',
  `education` text COLLATE utf8mb4_unicode_ci,
  `skills` text COLLATE utf8mb4_unicode_ci,
  `degree` varchar(255) COLLATE utf8mb4_unicode_ci DEFAULT NULL,
  `experience` int(11) DEFAULT NULL,
  `grand_background` varchar(255) COLLATE utf8mb4_unicode_ci DEFAULT NULL,
  `city_id` int(10) unsigned DEFAULT NULL,
  PRIMARY KEY (`id`)
) ENGINE=InnoDB AUTO_INCREMENT=28 DEFAULT CHARSET=utf8mb4 COLLATE=utf8mb4_unicode_ci;
/*!40101 SET character_set_client = @saved_cs_client */;

--
-- Dumping data for table `doctors`
--

LOCK TABLES `doctors` WRITE;
/*!40000 ALTER TABLE `doctors` DISABLE KEYS */;
INSERT INTO `doctors` VALUES (2,'Dr. Abdolreza Jamilian','<p style=\"box-sizing: border-box; margin: 0px 0px 10px; padding: 0px; border: 0px; outline: none; color: #656464; font-family: \'Open Sans\', sans-serif; font-size: 13px;\">&nbsp;</p>\n<h2 style=\"box-sizing: border-box; margin: 10px 0px 5px; padding: 0px; border: 0px; outline: none; font-family: \'Open Sans\', sans-serif; line-height: 1.1; color: #333333; font-size: 16px;\">Specialties</h2>\n<p><span style=\"color: #656464; font-family: \'Open Sans\', sans-serif; font-size: 13px;\">&nbsp;Dr. Jamilian&nbsp; is an Iranian orthodontist and a prestigious USPTO patent holder including: Method and system for treatment of maxillary deficiency using miniscrews.</span>&nbsp;</p>\n<h2 style=\"box-sizing: border-box; margin: 10px 0px 5px; padding: 0px; border: 0px; outline: none; font-family: \'Open Sans\', sans-serif; line-height: 1.1; color: #333333; font-size: 16px;\">Education and training</h2>\n<ul>\n<li style=\"box-sizing: border-box; margin: 0px 0px 10px; padding: 0px; border: 0px; outline: none; color: #656464; font-family: \'Open Sans\', sans-serif; font-size: 13px;\"><span style=\"color: #656464; font-family: \'Open Sans\', sans-serif;\"><span style=\"font-size: 13px;\">Dental surgery degree (D.D.S.) from Shahid Beheshti University of medical sciences in 1991</span></span></li>\n<li style=\"box-sizing: border-box; margin: 0px 0px 10px; padding: 0px; border: 0px; outline: none; color: #656464; font-family: \'Open Sans\', sans-serif; font-size: 13px;\"><span style=\"color: #656464; font-family: \'Open Sans\', sans-serif;\"><span style=\"font-size: 13px;\">Orthodontics degree&nbsp;</span></span><span style=\"color: #656464; font-family: \'Open Sans\', sans-serif;\"><span style=\"font-size: 13px;\">from Shahid Beheshti University of medical sciences in 1998</span></span></li>\n<li style=\"box-sizing: border-box; margin: 0px 0px 10px; padding: 0px; border: 0px; outline: none; color: #656464; font-family: \'Open Sans\', sans-serif; font-size: 13px;\"><span style=\"color: #656464; font-family: \'Open Sans\', sans-serif;\"><span style=\"font-size: 13px;\">Fellowship of orthognathic surgery and craniofacial syndromes from Shahid Beheshti University of medical sciences in 2011</span></span></li>\n</ul>\n<h2 style=\"box-sizing: border-box; margin: 10px 0px 5px; padding: 0px; border: 0px; outline: none; font-family: \'Open Sans\', sans-serif; line-height: 1.1; color: #333333; font-size: 16px;\">Experience and Board certification</h2>\n<p>Dr. Jamilian is an outstanding member of the Iranian and European Board of Orthodontics, and renowned for his awesome innovations in designing therapeutic modalities for class III malocclusion patients</p>\n<h2 style=\"box-sizing: border-box; margin: 10px 0px 5px; padding: 0px; border: 0px; outline: none; font-family: \'Open Sans\', sans-serif; line-height: 1.1; color: #333333; font-size: 16px;\">Professional memberships</h2>\n<ul>\n<li>&nbsp;World Federation of Orthodontists. (WFO)</li>\n<li>&nbsp;America Association of Orthodontists. (AAO)</li>\n<li>&nbsp;European Orthodontic Society. (EOS)</li>\n<li>&nbsp;Iranian Association of Orthodontists. (IOA)&nbsp;</li>\n</ul>\n<h2 style=\"box-sizing: border-box; margin: 10px 0px 5px; padding: 0px; border: 0px; outline: none; font-family: \'Open Sans\', sans-serif; line-height: 1.1; color: #333333; font-size: 16px;\">Language spoken</h2>\n<ul>\n<li>English</li>\n</ul>\n<p>&nbsp;</p>','<p><iframe title=\"Medtouriran-Jamilian5\" src=\"https://www.youtube.com/embed/qkLgamwEKKk?wmode=opaque&amp;theme=dark\" width=\"570\" height=\"321\" frameborder=\"0\" allowfullscreen=\"\"></iframe></p>','',NULL,NULL,'http://www.drghazipour.com/','2019-02-11 11:07:00','2019-08-29 16:20:13','doctors/August2019/sghAJSMb35pLnWI6TaZ4.jpg','[\"doctors\\/April2019\\/UKatMXOD6JhafgvCUNMc.jpg\",\"doctors\\/April2019\\/wIBFq8J2AhyRAHEaUoDH.jpg\",\"doctors\\/April2019\\/RjD4J1G6gFioWZX0jwK9.jpg\"]',10,'dr-abdolreza-jamilian',100,'{\n    \"1\": {\n        \"name\": \"General Surgery Specialist Board\",\n        \"degree\": \"Medical University of Tehran\",\n        \"date\": \"1998\"\n       }\n}\n','{\n    \"1\": {\n        \"skill\": \"Abdominal Plastic Surgery (Tommy Tuck or Abdominoplasty, Lipobdominoplasty)\",\n        \"percent\": \"95\"\n    },\n\"2\": {\n        \"skill\": \"cosmetic surgery\",\n        \"percent\": \"90\"\n    },\n\"3\": {\n        \"skill\": \"Eyelid surgery\",\n        \"percent\": \"90\"\n    },\n\"4\": {\n        \"skill\": \"Injection of fat (face, back of hands and other parts of body)\",\n        \"percent\": \"90\"\n    }\n}\n',NULL,NULL,NULL,1),(4,'Dr. Bahram Badamchi','Dr. Bahram Badamchi is one of the first physicians in Iran to have complete and comprehensive experience in endoscopy and nasal polyps. In the record of Dr. Bahram Badamchi, more than 3,000 cases of rhinoplasty and nasal plastic surgery are found. He is a member of the Iranian Rhinology Society and Rhinology Research Society and has been participating in numerous international conferences and congresses in Iran and Europe using the latest surgical methods in this field to maintain patient satisfaction with maintaining normal organ function.','<p><iframe title=\"\" src=\"https://www.youtube.com/embed/883nSp_R_Xo?wmode=opaque&amp;theme=dark\" width=\"560\" height=\"315\" frameborder=\"0\" allowfullscreen=\"\"></iframe></p>','',NULL,NULL,NULL,'2019-02-14 10:00:00','2019-10-30 05:56:36','doctors/October2019/Z0mHWquI8UuM1UTeTKzb.jpg','[\"doctors\\/May2019\\/IhGiNgKrNYool3lSpBF8.jpg\",\"doctors\\/May2019\\/kIRceDOxI66et4evs1RW.jpeg\",\"doctors\\/May2019\\/eQoaB8YNuZ9xZKT6uPNz.jpeg\"]',1,'dr-bahram-badamchi',100,'{\n    \"1\": {\n        \"name\": \"General Surgery Specialist Board\",\n        \"degree\": \"Medical University of Tehran\",\n        \"date\": \"1998\"\n       }\n}\n','{\n    \"1\": {\n        \"skill\": \"Rhinoplasty\",\n        \"percent\": \"100\"\n    },\n\"2\": {\n        \"skill\": \"cosmetic surgery\",\n        \"percent\": \"90\"\n    }\n}\n',NULL,22,NULL,1),(6,'Dr. Behzad Alizadeh','','','',NULL,NULL,NULL,'2019-03-16 02:22:00','2019-08-29 16:21:27','doctors/August2019/HKGlzIvFUPVwKv9LOhtJ.jpg',NULL,8,'dr-behzad-alizadeh',100,'{\n    \"1\": {\n        \"name\": \"Rafsanjan Kerman University of Medical Sciences\",\n        \"degree\": \"Bachelor of Medicine(BM)\",\n        \"date\": \"2007\"\n    },\n    \"2\": {\n        \"name\": \"Mashhad University of Medical Sciences\",\n        \"degree\": \"Gynecology Specialty \",\n        \"date\": \"2014\"\n    }\n}\n','{\n    \"1\": {\n        \"skill\": \"Cosmetic Surgery\",\n        \"percent\": \"100\"\n    },\n\"2\": {\n        \"skill\": \"Rhinoplasty\",\n        \"percent\": \"90\"\n    },\n   \"1\": {\n        \"skill\": \"Hair Transplantation\",\n        \"percent\": \"95\"\n    }\n}\n',NULL,NULL,NULL,3),(8,'Dr. MirMohammad Sadeghi','','','',NULL,NULL,NULL,'2019-05-02 18:00:00','2019-08-29 16:21:48','doctors/August2019/YUG2qMyIg5G3caFozlTW.jpg','[\"doctors\\/May2019\\/lZdrQs7ax1dGvCkzwYNb.jpg\",\"doctors\\/May2019\\/ms2BOcQ3VhWzs6TfyuBu.jpg\"]',11,'dr-mirmohammad-sadeghi',100,'{\n    \"1\": {\n        \"name\": \"General Surgery Specialist Board\",\n        \"degree\": \"Medical University of Tehran\",\n        \"date\": \"1998\"\n       }\n}\n','{\n    \"1\": {\n        \"skill\": \"Abdominal Plastic Surgery (Tommy Tuck or Abdominoplasty, Lipobdominoplasty)\",\n        \"percent\": \"95\"\n    },\n\"2\": {\n        \"skill\": \"cosmetic surgery\",\n        \"percent\": \"90\"\n    },\n\"3\": {\n        \"skill\": \"Eyelid surgery\",\n        \"percent\": \"90\"\n    },\n\"4\": {\n        \"skill\": \"Injection of fat (face, back of hands and other parts of body)\",\n        \"percent\": \"90\"\n    }\n}\n',NULL,30,NULL,1),(9,'Dr. َAhmad Azimzadeh ','','','',NULL,NULL,NULL,'2019-05-03 02:49:00','2019-08-29 16:22:03','doctors/August2019/HowRTLYtOaikOPhmipD1.jpg','[\"doctors\\/July2019\\/fcZJ97WT4RCexaJKMmje.jpg\",\"doctors\\/July2019\\/PNjObcv1g9vOD0nCC1rk.jpeg\"]',7,'dr-ahmad-azimzadeh',100,'{\n    \"1\": {\n        \"name\": \"Medical University of Tehran\",\n        \"degree\": \"General medical degree\",\n        \"date\": \"2004\"\n    },\n    \"2\": {\n        \"name\": \"Medical University of Tehran\",\n        \"degree\": \"Specialized Ophthalmology Board\",\n        \"date\": \"2009\"\n    },\n \"3\": {\n        \"name\": \"Shahid Beheshti University of Medical Sciences\",\n        \"degree\": \"Specialty Corners, LASIK & LENS\",\n        \"date\": \"2010\"\n    }\n}\n','\n{\n    \"1\": {\n        \"skill\": \"Refractive Surgery (Laser, LASIK, LAZK, etc.)\",\n        \"percent\": \"100\"\n    },\n    \"2\": {\n        \"skill\": \"Anesthesia cataract surgery with no need for injection or anesthesia\",\n        \"percent\": \"100\"\n    },\n    \"3\": {\n        \"skill\": \"Specialized Corneal Surgery\",\n        \"percent\": \"95\"\n    },\n     \"4\": {\n        \"skill\": \"Bringing physic lenses like Artizan and Artiflex and ICL for high numbers that are not capable of laser surgery\",\n        \"percent\": \"55\"\n    }\n}\n','MBBS, MD',15,NULL,1),(11,'Dr. Elham Emamjome',' Dr. Emamjome has female cosmetic surgery fellowship from the United States. Among her specialties is treatment of infertility, normal delivery, cesarean delivery, vaginal cosmetic surgery, and gynecological surgery.','','',NULL,NULL,NULL,'2019-05-03 04:40:00','2019-11-23 19:57:41','doctors/July2019/zFrY3iQgxcmTHowD7vp7.jpg','[\"doctors\\/May2019\\/9fC1bpYrEdgoJxsdD0j6.jpeg\",\"doctors\\/July2019\\/cEJJYdui1NtV0mD0miTM.jpeg\"]',9,'aldktwrh-alham-amam-jmah',100,'{}','{}','MBBS, MD',20,NULL,1),(12,'Dr. Akbar Mehrafzan','Specialties\n Dr. Akbar Mehrafzan is a specialist in ENT. \nEducation and training\nNasal and Sinus Endoscopic Surgery Course from Pavia University (Italy) San Mateo Hospital under the supervision of the Secretary General of the European Endoscopic Surgery Association (Professor Castel Neuve)\nExperience and Board certification\nFellow of surgical and therapeutic centers in Azerbaijan (Baku)\nProfessional memberships\nRRS (Rhinology Research Society).  \nIranian society of Rhinology  \nLanguage spoken\nEnglish','','',NULL,NULL,NULL,'2019-05-12 09:11:00','2019-10-12 05:28:25','doctors/August2019/RPxvypFCf0Uynk7D4stO.jpg','[\"doctors\\\\July2019\\\\Uul8JEx5o0migekNXUu3.jpg\",\"doctors\\\\July2019\\\\lOOYxp80Ygrc4HezuIWC.jpg\",\"doctors\\\\July2019\\\\AhFTocN5QdP1ScFjlfIe.jpg\"]',6,'aldktwr-akbr-mhrafzan',90,'{\n    \"1\": {\n        \"name\": \"Universty of world for Medicine\",\n        \"degree\": \"Bachelor of Medicine(BM)\",\n        \"date\": \"Dec 1991\"\n    },\n    \"2\": {\n        \"name\": \"Universty of world for Medicine1\",\n        \"degree\": \"Bachelor of Medicine(BM)1\",\n        \"date\": \"Dec 1991 1\"\n    }\n}','{\n    \"1\": {\n        \"skill\": \"Brain Surgery\",\n        \"percent\": \"75\"\n    },\n    \"2\": {\n        \"skill\": \"Heart Surgery\",\n        \"percent\": \"65\"\n    },\n    \"3\": {\n        \"skill\": \"Trauma Surgery\",\n        \"percent\": \"85\"\n    },\n    \"4\": {\n        \"skill\": \"Central Surgery\",\n        \"percent\": \"89\"\n    },\n    \"5\": {\n        \"skill\": \"Weekly Consultancy\",\n        \"percent\": \"55\"\n    }\n}','MBBS, MD',25,NULL,1),(13,'Dr Matin Attaran','Dr. Matin Attaran  is a Gynecologist and Infertility Specialist  working in Mashhad and providing  infertility services to women. Some of these services include specialized infertility and infertility treatment, IVF, IUI, sonohysterography, fetal sex determination, PGD, variety of gynecological surgeries such as laparoscopy, hysteroscopy, pregnancy and childbirth care, treatment of various genital diseases in women and more.','','',NULL,NULL,NULL,'2019-07-30 07:01:00','2019-08-29 16:36:10','doctors/July2019/AygurYx9C6mtZmhnIFgf.jpg',NULL,3,'dr-matin-attaran',100,'{\n    \"1\": {\n        \"name\": \"Rafsanjan Kerman University of Medical Sciences \",\n        \"degree\": \"Doctor of Medicine\",\n        \"date\": \"2008\"\n    },\n    \"2\": {\n        \"name\": \"Mashhad University of Medical Sciences\",\n        \"degree\": \"Gynecology Specialty \",\n        \"date\": \"2014\"\n    },\n  \"3\": {\n        \"name\": \"Mashhad University of Medical Sciences\",\n        \"degree\": \"Infertility Fellowship (IVF)\",\n        \"date\": \"2014\"\n    }\n}\n','\n{\n    \"1\": {\n        \"skill\": \"Infertility\",\n        \"percent\": \"95\"\n    },\n\"2\": {\n        \"skill\": \"IVF\",\n        \"percent\": \"90\"\n    }\n}\n',NULL,NULL,NULL,2),(14,'Dr Hasan Ghandehari','Dr. Hassan Ghandahari is one of the best specialist surgeons in spine surgery in medtouriran company who performs many spine surgeries annually due to his expertise.He went to France, Germany and Italy for the Fellowship period. After returning from June 2008, he became a member of the faculty of Iran University of Medical Sciences and is currently a member of the faculty with the rank of Associate Professor.','','',NULL,NULL,NULL,'2019-08-06 00:38:00','2019-10-30 06:14:15','doctors/August2019/AZbWuR1bJaVwn3v3wKOw.jpg',NULL,2,'aldktwr-hsn-qndhary',100,'{\n    \"1\": {\n        \"name\": \"Golestan University of Medical Sciences\",\n        \"degree\": \"Doctor of Medicine\",\n        \"date\": \"1999 \"\n    },\n    \"2\": {\n        \"name\": \"Iran University of Medical Sciences\",\n        \"degree\": \"Orthopedic Specialty \",\n        \"date\": \"2003\"\n     },\n    \"3\": {\n        \"name\": \"Iran University of Medical Sciences\",\n        \"degree\": \"Spinal Surgery Fellowship \",\n        \"date\": \"2007\"\n}\n}\n','\n{\n    \"1\": {\n        \"skill\": \"Spine\",\n        \"percent\": \"100\"\n    },\n\"2\": {\n        \"skill\": \"Orthopedic surgery\",\n        \"percent\": \"95\"\n    }\n}\n','MBBS, MD',22,NULL,1),(15,'Dr Faramarz Safaei','Dr. Faramarz Safaei Pirouz has a Specialty board in General Surgery from Tehran University of Medical Sciences, graduating in 1998 and having completed more than 5,000 surgical procedures in various fields of General Surgery since late 2002. During this time, Dr. Safaei completed various courses in the field of laparoscopic surgery, the use of facelift yarn, hyaluronic acid gel injection, lipolysis laser, contour threads, and natural hair transplantation at Iran and abroad.','','','+982166166320',NULL,'www.medtouriran.com','2019-08-10 01:18:00','2019-10-30 10:21:50','doctors/October2019/IpONiM4ZIqLzdnBRS6ys.jpeg','[\"doctors\\/August2019\\/tiIPtqbgRckIUVi8o4mw.jpg\",\"doctors\\/August2019\\/P6LkvuyiY1vYIqK7XKWn.jpg\",\"doctors\\/August2019\\/aUnfvSDcEbw0ZK5h4Ztx.jpg\",\"doctors\\/August2019\\/elnN87x6FMg0m1QfH1cT.jpg\"]',4,'Dr-faramarz-safaei',100,'{\n    \"1\": {\n        \"name\": \"General Surgery Specialist Board\",\n        \"degree\": \"Medical University of Tehran\",\n        \"date\": \"1998\"\n  \n       },\n \"2\": {\n        \"name\": \"General Surgery Specialist Board\",\n        \"degree\": \"Medical University of Tehran\",\n        \"date\": \"1998\"\n      \n       }\n}\n','{\n    \"1\": {\n        \"skill\": \"Abdominal Plastic Surgery (Tommy Tuck or Abdominoplasty, Lipobdominoplasty)\",\n        \"percent\": \"95\"\n    },\n\"2\": {\n        \"skill\": \"cosmetic surgery\",\n        \"percent\": \"90\"\n    },\n\"3\": {\n        \"skill\": \"Eyelid surgery\",\n        \"percent\": \"90\"\n    },\n\"4\": {\n        \"skill\": \"Injection of fat (face, back of hands and other parts of body)\",\n        \"percent\": \"90\"\n    },\n\"5\": {\n        \"skill\": \"Eyelid surgery\",\n        \"percent\": \"90\"\n    }\n \n}\n','MBBS, MD',22,NULL,1),(16,'Dr Armin Iranpour','Dr. Armin Iranpour, Urology Specialist and Kidney Disease Specialist, has begun serious and therapeutic activities since 1995. Dr. Armin Iranpour has been a member of the Faculty of Medicine of the University of Medical Sciences since 2000.','','',NULL,NULL,NULL,'2019-07-30 07:01:00','2019-08-29 08:57:31','doctors/August2019/5Mtzma8fVbhnydPVdjwq.jpg','[\"doctors\\/August2019\\/sHDezxjgwCHCxgZ3xN7l.jpg\",\"doctors\\/August2019\\/zJ0MXD0nP7BAmH692l7U.jpg\"]',5,'dr-armin-iranpour',100,'{\n    \"1\": {\n        \"name\": \"Tehran University of Medical Sciences \",\n        \"degree\": \"Doctor of Medicine\",\n        \"date\": \"1991\"\n    },\n    \"2\": {\n        \"name\": \"Shahid Beheshti University of Medical Sciences\",\n        \"degree\": \"Urology and Kidney Diseases Specialist Board\",\n        \"date\": \"2000\"\n    },\n\"3\": {\n        \"name\": \"Shahid Beheshti University of Medical Sciences\",\n        \"degree\": \"Endovirology Fellowship\",\n        \"date\": \"2001\"\n    }\n}\n','\n{\n    \"1\": {\n        \"skill\": \"Treatment of diseases and kidney stones, ureter\",\n        \"percent\": \"100\"\n    },\n\"2\": {\n        \"skill\": \"Urology\",\n        \"percent\": \"90\"\n    },\n\"3\": {\n        \"skill\": \"Endoscopic surgery\",\n        \"percent\": \"90\"\n    }\n}\n\n',NULL,28,NULL,1),(17,'Dr Vahid Sanjari','Dr. Vahid Sanjari is a specialist in dermatology, hair, beauty and laser. He performs cosmetic surgeries for foreign patients at the Arta Skin and Hair Clinic in Mashhad. He also leads the Chabahar Air Force Hospital and is the deputy chief of treatment for the Northeast Air Defense Health Department.','','',NULL,NULL,NULL,'2019-07-30 07:01:00','2019-10-30 19:40:43','doctors/August2019/zi3PDfFLo8EVUJDysxbw.jpg',NULL,3,'dr-vahid-sanjari',100,'{\n    \"1\": {\n        \"name\": \"Mashhad university of medical sciences \",\n        \"degree\": \"Specialty in dermatology\",\n        \"date\": \"2008\"\n    }\n}\n','{\n    \"1\": {\n        \"skill\": \"Cosmetic surgery\",\n        \"percent\": \"100\"\n    },\n\"2\": {\n        \"skill\": \"Hair transplant\",\n        \"percent\": \"100\"\n    },\n\"3\": {\n        \"skill\": \"Dermatology\",\n        \"percent\": \"95\"\n    },\n\"4\": {\n        \"skill\": \"Brow lift and forehead\",\n        \"percent\": \"95\"\n    },\n\"5\": {\n        \"skill\": \"Botox and gel injections\",\n        \"percent\": \"95\"\n    }\n \n \n}\n',NULL,NULL,NULL,2),(19,'Dr. Shahriyar Yahyavi','Dr. Shahriyar Yahyavi is an  active specialist in facial and nose cosmetic surgeries, nose and sinus endoscopic surgeries, breathing disorders, head and neck tumors.','4_e-SE5fDk0;iHH9xmhXgjY;evj--mSzuGU;oL1mu6ERJfk;EM5aSSJVeCA','',NULL,NULL,NULL,'2019-02-14 10:00:00','2019-10-12 05:03:00','doctors/October2019/OMJ8dvDMe1nkkz3TvYBd.jpg','[\"doctors\\/October2019\\/jeQkecSpZK0qSG5jkmkT.jpg\",\"doctors\\/October2019\\/2N7N8HIzPBxetdJvM2XQ.jpg\",\"doctors\\/October2019\\/tG5rqt8MB32xcc5YtWi9.jpg\",\"doctors\\/October2019\\/NUeUF1ctwPcMOXKJdvQU.jpg\"]',1,'dr-shahriyar-yahyavi',100,'{\n    \"1\": {\n        \"name\": \"Iran’s university of medical science\",\n        \"degree\": \"Doctor of Medicine\",\n        \"date\": \"1988\"\n       },\n \"2\": {\n        \"name\": \"Amir-Alam hospital\",\n        \"degree\": \"otolaryngologist degree\",\n        \"date\": \"2002\"\n       }\n}\n','{\n    \"1\": {\n        \"skill\": \"Rhinoplasty\",\n        \"percent\": \"100\"\n    },\n\"2\": {\n        \"skill\": \"Otoplasty (Ear surgery)\",\n        \"percent\": \"95\"\n    },\n\"3\": {\n        \"skill\": \"Blepharoplasty (Eyelid Surgery)\",\n        \"percent\": \"90\"\n    },\n\"4\": {\n        \"skill\": \"Face lift\",\n        \"percent\": \"90\"\n    }\n}\n',NULL,22,'doctors/October2019/7QMOeLAxYOSEmrO1Lcmt.jpg',1),(21,'Dr. HamidReza Alizadeh Otaghvar','Dr. Hamid Reza Alizadeh is a specialist in plastic, reconstructive and cosmetic surgery and has a specialized board in this field.\nHe graduated from Alborz High School in 2007 and was admitted to medicine that same year.\n After completing a general medical course and earning a first rank, he graduated and achieved a 1% first place in the residency admission test.\nHe was immediately accepted into the field of general surgery and completed his degree with a nationally-honored degree and was selected as a faculty member.\nSubsequently, he was accepted to the specialty exam in Plastic, Reconstructive and Aesthetic Surgery and after a three-year specialization in this field, he graduated from Shahid Beheshti University of Medical Sciences.\nCurrently, he is an Exemplary Professor at Iran University of Medical Sciences.\nHe has had several surgeries so far and has had numerous international and domestic articles and has authored numerous books.\nSo far, he has been elected to the University three times as an Exemplary Professor and is currently working in the field of medical education as a consultant with the Deputy Minister of Education of the Ministry of Health and Medical Education.\nIt should be noted that he is a member of the Society of Specialist Plastic Surgeons of the country\n- Editorial Board of the top scientific and research journals of the country\n- The jury member of international journals of plastic, reconstructive and cosmetic surgeons.','','',NULL,NULL,NULL,'2019-02-14 10:00:00','2019-10-30 06:09:57','doctors/October2019/BIZBuMyaqEXrF1lgywpJ.jpg','[\"doctors\\/October2019\\/gfzCTAuwJhMvQSziibNM.jpg\",\"doctors\\/October2019\\/7arSYUfIensUeGJZhQqD.jpg\"]',1,'aldktwr-hmydrdha-alyzadh-ataqwr',100,'{\n    \"1\": {\n        \"name\": \"Shahid Beheshti University of Medical Sciences\",\n        \"degree\": \"Specialty in Plastic, Reconstructive and Cosmetic Surgery\",\n        \"date\": \"1988\"\n       }\n}\n','{\n    \"1\": {\n        \"skill\": \"Rhinoplasty\",\n        \"percent\": \"100\"\n    },\n\"2\": {\n        \"skill\": \"Otoplasty (Ear surgery)\",\n        \"percent\": \"95\"\n    },\n\"3\": {\n        \"skill\": \"Blepharoplasty (Eyelid Surgery)\",\n        \"percent\": \"90\"\n    },\n\"4\": {\n        \"skill\": \"Face lift\",\n        \"percent\": \"90\"\n    },\n   \"5\": {\n        \"skill\": \"Breast Augmentation and reduction\",\n        \"percent\": \"90\"\n    }\n}\n',NULL,22,'doctors/October2019/ZjdCk0H6SKYO8UUv4Xk2.jpg',1),(22,'Dr Roxana Abbasi','Dr. Roxana Abbasi has a specialized board on internal diseases and is active in the treatment of gastrointestinal diseases, glands, diabetes and all internal diseases. She is also a member of the American Association of Medical Professionals (ACP), the Iranian Association of Gastroenterology and Hepatology (IGHA) and the Canadian Diabetes Association of Physicians. She holds an Endoscopy Degree from IGHA. She also has end-of-course training in Motility Lab manometry and esophageal pH meter and anorectal manometry from Toronto, Western Canada.','',NULL,NULL,NULL,NULL,'2019-10-30 05:27:00','2019-10-30 08:25:36','doctors/October2019/V6eyFUAjg8m0JAH18VpU.jpg',NULL,1,'dr-roxana-abbasi',100,'{\n    \"1\": {\n        \"name\": \"Endoscopy Degree\",\n        \"degree\": \"Iranian Association of Gastroenterology and Hepatology (IGHA)\",\n        \"date\": \"1998\"\n       },\n\"2\": {\n        \"name\": \"end-of-course training in Motility Lab\",\n        \"degree\": \" Toronto, Western Canada\",\n        \"date\": \"1998\"\n       }\n}','{\n    \"1\": {\n        \"skill\": \"Endoscopy and colonoscopy\",\n        \"percent\": \"100\"\n    },\n\"2\": {\n        \"skill\": \"Gastrointestinal, Endocrine, Diabetes and All Internal Diseases\",\n        \"percent\": \"100\"\n    }\n}\n','MBBS, MD',24,'doctors/October2019/2wmNOZK7z5U3NAUJt7x4.jpg',1),(23,'Dr Mohammad Nasir Naderi','Dr. Mohammad Nasir Naderi graduated from the University of Tehran with a degree in General Medicine in 2007. After completing his military service, he began his residency course in orthopedics at the University of Iran, and began his career as an orthopedic specialist in bone and joint surgery. After graduating, he also gained valuable experience by continuing to work with trainees in the field of trauma, particularly intra-articular fracture problems and hip fractures.\nFor a subspecialty, he completed a 6-month course in Arthroscopy & Sport Traumatology in Austria and had  a 5-month training in shoulder and arthroscopic course under the supervision of Professor Funk spent in England.','','',NULL,NULL,NULL,'2019-08-06 00:38:00','2019-10-30 08:30:30','doctors/October2019/SwxTtf3RLR4jCzGi4KBI.jpg','[\"doctors\\/October2019\\/YZCTVENazj8ItvVDvrzi.jpg\",\"doctors\\/October2019\\/pQj1ktVdSW4MvvadlHTW.jpg\",\"doctors\\/October2019\\/Mr0zM21hLEAXcpR8322K.jpg\"]',2,'aldktwr-mhmd-nsyr-nadry',100,'{\n    \"1\": {\n        \"name\": \"University of Tehran\",\n        \"degree\": \"General Medicine\",\n        \"date\": \"2007\"\n    },\n    \"2\": {\n        \"name\": \"residency course in orthopedicss\",\n        \"degree\": \"University of Iran \",\n        \"date\": \"2010\"\n     },\n    \"3\": {\n        \"name\": \"shoulder and arthroscopic course\",\n        \"degree\": \"England (under the supervision of Professor Funk) \",\n        \"date\": \"2013\"\n}\n}\n','\n{\n    \"1\": {\n        \"skill\": \"Shoulder replacement surgery\",\n        \"percent\": \"100\"\n    },\n\"2\": {\n        \"skill\": \"Arthroscopic operations (closed operations)\",\n        \"percent\": \"100\"\n    },\n\"3\": {\n        \"skill\": \"Orthopedic surgery\",\n        \"percent\": \"95\"\n    }\n}\n','MBBS, MD',22,'doctors/October2019/VIkoGDfYVTh3ogtiLb9R.jpg',1),(24,'Dr Morteza Nakhaei','Dr. Morteza Nakhaei graduated from Tehran University of Medical Sciences with 6 rank in the field of entrance exam. He received his doctorate in general medicine with first honors (the first 3% of the university) from the same university. He spent two years in the military as a public health practitioner and then joined orthopedics at Tehran University of Medical Sciences. He received a degree in orthopedics from Iran University of Medical Sciences.\nDr. Morteza Nakhaei completed his degree in shoulder surgery at Iran University of Medical Sciences, then another degree in shoulder and elbow surgery in arthroscopy in the UK (Liverpool University Hospital), and is currently a faculty member. (Associate Professor) Orthopedics at Iran University of Medical Sciences - Department of Shoulder Surgery - Tehran.\nDr. Morteza Nakhaei has a two-year experience with a general medicine certificate, then a degree in surgery and specialization in orthopedics. For eleven years as a comb and concussion surgeon, he works in both the academic and private sectors.','','',NULL,NULL,NULL,'2019-08-06 00:38:00','2019-10-30 08:32:10','doctors/October2019/IP2srFtMkjDtYLRYnzBd.png',NULL,2,'dr-morteza-nakhaei',100,'{\n    \"1\": {\n        \"name\": \"Tehran University of Medical Sciences\",\n        \"degree\": \"General Medicine\",\n        \"date\": \"1997\"\n    },\n    \"2\": {\n        \"name\": \"Orthopedic Specialty \",\n        \"degree\": \"Iran University of Medical Sciences \",\n        \"date\": \"2003\"\n     },\n    \"3\": {\n        \"name\": \"Shoulder, elbow and arthroscopic surgery\",\n        \"degree\": \"England (Royal Liverpool University Hospital)\",\n        \"date\": \"2007\"\n}\n}\n','\n{\n    \"1\": {\n        \"skill\": \"Laparoscopic shoulder surgery\",\n        \"percent\": \"100\"\n    },\n\"2\": {\n        \"skill\": \"Shoulder joint surgery\",\n        \"percent\": \"100\"\n    },\n\"3\": {\n        \"skill\": \"Orthopaedic Surgery\",\n        \"percent\": \"95\"\n    }\n}\n','MBBS, MD',22,NULL,1),(27,'Dr Babak Babsharif','Dr. Babak Bab Sharif is a specialist in plastic (eye) and laser surgery. He is a member of the American Academy of Ophthalmology (AAO) as well as a member of the European Society of Cataract and Refractive Surgeons (ESCRS).','','','+982166166320',NULL,'www.medtouriran.com','2019-08-10 01:18:00','2019-10-30 11:10:32','doctors/October2019/Xl7buXTAlVMOQ1LGOPJF.JPG','[\"doctors\\/October2019\\/FLrYGTHl0IEI5hF4vTWH.jpg\",\"doctors\\/October2019\\/c6AzhJ6PSOuMTLpEv7Rf.jpg\",\"doctors\\/October2019\\/BcPz54Mci0AYadkokH1L.jpg\",\"doctors\\/October2019\\/fiELZMiWv5XeKNg3r8Qp.jpg\"]',4,'dr-babak-babsharif',100,'{\n    \"1\": {\n        \"name\": \"Shahid Beheshti University of Medical Sciences\",\n        \"degree\": \"General medical degree\",\n        \"date\": \"1989\"\n  \n       },\n \"2\": {\n        \"name\": \"Shahid Beheshti University of Medical Sciences\",\n        \"degree\": \"Specialized Ophthalmology Board\",\n        \"date\": \"1997\"\n      \n       },\n\"3\": {\n        \"name\": \"Shahid Beheshti University of Medical Sciences\",\n        \"degree\": \"Specialty in Ophthalmology\",\n        \"date\": \"2006\"\n      \n       },\n\"4\": {\n        \"name\": \"International Council of Ophthalmology (ICO) Cambridge, England\",\n        \"degree\": \"Certificate \",\n        \"date\": \"2010\"\n      \n       },\n\"5\": {\n        \"name\": \"UNIVERSITY OF TEXAS, USA\",\n        \"degree\": \"Graduate course\",\n        \"date\": \"2012\"\n      \n       }\n}\n','{\n    \"1\": {\n        \"skill\": \"Cosmetic eyelid surgery\",\n        \"percent\": \"100\"\n    },\n\"2\": {\n        \"skill\": \"Eye bag surgery\",\n        \"percent\": \"100\"\n    },\n\"3\": {\n        \"skill\": \"Strabismus surgery\",\n        \"percent\": \"95\"\n    },\n\"4\": {\n        \"skill\": \"LASIK surgery\",\n        \"percent\": \"95\"\n    },\n\"5\": {\n        \"skill\": \"Brow lift and forehead\",\n        \"percent\": \"95\"\n    },\n\"6\": {\n        \"skill\": \"Botox and gel injections\",\n        \"percent\": \"95\"\n    }\n \n \n}\n','MBBS, MD',22,'doctors/October2019/dbIPET44a68jUJyNT7XF.jpg',1);
/*!40000 ALTER TABLE `doctors` ENABLE KEYS */;
UNLOCK TABLES;

--
-- Table structure for table `faqs`
--

DROP TABLE IF EXISTS `faqs`;
/*!40101 SET @saved_cs_client     = @@character_set_client */;
/*!40101 SET character_set_client = utf8 */;
CREATE TABLE `faqs` (
  `id` int(10) unsigned NOT NULL AUTO_INCREMENT,
  `question` tinytext COLLATE utf8mb4_unicode_ci NOT NULL,
  `answer` mediumtext COLLATE utf8mb4_unicode_ci,
  `icon` varchar(255) COLLATE utf8mb4_unicode_ci DEFAULT NULL,
  `created_at` timestamp NULL DEFAULT NULL,
  `updated_at` timestamp NULL DEFAULT NULL,
  `order` int(11) DEFAULT '1',
  PRIMARY KEY (`id`)
) ENGINE=InnoDB AUTO_INCREMENT=6 DEFAULT CHARSET=utf8mb4 COLLATE=utf8mb4_unicode_ci;
/*!40101 SET character_set_client = @saved_cs_client */;

--
-- Dumping data for table `faqs`
--

LOCK TABLES `faqs` WRITE;
/*!40000 ALTER TABLE `faqs` DISABLE KEYS */;
INSERT INTO `faqs` VALUES (1,'What is Medtouriran?','<p>Medtouriran is an online medical tourism facilitator platform to provide this opportunity for citizens of one country to travel to IRAN and obtain high quality and affordable health care services. At now, this platform is active in Tehran, Mashhad and Shiraz, the biggest cities in Iran. Medtouriran provides all services international patients need include visa, flight, transfer, accommodation, medical and cosmetic services, city sightseeing and follow up.</p>',NULL,'2019-08-15 00:05:00','2019-08-31 10:14:55',1),(2,'Which medical and cosmetic services are provided in Medtouriran?','<p>The various elective medical services include diagnostic, ENT (ear, nose and throat), orthopedic, eye care, infertility, cardiology, dental health, and cosmetic operation include rhinoplasty, hair transplant, tommy tuck, liposuction, mammoplasty, eyelids surgery and so on are provided in Medtouriran.<span style=\"color: #00ffff;\"><strong><a style=\"color: #00ffff;\" href=\"https://medtouriran.com/en/procedures\" target=\"_blank\" rel=\"noopener\"> Click here</a></strong></span> to view the list of our procedures and<span style=\"color: #00ffff;\"> <strong><a style=\"color: #00ffff;\" href=\"https://medtouriran.com/en/packages\" target=\"_blank\" rel=\"noopener\">click here</a></strong></span> to view our medical and cosmetic packages. We also provide complementary and alternative medicine treatment for various diseased conditions that you can fill out our contact form at the bottom of the page if you need.</p>',NULL,'2019-08-15 00:05:00','2019-08-31 10:16:44',1),(3,'What should I do if the treatment I’m looking for is not mentioned in your platform?','<p>We have mentioned only some common popular treatments and cosmetic services in our website. If the treatment you are looking for is not undertaken at our platform, we are here to guide you for selection of the best possible options according to your requirement and medical condition. You can fill out our contact form and our colleague let you know more about various other medical and cosmetic procedures.</p>',NULL,'2019-08-31 09:18:00','2019-09-02 00:13:46',1),(4,' In which criteria medical centers (clinics and hospitals) are selected? ','<p>We thrive on providing affordable and excellent medical services. We have chosen our affiliation on the basis of below mentioned criteria.</p>\n<p> State of art infrastructure</p>\n<p> Use of latest technology</p>\n<p> Well experienced health care provider</p>\n<p> Latest pathology and diagnostic laboratory</p>\n<p> Supportive cooperative staff, who can understand English and Arabic languages.</p>\n<p> Excellent hospitality</p>\n<p> Back-up plans and facilities to counter emergency needs - electrical power back up, enough competitive staff, blood arrangement, ambulance, escorts facility</p>\n<p> Cleanliness and hygienic environment</p>\n<p> Proper location- easy to reach destination that has easy access to other facilities such as market. Located at a quiet place away from noise and pollution of traffic.</p>\n<p> Review of their international, domestic, clinical and service credentials.</p>\n<p> We visit the place personally time to time and are in constant connection with organization, their staff to have the latest updates.</p>',NULL,'2019-08-31 09:19:00','2019-08-31 10:08:08',1),(5,'Which preparation is needed before a medical treatment travel?','<p>There are certain &lsquo;must know&rsquo; parameters which need to be carefully evaluated to ensure successful outcome and stay away from disastrous medical travel. The guidelines that will help you to have successful and fruitful medical journey are as mentioned below:</p>\n<p> Selection of the destination</p>\n<p> Selection of medical center, clinic or doctor. We let you know the educational, back-ground, work experience, patient&rsquo;s testimonials and success ratio of the concerned surgeon through clicking <span style=\"color: #00ffff;\"><strong><a style=\"color: #00ffff;\" href=\"https://medtouriran.com/en/services/doctors\" target=\"_blank\" rel=\"noopener\">our doctors</a>. </strong></span></p>\n<p> Consult with our wellness experts.</p>\n<p> To make sure you have a signed and valid passport and the required visa. It is better to have some copies of passport identification page that will be of great help if the passport is lost or stolen.</p>\n<p> To keep the scanned or photo copies of passport, passport photos, medical records, and paper tickets with the list of important phone numbers in email accounts.</p>\n<p> To carry complete medical reports/doctors notes, as well as copy of all drug prescriptions.<span style=\"color: #00ffff;\"> <strong><a style=\"color: #00ffff;\" href=\"https://medtouriran.com/en/blogs\" target=\"_blank\" rel=\"noopener\">Read more</a></strong></span></p>',NULL,'2019-08-31 09:19:00','2019-08-31 10:16:14',1);
/*!40000 ALTER TABLE `faqs` ENABLE KEYS */;
UNLOCK TABLES;

--
-- Table structure for table `hotel_hotel_item`
--

DROP TABLE IF EXISTS `hotel_hotel_item`;
/*!40101 SET @saved_cs_client     = @@character_set_client */;
/*!40101 SET character_set_client = utf8 */;
CREATE TABLE `hotel_hotel_item` (
  `id` int(10) unsigned NOT NULL AUTO_INCREMENT,
  `hotel_id` int(11) NOT NULL,
  `hotel_item_id` int(11) NOT NULL,
  `created_at` timestamp NULL DEFAULT NULL,
  `updated_at` timestamp NULL DEFAULT NULL,
  PRIMARY KEY (`id`)
) ENGINE=InnoDB AUTO_INCREMENT=119 DEFAULT CHARSET=utf8mb4 COLLATE=utf8mb4_unicode_ci;
/*!40101 SET character_set_client = @saved_cs_client */;

--
-- Dumping data for table `hotel_hotel_item`
--

LOCK TABLES `hotel_hotel_item` WRITE;
/*!40000 ALTER TABLE `hotel_hotel_item` DISABLE KEYS */;
INSERT INTO `hotel_hotel_item` VALUES (1,1,1,NULL,NULL),(2,1,2,NULL,NULL),(3,1,3,NULL,NULL),(4,2,1,NULL,NULL),(5,2,2,NULL,NULL),(6,2,3,NULL,NULL),(7,3,1,NULL,NULL),(8,3,2,NULL,NULL),(9,3,3,NULL,NULL),(10,3,4,NULL,NULL),(11,3,5,NULL,NULL),(13,3,7,NULL,NULL),(15,2,4,NULL,NULL),(16,2,5,NULL,NULL),(17,2,7,NULL,NULL),(18,1,4,NULL,NULL),(19,1,5,NULL,NULL),(20,1,7,NULL,NULL),(21,4,1,NULL,NULL),(22,4,2,NULL,NULL),(23,4,3,NULL,NULL),(24,4,7,NULL,NULL),(25,5,1,NULL,NULL),(26,5,2,NULL,NULL),(27,5,3,NULL,NULL),(28,5,7,NULL,NULL),(29,13,1,NULL,NULL),(30,13,2,NULL,NULL),(31,16,1,NULL,NULL),(32,16,2,NULL,NULL),(33,16,3,NULL,NULL),(34,16,4,NULL,NULL),(35,16,5,NULL,NULL),(36,16,7,NULL,NULL),(37,18,1,NULL,NULL),(38,18,2,NULL,NULL),(39,18,3,NULL,NULL),(40,18,4,NULL,NULL),(41,18,5,NULL,NULL),(42,18,7,NULL,NULL),(43,17,1,NULL,NULL),(44,17,2,NULL,NULL),(45,17,3,NULL,NULL),(46,17,4,NULL,NULL),(47,17,5,NULL,NULL),(48,19,1,NULL,NULL),(49,19,2,NULL,NULL),(50,20,1,NULL,NULL),(51,20,2,NULL,NULL),(52,20,3,NULL,NULL),(53,20,4,NULL,NULL),(54,20,7,NULL,NULL),(55,20,9,NULL,NULL),(56,20,10,NULL,NULL),(57,21,1,NULL,NULL),(58,21,2,NULL,NULL),(59,21,3,NULL,NULL),(60,21,4,NULL,NULL),(61,21,5,NULL,NULL),(62,21,7,NULL,NULL),(63,21,9,NULL,NULL),(64,21,10,NULL,NULL),(65,22,1,NULL,NULL),(66,22,2,NULL,NULL),(67,22,3,NULL,NULL),(68,22,7,NULL,NULL),(69,22,9,NULL,NULL),(70,22,10,NULL,NULL),(71,23,1,NULL,NULL),(72,23,2,NULL,NULL),(73,23,3,NULL,NULL),(74,23,7,NULL,NULL),(75,23,9,NULL,NULL),(76,23,10,NULL,NULL),(77,5,10,NULL,NULL),(78,24,1,NULL,NULL),(79,24,2,NULL,NULL),(80,24,3,NULL,NULL),(81,24,7,NULL,NULL),(84,25,1,NULL,NULL),(85,25,2,NULL,NULL),(86,25,3,NULL,NULL),(87,25,7,NULL,NULL),(88,25,9,NULL,NULL),(89,25,10,NULL,NULL),(90,26,1,NULL,NULL),(91,26,2,NULL,NULL),(92,26,3,NULL,NULL),(93,26,4,NULL,NULL),(94,26,5,NULL,NULL),(95,26,7,NULL,NULL),(98,19,11,NULL,NULL),(99,19,12,NULL,NULL),(100,15,1,NULL,NULL),(101,15,2,NULL,NULL),(102,15,3,NULL,NULL),(103,15,11,NULL,NULL),(104,15,12,NULL,NULL),(105,27,1,NULL,NULL),(106,27,2,NULL,NULL),(107,27,3,NULL,NULL),(108,27,7,NULL,NULL),(109,27,9,NULL,NULL),(110,27,10,NULL,NULL),(111,28,1,NULL,NULL),(112,28,2,NULL,NULL),(113,28,3,NULL,NULL),(114,28,4,NULL,NULL),(115,28,5,NULL,NULL),(116,28,7,NULL,NULL),(117,29,12,NULL,NULL),(118,31,12,NULL,NULL);
/*!40000 ALTER TABLE `hotel_hotel_item` ENABLE KEYS */;
UNLOCK TABLES;

--
-- Table structure for table `hotel_items`
--

DROP TABLE IF EXISTS `hotel_items`;
/*!40101 SET @saved_cs_client     = @@character_set_client */;
/*!40101 SET character_set_client = utf8 */;
CREATE TABLE `hotel_items` (
  `id` int(10) unsigned NOT NULL AUTO_INCREMENT,
  `title` varchar(191) COLLATE utf8mb4_unicode_ci NOT NULL,
  `icon` varchar(191) COLLATE utf8mb4_unicode_ci DEFAULT NULL,
  `created_at` timestamp NULL DEFAULT NULL,
  `updated_at` timestamp NULL DEFAULT NULL,
  PRIMARY KEY (`id`)
) ENGINE=InnoDB AUTO_INCREMENT=13 DEFAULT CHARSET=utf8mb4 COLLATE=utf8mb4_unicode_ci;
/*!40101 SET character_set_client = @saved_cs_client */;

--
-- Dumping data for table `hotel_items`
--

LOCK TABLES `hotel_items` WRITE;
/*!40000 ALTER TABLE `hotel_items` DISABLE KEYS */;
INSERT INTO `hotel_items` VALUES (1,'Parking','flaticon-garage','2019-07-01 02:40:00','2019-07-27 05:13:16'),(2,'coffee shop','flaticon-coffee-cup','2019-07-01 02:41:00','2019-07-27 05:13:58'),(3,'Elevator','flaticon-elevator','2019-07-01 02:44:00','2019-07-27 05:16:20'),(4,'Swimming pool','fa fa-swimming-pool','2019-07-27 03:10:00','2019-07-27 05:43:26'),(5,'Spa','fa fa-spa','2019-07-27 03:10:00','2019-07-27 05:40:17'),(7,'Internet','fa fa-wifi','2019-07-27 03:11:00','2019-07-27 05:31:24'),(11,'Emergency ','fas fa-ambulance','2019-08-13 02:11:00','2019-08-24 09:42:43'),(12,'Surgery room','fas fa-scalpel-path','2019-08-13 03:30:00','2019-08-24 09:41:50');
/*!40000 ALTER TABLE `hotel_items` ENABLE KEYS */;
UNLOCK TABLES;

--
-- Table structure for table `hotels`
--

DROP TABLE IF EXISTS `hotels`;
/*!40101 SET @saved_cs_client     = @@character_set_client */;
/*!40101 SET character_set_client = utf8 */;
CREATE TABLE `hotels` (
  `id` int(10) unsigned NOT NULL AUTO_INCREMENT,
  `title` varchar(191) COLLATE utf8mb4_unicode_ci NOT NULL,
  `star` int(11) DEFAULT NULL,
  `city_id` int(11) DEFAULT NULL,
  `location` varchar(255) COLLATE utf8mb4_unicode_ci DEFAULT NULL,
  `description` longtext COLLATE utf8mb4_unicode_ci,
  `person` int(11) DEFAULT NULL,
  `bed` int(11) DEFAULT NULL,
  `price` int(11) DEFAULT NULL,
  `image` varchar(255) COLLATE utf8mb4_unicode_ci DEFAULT NULL,
  `images` tinytext COLLATE utf8mb4_unicode_ci,
  `created_at` timestamp NULL DEFAULT NULL,
  `updated_at` timestamp NULL DEFAULT NULL,
  `slug` varchar(191) COLLATE utf8mb4_unicode_ci DEFAULT NULL,
  `type` varchar(255) COLLATE utf8mb4_unicode_ci DEFAULT NULL,
  `order` int(11) DEFAULT '1',
  `grand_background` varchar(255) COLLATE utf8mb4_unicode_ci DEFAULT NULL,
  PRIMARY KEY (`id`)
) ENGINE=InnoDB AUTO_INCREMENT=32 DEFAULT CHARSET=utf8mb4 COLLATE=utf8mb4_unicode_ci;
/*!40101 SET character_set_client = @saved_cs_client */;

--
-- Dumping data for table `hotels`
--

LOCK TABLES `hotels` WRITE;
/*!40000 ALTER TABLE `hotels` DISABLE KEYS */;
INSERT INTO `hotels` VALUES (1,'Espinas Palace Hotel',5,1,'\0\0\0\0\0\0\0+','<p class=\"paragraph-medium paragraph-black text-left\" style=\"box-sizing: border-box; margin: 0px 0px 10px; padding: 0px; line-height: 1.6; font-size: 16px; font-family: Montserrat, sans-serif; color: #777777;\"><span style=\"color: #777777; font-family: Montserrat, sans-serif;\">Espanas Palace stare its looks with its location in the northern region of Tehran, like the hidden jewel in a quiet paradise. This hotel offers a variety of luxury services, with different expectations. Also, the design of this hotel, using contemporary architecture and impressed by the amazing architecture of the past, has considered the tastes of all ages. Perhaps this is why the name has been chosen as \"Palace\". Additionally, this eye-catching palace is one of the finest in Tehran, with a magnificent lobby, spectacular public spaces, and especially standard equipped rooms. All of the expectations of a five-star hotel are best suited for this hotel. This feature has made all the guests experience a comfortable stay. We will be deeply happy to be happy with your warm presence at Spinas Palas.</span></p>',3,2,85,'hotels/July2019/iTpSBDPg2ryI7Jr3MYQU.jpg','[\"hotels\\/July2019\\/iB8EOFAyqC94qgyNPfua.jpg\",\"hotels\\/July2019\\/JUBHkcT0DAdYsA43IoFz.jpg\",\"hotels\\/July2019\\/HZ17pYFtsi5VMeamAFIu.jpg\",\"hotels\\/July2019\\/UDGDupxzxj7ESxs7eRvg.jpg\"]','2019-07-01 10:11:00','2019-09-08 12:48:07','Espinas Palace Hotel','hotels',25,'hotels/September2019/Row64W5I64gtD9cxPj2R.jpg'),(2,'Hotel Parsian Kosar',4,1,'\0\0\0\0\0\0\0+','<p>Parsian Kosar Hotel is a beautiful residence of the Parsian Hotel Group in Tehran. This hotel is located near the city market and offers good access to the Carpet Museum, Golestan Palace, Sa\'ad Abad and Niavaran. The interior of the hotel is designed by traditional Iranian architecture with mirror and beautiful paintings. In the restaurant of this hotel, delicious Persian and French cuisine are cooked, which is one of the most remarkable prominences in the hotel. Parsian Kosar Hotel is a traditional tablecloth with delightful atmosphere along with authentic Persian dishes for travelers.</p>',NULL,3,50,'hotels/July2019/7RoQSoVgKFGZRw0Q4J4V.jpg','[\"hotels\\/July2019\\/8bvi5f1KMKoUmlNRic5t.jpg\",\"hotels\\/July2019\\/PinPPeuXbuuu2om74c6u.jpg\",\"hotels\\/July2019\\/LSBcerS4fjxA4o9Fmoda.jpg\"]','2019-07-27 02:55:00','2019-08-13 03:11:43','fndq-bars-an-wthr','hotels',24,NULL),(3,'Hotel Parsian Azadi',5,1,'\0\0\0\0\0\0\0+','<p>Parsian Azadi Hotel Tehran is one of the best 5 star hotels in Tehran. Located next to the mountain range of Alborz Mountains, this hotel is located in a peaceful spot in the immediate vicinity of the international exhibition hall of the summit.</p>\n<p>Although the Parsian Azadi Hotel is far from the city center, it is accessible to all parts of the city, including attractions and places of interest, at the crossing of main roads. From the Parsian Azadi Hotel, you can easily go to Zurastic Park and Saadabad Beach Resort and Resort Mountain.</p>\n<p>In the Parsian Hotel, Tehran has everything to offer a comfortable and relaxing stay. The most appealing restaurants, the most equipped meeting rooms and the best rooms and suites.</p>',3,3,78,'hotels/July2019/xDzyUL2vIMsCEONU0nEd.jpg','[\"hotels\\/July2019\\/Sn6WCz2EZm665PaBXVpJ.jpg\",\"hotels\\/July2019\\/KHFMQ3ZwXCRTWUYJoa3m.jpg\"]','2019-07-27 03:10:00','2019-08-13 03:11:43','fndq-bars-an-aazad','hotels',23,NULL),(5,'Sasan Hotel ',2,1,'\0\0\0\0\0\0\0+','<p><span style=\"font-size: 14pt;\"><em><strong>Sasan Hotel</strong></em></span> is a 2-star hotel located in Tehran and is close to shopping, medical and center of Tehran. Dear travelers and tourists can enjoy this privilege of traveling around Tehran without worrying about staying at this hotel. Hotel Sasan has a short drive to Hafte Tir Square which is easily accessible to other areas such as Sepah Square, Mofateh Street, Taleghani Street, etc.</p>',NULL,2,22,'hotels/July2019/50L0tI7pvoW3jfD5VosP.jpg',NULL,'2019-07-30 03:27:00','2019-08-13 03:11:43','sasan-hotel','hotels',22,NULL),(6,'Moheb Mehr Hospital',5,1,'\0\0\0\0\0\0\0+','',NULL,NULL,NULL,'hotels/July2019/W5HWrl7RFyrZ5uRkyXZT.jpg','[\"hotels\\/July2019\\/JjNEZVAPfPzYyf5VTPFx.jpg\",\"hotels\\/July2019\\/oe8V2A8Y1eyQ2AdXU5e7.jpg\",\"hotels\\/July2019\\/1fYnk1mdmamUmcFJ01Nk.jpg\",\"hotels\\/July2019\\/t0FPGp3AdS0QN4pjpgYk.jpg\"]','2019-07-30 03:33:00','2019-08-13 03:11:43','moheb-mehr-hospital','medical-centers',21,NULL),(7,'NEGAH eye center',5,1,'\0\0\0\0\0\0\0+','',NULL,NULL,NULL,'hotels/July2019/eGIB52SKQzZmkbOuZDWA.jpg','[\"hotels\\/July2019\\/nV9A45sbOpOpbsWwqfp3.jpg\",\"hotels\\/July2019\\/gEjcJvt5euOmYAeHwMa8.jpg\",\"hotels\\/July2019\\/AVfaWIJ6Tva1jTzCdhod.jpg\",\"hotels\\/July2019\\/psrDp539Zg9CUZH55Ko3.jpg\"]','2019-07-30 03:43:00','2019-08-13 03:11:43','negah-eye-center','medical-centers',20,NULL),(8,'Mahan Orthopedic Clinic',5,1,'\0\0\0\0\0\0\0+','',NULL,NULL,NULL,'hotels/September2019/ubRVVsoUXmMswB1gCpkw.jpg','[\"hotels\\/July2019\\/HmCRP7mSQJTQb6xOfK3j.jpg\",\"hotels\\/July2019\\/C6lwcjMfwlndVRmPqxfY.jpg\",\"hotels\\/July2019\\/qdGchPi99IiE4ovmbTfP.jpg\"]','2019-07-30 08:39:00','2019-09-21 10:58:20','mahan-orthopedic-clinic','medical-centers',19,'hotels/September2019/70iYOokB1RYwOr5yRQql.jpg'),(9,'Iran Novin Clinic ',5,1,'\0\0\0\0\0\0\0+','',NULL,NULL,NULL,'hotels/August2019/URezLYzTt1mRp6K6xGky.jpg','[\"hotels\\/September2019\\/n0oraQONiSPK99rD1qj8.jpg\",\"hotels\\/September2019\\/k71cG6xAIsumzEE2XISE.jpg\"]','2019-08-03 06:26:00','2019-09-21 11:15:18','iran-novin-clinic','medical-centers',18,NULL),(10,'ERFAN Hospital',5,1,'\0\0\0\0\0\0\0+','',NULL,NULL,NULL,'hotels/August2019/lyUqmLJO59Xo2vNS1rbp.jpg','[\"hotels\\/August2019\\/Fo4wtQOU4dvxHPVDGK2c.jpg\",\"hotels\\/August2019\\/DeYBjYkyNtt1KCBWqnqD.jpg\",\"hotels\\/August2019\\/Su7Tplb7ImZ2hBmeMOqn.jpg\",\"hotels\\/August2019\\/LRRx2EeU3qr39ljj0o24.jpg\"]','2019-08-03 06:28:00','2019-08-27 00:04:47','erfan-hospital','medical-centers',17,NULL),(11,'BAHMAN Hospital',5,1,'\0\0\0\0\0\0\0+','',NULL,NULL,NULL,'hotels/August2019/nNYoqVCNHIKnDnHEo36b.jpg','[\"hotels\\/August2019\\/BYxzhFVf2Weaf8MuzBZ7.jpg\",\"hotels\\/August2019\\/CYGdksgpLcmpN4OydMWT.jpg\",\"hotels\\/August2019\\/L24jOfNOTNTYfj8O9qVO.jpg\",\"hotels\\/August2019\\/CGquqsAAnkx9KSFhQR4P.jpg\",\"hotels\\/August2019\\/2uxJQNjkUYFlpS6nlykF.jpg\"]','2019-08-03 06:29:00','2019-08-27 00:00:06','bahman-hospital','medical-centers',16,NULL),(13,'DR KHODADOOST eye center',5,3,'\0\0\0\0\0\0\0+','',NULL,NULL,NULL,'hotels/August2019/6YnnoODxuZPWgfZLfapG.jpg',NULL,'2019-08-03 06:33:00','2019-08-13 03:11:43','mstshf-ala-wn-d-twr-khdadwst','medical-centers',14,NULL),(14,'RAZAVI Hospital',5,2,'\0\0\0\0\0\0\0+','<p>Razavi hospital is one of the best advanced hospitals in Mashhad. The latest methods and engineering techniques have been used in order to construct this hospital. Razavi hospital employs only the most experienced and the best medical specialists from all over Iran</p>',NULL,NULL,NULL,'hotels/August2019/diQHr8uMqeHGIwqKWbq2.jpg',NULL,'2019-08-03 06:35:00','2019-08-13 03:11:43','razavi-hospital','medical-centers',13,NULL),(15,'BASIR SHIRAZ eye center ',5,3,'\0\0\0\0\0\0\0+','<p style=\"direction: rtl;\"><span style=\"color: #626262; font-family: IRANSans, Arial, Tahoma, sans-serif; font-size: 14px; background-color: #fcfcfc;\">مرکز چشم پزشکی بصیر شیراز در سال ۱۳۸۳ در خیابان عفیف آباد تأسیس گردید و به منظور توسعه مرکز برای جذب بیماران خارجی، این کلینیک در سال ۱۳۹۶ در بلوار پاسداران، خیابان مبعث با بروزترین تجهیزات تاسیس گردید. این مرکز دارای تمامی امکانات لازم جهت درمان بیماریهای چشم بوده و تمامی متخصصین در حوزه های شبکیه، قرنیه، فوق تخصص پلک و پلاستیک چشم، فوق تخصص آب سیاه فوق تخصص چشم اطفال و جراح و متخصص چشم را دارا می باشد. وجود فضای اقامت در این مرکز، آن را به یکی از مراکز اصلی چشم پزشکی در سطح ایران و خاورمیانه تبدیل کرده است. شرکت مدتورایران در حوزه تخصص های مرتبط با بیماری های چشم، با مرکز چشم بصیر شیراز همکاری می نماید.</span></p>',NULL,NULL,NULL,'hotels/August2019/GP0iuhjshDrht4MeajvA.jpeg',NULL,'2019-08-03 06:41:00','2019-11-18 06:55:02','basir-shiraz-eye-center','medical-centers',12,NULL),(16,'Parsian Esteghlal Hotel',5,1,'\0\0\0\0\0\0\0+','<p><span style=\"font-size: 14pt;\"><em><strong>Parsian Esteghlal Hotel</strong></em></span> Located in north of Tehran, is an ideal choice for those traveling to the capital of Iran.Situated in one of the best parts of Tehran, Parsian Esteghlal hotel&nbsp; has convenient access to the longest street in the Middle-East and the most beautiful street in the Tehran(Valiasr Street). This Hotel is also close to Tehran International Exhibition, Milad Tower, Resort Television, and shopping and sightseeing areas of the city. Four national restaurants (French, Italian, Thai, Arabic) will make you the most delicious food in the faraway lands without having to go there.Young personnel and Fluency in hotel principles are another benefits of this hotel.</p>',NULL,NULL,35,'hotels/August2019/FZbrRM5ND603UX0B7sNt.jpg','[\"hotels\\/August2019\\/yAAJRzsgWolv1MlqqCfd.jpg\",\"hotels\\/August2019\\/Y2gidmhyAWNXBKZzqmuX.jpg\",\"hotels\\/August2019\\/6Xf69BvDiKNZwJ8RoOZs.jpg\",\"hotels\\/August2019\\/iHZI1gOnGhzSOUHgCkr1.jpg\"]','2019-08-03 06:44:00','2019-08-29 08:33:03','parsian-esteghlal-hotel','hotels',11,NULL),(17,'Zandieh Hotel',5,3,'\0\0\0\0\0\0\0+','<p><span style=\"font-size: 14pt;\"><em><strong>Shiraz Zandieh Hotel</strong></em></span> is one of the most stylish and luxurious hotels in Shiraz.An overnight stay at this hotel will make you a permanent fan of it.The hotel has a traditional bathroom, pool, sauna and Jacuzzi. A variety of restaurants with a variety of delectable dishes is another advantage of this 5-star hotel. The traditional restaurant is one of them with a special atmosphere and authentic cuisine. High speed internet and travel agencies are also some of the benefits of Zandieh Hotel in Shiraz.</p>',NULL,NULL,100,'hotels/August2019/ieFR4Hyz9Eu2ClmLS4vM.jpeg',NULL,'2019-08-03 06:47:00','2019-08-13 03:11:43','zandieh-hotel','hotels',10,NULL),(18,'Grand Shiraz Hotel',5,3,'\0\0\0\0\0\0\0+','<p><span style=\"font-size: 14pt;\"><em><strong>Grand Shiraz 5 Star Hotel</strong></em></span> (Shiraz Grand Hotel) is located over the city of Shiraz, the birthplace of Iranian art and culture in the neighborhood of the Qur\'an Gate in year 2013. The Grand Hotel Shiraz is furnished on a 13-floor, 5-star hotel with international standards, including 158 rooms with 350 persons capacity. The unique features of Shiraz Grand Hotel are its proximity to historical, sacred and recreational sites.</p>\n<p>&nbsp;</p>\n<p>&nbsp;</p>',NULL,NULL,39,'hotels/August2019/5UsV95gkRzPNfpX6QPyb.jpeg',NULL,'2019-08-03 06:50:00','2019-08-13 03:11:43','grand-shiraz-hotel','hotels',9,NULL),(19,'Shiraz Central Hospital',5,3,NULL,'',NULL,NULL,NULL,'hotels/September2019/dT3g0TSRtlm4T9CkUr6Y.jpg','[\"hotels\\/September2019\\/xpSjob1MejNaqWgUITVB.jpg\",\"hotels\\/September2019\\/n1NxQwlaRPOL0EcpLYzS.jpg\"]','2019-08-08 01:48:00','2019-09-21 10:56:17','shiraz-central-hospital','medical-centers',8,NULL),(20,'Tehran HEART Hotel',5,1,NULL,'',NULL,NULL,55,'hotels/August2019/ck7KE0UAV34MFwuBrbTU.jpg',NULL,'2019-08-10 06:02:00','2019-08-13 03:11:43','tehran-heart-hotel','hotels',7,NULL),(21,'Mashhad PARSIS Hotel',5,2,NULL,'',NULL,NULL,50,'hotels/August2019/iZYgtjpzXJt29uMQQkPu.jpg',NULL,'2019-08-10 06:08:01','2019-08-13 03:11:43','mashhad-parsis-hotel','hotels',6,NULL),(22,'JAVAHERI Hotel Mashhad',2,2,NULL,'',NULL,NULL,30,'hotels/August2019/u0d5d6vZw1vCADV554va.jpg',NULL,'2019-08-10 06:23:31','2019-08-13 03:11:43','javaheri-hotel-mashhad','hotels',5,NULL),(23,'Mashhad Diba Hotel',2,2,NULL,'',NULL,NULL,40,'hotels/August2019/X5zm0q9Qg2TN3iMvV7Is.jpg',NULL,'2019-08-10 06:34:42','2019-08-13 03:11:43','mashhad-diba-hotel','hotels',4,NULL),(24,'MASHHAD NASIM Hotel',3,2,NULL,'',NULL,NULL,NULL,'hotels/August2019/bhozQALjuXgMoOpGp257.jpg','[\"hotels\\/August2019\\/6h6SB7Rvxwhh1hB4ef5A.jpg\",\"hotels\\/August2019\\/Vf8tuFyOX2lrwqWp8Ffi.jpg\",\"hotels\\/August2019\\/T1pytS9ol0PLEHiWPg90.jpg\",\"hotels\\/August2019\\/1FPSWOz4fjsUjriPdPRL.jpg\",\"hotels\\/August2019\\/c2oL6zx1PIC0q6i8ZE76.jpg\",\"hotels\\/August2019','2019-08-11 00:40:00','2019-08-11 00:42:15','mashhad-nasim-hotel','hotels',1,NULL),(25,'MASHHAD NIMA Hotel',3,2,NULL,'',NULL,NULL,30,'hotels/August2019/sopJDLAkJNRLTOO4FHpw.jpeg','[\"hotels\\/August2019\\/1iPKvJwFX6ghaM4cHkcm.jpg\"]','2019-08-11 00:44:00','2019-08-13 03:11:45','mashhad-nima-hotel','hotels',3,NULL),(26,'CHAMRAN hotel',5,3,NULL,'',NULL,NULL,40,'hotels/August2019/7vcvjqiCAzXeVwtc42LX.jpg','[\"hotels\\/August2019\\/oefHw64qV68tsodafJg4.jpg\",\"hotels\\/August2019\\/epcOt9H4UNUnNCD0n6lh.jpg\",\"hotels\\/August2019\\/PeV38swmPulYnGfQpl4Y.jpg\",\"hotels\\/August2019\\/mHXiu1N2xehHyUhaoRLm.jpg\"]','2019-08-11 00:55:00','2019-08-30 12:01:49','chamran-hotel','hotels',2,NULL),(27,'SAINA Hotel TEHRAN',3,1,NULL,'<p>The three-star Sinai Hotel was launched in 2010 in the center of the capital. The hotel\'s location is such that travelers will have easy access to the shopping malls and main streets of Tehran.</p>\n<p><strong>Services and facilities of Sina Hotel Tehran</strong></p>\n<p>The friendly treatment of the hotel\'s experienced staff, the cleanliness and the high quality of the rooms, will ensure the comfort of the passengers as they stay at Sinai Hotel while staying. Each of the 5 floors of the hotel has 6 rooms, half facing the street and the other half facing the courtyard. Wireless internet, parking (limited capacity), fire alarm, coffee shop, restaurant and elevator are all part of Tehran Sina Hotel.</p>\n<p><strong>Attractions near Sina Hotel Tehran</strong></p>\n<p>The hotel is conveniently located and has good access to the city\'s main streets. The hotel is within easy reach of Nature Bridge, Milad Tower, Water and Fire Park, Mellat Park, as well as Valiasr Square and Vanak Square. Experienced staff, high quality rooms, hotel cleanliness and affordable rates make Hotel Sinai an ideal choice for your stay in Tehran.</p>',NULL,NULL,45,'hotels/August2019/mqgRQSZVLa8986cb6FVj.jpg','[\"hotels\\/August2019\\/3ccoiDD089q1FvtnirrE.jpg\",\"hotels\\/August2019\\/0GcJJFeiFDW3q6fctMve.jpg\",\"hotels\\/August2019\\/4x7lpTzpCHMYrYYtg2vS.jpeg\",\"hotels\\/August2019\\/Js5ERgL4l0idRLgQbs8e.jpg\"]','2019-08-14 02:49:00','2019-08-14 02:57:57','saina-hotel-tehran','hotels',1,NULL),(29,'Arta Clinic Mashhad',5,2,NULL,'<p>&nbsp;Arta Clinic</p>\n<p>Arta Specialized Clinic for dermatology and hair transplantation, which includes highly experienced medical staff and state-of-the-art equipment.</p>\n<p>1- Appointment of skin, hair and nail diseases by specialists of this center</p>\n<p>2 - Consultation in the field of beautification of the skin (skin) and increase its vitality.</p>\n<p>3 - prompt and treatment for common skin diseases. Among them are protection, let alone Glan, psoriasis (psoriasis) and whitewigo (blisters), hair loss, skin cancers, using the following possibilities:</p>\n<p>Sampling, Cry Tray, Cold Injection, Belink Types, Rapid and Cosmetic Surgeries, Surgical Procedures for Skin Cancer Treatment.</p>\n<p>4 - take the necessary remedies to remove warts, burning and blisters.</p>\n<p>5 - Hair transplantation</p>\n<p>6 - Using laser types to find vitality and skin freshness, remove the feeling of excess and tattoo (TTO) and treatment of types of tattoos, freckles, face lift, veins and veins</p>\n<p>7 - face lift and neck Petrdenbj</p>\n<p>8- The right of fat, Botox, B-Arbi, and Microderm, Mazotrabi</p>\n<p>9- Carboxy</p>\n<p>10 - face hole</p>',NULL,NULL,NULL,'hotels/August2019/6xjZYMaq9Orh0JPkNR1l.jpg','[\"hotels\\/August2019\\/idTR2CRQhrZjrClZ1nW7.jpg\",\"hotels\\/August2019\\/2X4x92LPgPS4uanKGzSe.jpg\"]','2019-08-31 00:16:00','2019-08-31 00:27:11','arta-clinic-mashhad','medical-centers',1,'hotels/August2019/Cc0fWyFNpCSrsfKbxQuY.jpg'),(30,'Clinic Shaparak Talayi ',5,2,NULL,'<p>Shabirk Clinic is a specialized clinic for the examination of skin and hair diseases. The treatments provided by this clinic&nbsp;are:</p>\n<p>1- Abdominoplasty</p>\n<p>2 - Autoplasty (to remove cosmetic rhinitis).</p>\n<p>3 - Balvaroplasti (Slop surgical specialist and useful to remove the relaxation of the upper or lower eyelids.</p>\n<p>4. Perotz correction (increased volume, relaxation)</p>\n<p>5 - Trollift (tightening of the skin with the application of the threads attractive face under the skin)</p>\n<p>6- Lapiablasti, repair the tie and remove wrinkles of Lapia.</p>\n<p>7 - Face Lift (remove excess fat, strengthen the underlying muscles and tighten the skin of the face and neck)</p>\n<p>8- Mamoplasty and Genicomasti treatment</p>\n<p>9 - Sculpture (one of the strong surgical operations gain abdominal vitality and freshness</p>\n<p>10- The use of co2 fractional (laser miraculous ability to remove pimples, surface and skin wrinkles).</p>\n<p>11- Laser Waginal (Vaginal Reduction, Vaginal Relaxation, Vaginal Relaxation)</p>\n<p>12- Kendla (the latest laser cutting machine worldwide, made in America)</p>\n<p>13- Mzotrapi (injection of vitamins, drugs and hormones in the skin of the middle skin)</p>\n<p>14- Cryotrapi (removal of rash, cholul, and skin by liquid nitrogen)</p>\n<p>15 - Sap Sven: Remove the effect of pimples and subcutaneous traits in one session</p>\n<p>16 - Hypotrapi (supersonic energy to lift (more severe) and the provisions of the skin</p>\n<p>17. Microcurrent (Abadis) and the increase of therapeutic creams in the face by electronic waves.</p>\n<p>18- The use of RF fractional (wrinkle removal and skin outlets)</p>\n<p>19- Eczier Face (Lifting, Rejuvenating &amp; Lifting)</p>\n<p>20- carboxy earth (subcutaneous dioxide injection, to remove existing tension, in the sides and lines arising from work</p>\n<p>21 - Ultraton face</p>\n<p>22- Microderm-Hydroderm (specialist skin cleaning and fracturing process)</p>\n<p>23- Generation injection</p>\n<p>24- Rhinoplasty (Rhinoplasty)</p>\n<p>25 - hair transplantation</p>\n<p>26. Natural hair transplantation based on the International Federation of Agriculture</p>\n<p>27- Mzotrabi for hair</p>\n<p>28- Mazubisha, the American medicine for the development of weak feeling</p>\n<p>29- Use PRP to strengthen and weaken the recently developed weak feeling</p>\n<p>30 - Ultraton flesh (resting in the manner of the English ancestor)</p>\n<p>31- Body Exellis (the best body beauty equipment)</p>\n<p>32.Use of XWave (hardened adipose tissue) or (infectious tissue)</p>\n<p>33- Diet Therapy (Specialist Counseling and Food Positioning)</p>\n<p>34- Laser Alexandrite Motos 2018</p>\n<p>35- Botox Tox</p>\n<p>36- the doctor</p>\n<p>37- Spinal surgery and orthopedics</p>\n<p>38- Minor surgical procedures</p>',NULL,NULL,NULL,'hotels/August2019/b4b1YpB6Lo0OpY4uwF01.jpg','[\"hotels\\/August2019\\/idTR2CRQhrZjrClZ1nW7.jpg\",\"hotels\\/August2019\\/2X4x92LPgPS4uanKGzSe.jpg\",\"hotels\\/August2019\\/H6ITQBUCia9DFYKenQG3.jpg\",\"hotels\\/August2019\\/ULm4RlZe0kEDIO7iM4CT.jpg\"]','2019-08-31 00:16:00','2019-08-31 00:34:33','clinic-shaparak-talayi','medical-centers',1,'hotels/August2019/7xwOaRMv4G88NsYUzvJ3.jpg'),(31,'Clinic Tandis Salamat ',5,2,NULL,'<p>Salameet Beauty Clinic started its activities in the field of skin and hair diseases treatment, dermatologists and cosmetic surgeries, using modern equipment and excellent techniques. The treatments provided by this clinic are:</p>\n<ol>\n<li>(Hair Transplant &amp; Repair)</li>\n<li>(cultivation and repair of life)</li>\n<li>(eyebrow cultivation)</li>\n<li>(Liposuction of the abdomen and loin)</li>\n<li>(Lipidic dog and thigh)</li>\n<li>(Cosmetic process of the upper and lower eyelid)</li>\n<li>(injection of fat in the face, hands, wealthy and infirm)</li>\n<li>(Feiler Injection, Botex, PRP)</li>\n<li>(Injected injection in each area)</li>\n</ol>',NULL,NULL,NULL,'hotels/August2019/xkRJOtEd5ep3Pxh5ExFn.jpg','[\"hotels\\/August2019\\/KZdqsSUrP0HHDUy4hK6N.jpg\",\"hotels\\/August2019\\/MReuJtuLfOjNbRpnUydM.jpg\"]','2019-08-31 00:16:00','2019-08-31 00:44:05','clinic-tandis-salamat','medical-centers',1,'hotels/August2019/TxkrMytFk1tDjLPicLCt.jpg');
/*!40000 ALTER TABLE `hotels` ENABLE KEYS */;
UNLOCK TABLES;

--
-- Table structure for table `jobs`
--

DROP TABLE IF EXISTS `jobs`;
/*!40101 SET @saved_cs_client     = @@character_set_client */;
/*!40101 SET character_set_client = utf8 */;
CREATE TABLE `jobs` (
  `id` bigint(20) unsigned NOT NULL AUTO_INCREMENT,
  `queue` varchar(191) COLLATE utf8mb4_unicode_ci NOT NULL,
  `payload` longtext COLLATE utf8mb4_unicode_ci NOT NULL,
  `attempts` tinyint(3) unsigned NOT NULL,
  `reserved_at` int(10) unsigned DEFAULT NULL,
  `available_at` int(10) unsigned NOT NULL,
  `created_at` int(10) unsigned NOT NULL,
  PRIMARY KEY (`id`),
  KEY `jobs_queue_index` (`queue`)
) ENGINE=InnoDB DEFAULT CHARSET=utf8mb4 COLLATE=utf8mb4_unicode_ci;
/*!40101 SET character_set_client = @saved_cs_client */;

--
-- Dumping data for table `jobs`
--

LOCK TABLES `jobs` WRITE;
/*!40000 ALTER TABLE `jobs` DISABLE KEYS */;
/*!40000 ALTER TABLE `jobs` ENABLE KEYS */;
UNLOCK TABLES;

--
-- Table structure for table `links`
--

DROP TABLE IF EXISTS `links`;
/*!40101 SET @saved_cs_client     = @@character_set_client */;
/*!40101 SET character_set_client = utf8 */;
CREATE TABLE `links` (
  `id` int(10) unsigned NOT NULL AUTO_INCREMENT,
  `title` varchar(191) COLLATE utf8mb4_unicode_ci NOT NULL,
  `link` varchar(191) COLLATE utf8mb4_unicode_ci DEFAULT NULL,
  `created_at` timestamp NULL DEFAULT NULL,
  `updated_at` timestamp NULL DEFAULT NULL,
  `order` int(10) unsigned DEFAULT '1',
  PRIMARY KEY (`id`)
) ENGINE=InnoDB AUTO_INCREMENT=6 DEFAULT CHARSET=utf8mb4 COLLATE=utf8mb4_unicode_ci;
/*!40101 SET character_set_client = @saved_cs_client */;

--
-- Dumping data for table `links`
--

LOCK TABLES `links` WRITE;
/*!40000 ALTER TABLE `links` DISABLE KEYS */;
INSERT INTO `links` VALUES (1,'About Us','page/about-us','2019-02-03 01:40:00','2019-08-30 00:36:47',1),(2,'packages','packages','2019-08-29 08:15:00','2019-08-30 00:37:28',3),(4,'faq','page/faq','2019-08-29 08:16:00','2019-08-30 00:37:57',5),(5,'our doctors','services/doctors','2019-08-29 08:17:00','2019-08-30 00:37:38',4);
/*!40000 ALTER TABLE `links` ENABLE KEYS */;
UNLOCK TABLES;

--
-- Table structure for table `members`
--

DROP TABLE IF EXISTS `members`;
/*!40101 SET @saved_cs_client     = @@character_set_client */;
/*!40101 SET character_set_client = utf8 */;
CREATE TABLE `members` (
  `id` int(10) unsigned NOT NULL AUTO_INCREMENT,
  `title` varchar(255) COLLATE utf8mb4_unicode_ci NOT NULL,
  `position` varchar(255) COLLATE utf8mb4_unicode_ci DEFAULT NULL,
  `expert` varchar(255) COLLATE utf8mb4_unicode_ci DEFAULT NULL,
  `degree` varchar(255) COLLATE utf8mb4_unicode_ci DEFAULT NULL,
  `created_at` timestamp NULL DEFAULT NULL,
  `updated_at` timestamp NULL DEFAULT NULL,
  `image` varchar(255) COLLATE utf8mb4_unicode_ci DEFAULT NULL,
  PRIMARY KEY (`id`)
) ENGINE=InnoDB AUTO_INCREMENT=2 DEFAULT CHARSET=utf8mb4 COLLATE=utf8mb4_unicode_ci;
/*!40101 SET character_set_client = @saved_cs_client */;

--
-- Dumping data for table `members`
--

LOCK TABLES `members` WRITE;
/*!40000 ALTER TABLE `members` DISABLE KEYS */;
INSERT INTO `members` VALUES (1,'Daniel Barnes','CEO & Founder','Orthologist','MBBS, MD','2019-07-05 10:13:44','2019-07-05 10:13:44','members\\July2019\\ww9eObfbLXv7O5OkvY9d.jpg');
/*!40000 ALTER TABLE `members` ENABLE KEYS */;
UNLOCK TABLES;

--
-- Table structure for table `menu_items`
--

DROP TABLE IF EXISTS `menu_items`;
/*!40101 SET @saved_cs_client     = @@character_set_client */;
/*!40101 SET character_set_client = utf8 */;
CREATE TABLE `menu_items` (
  `id` int(10) unsigned NOT NULL AUTO_INCREMENT,
  `menu_id` int(10) unsigned DEFAULT NULL,
  `title` varchar(191) COLLATE utf8mb4_unicode_ci NOT NULL,
  `url` varchar(191) COLLATE utf8mb4_unicode_ci NOT NULL,
  `target` varchar(191) COLLATE utf8mb4_unicode_ci NOT NULL DEFAULT '_self',
  `icon_class` varchar(191) COLLATE utf8mb4_unicode_ci DEFAULT NULL,
  `color` varchar(191) COLLATE utf8mb4_unicode_ci DEFAULT NULL,
  `parent_id` int(11) DEFAULT NULL,
  `order` int(11) NOT NULL,
  `created_at` timestamp NULL DEFAULT NULL,
  `updated_at` timestamp NULL DEFAULT NULL,
  `route` varchar(191) COLLATE utf8mb4_unicode_ci DEFAULT NULL,
  `parameters` text COLLATE utf8mb4_unicode_ci,
  PRIMARY KEY (`id`),
  KEY `menu_items_menu_id_foreign` (`menu_id`),
  CONSTRAINT `menu_items_menu_id_foreign` FOREIGN KEY (`menu_id`) REFERENCES `menus` (`id`) ON DELETE CASCADE
) ENGINE=InnoDB AUTO_INCREMENT=75 DEFAULT CHARSET=utf8mb4 COLLATE=utf8mb4_unicode_ci;
/*!40101 SET character_set_client = @saved_cs_client */;

--
-- Dumping data for table `menu_items`
--

LOCK TABLES `menu_items` WRITE;
/*!40000 ALTER TABLE `menu_items` DISABLE KEYS */;
INSERT INTO `menu_items` VALUES (1,1,'Dashboard','','_self','voyager-boat',NULL,NULL,9,'2018-12-15 19:38:01','2019-08-31 06:47:01','voyager.dashboard',NULL),(2,1,'Media','','_self','voyager-images',NULL,NULL,5,'2018-12-15 19:38:01','2019-08-31 06:47:01','voyager.media.index',NULL),(3,1,'Users','','_self','voyager-person',NULL,NULL,2,'2018-12-15 19:38:01','2019-08-31 06:47:00','voyager.users.index',NULL),(4,1,'Roles','','_self','voyager-lock',NULL,NULL,1,'2018-12-15 19:38:01','2019-08-31 06:47:00','voyager.roles.index',NULL),(5,1,'Tools','','_self','voyager-tools',NULL,NULL,8,'2018-12-15 19:38:01','2019-08-31 06:47:01',NULL,NULL),(6,1,'Menu Builder','','_self','voyager-list',NULL,5,2,'2018-12-15 19:38:01','2019-01-09 18:40:39','voyager.menus.index',NULL),(7,1,'Database','','_self','voyager-data',NULL,5,4,'2018-12-15 19:38:01','2019-01-09 18:40:39','voyager.database.index',NULL),(8,1,'Compass','','_self','voyager-compass',NULL,5,5,'2018-12-15 19:38:01','2019-01-09 18:40:39','voyager.compass.index',NULL),(9,1,'BREAD','','_self','voyager-bread',NULL,5,6,'2018-12-15 19:38:01','2019-01-09 18:40:39','voyager.bread.index',NULL),(10,1,'Settings','','_self','voyager-settings',NULL,5,3,'2018-12-15 19:38:01','2019-01-09 18:40:39','voyager.settings.index',NULL),(11,1,'Categories','','_self','voyager-categories',NULL,23,1,'2018-12-15 19:38:02','2019-01-09 18:39:19','voyager.categories.index',NULL),(12,1,'Posts','','_self','voyager-news',NULL,23,6,'2018-12-15 19:38:02','2019-08-31 06:46:30','voyager.posts.index',NULL),(13,1,'Pages','','_self','voyager-file-text',NULL,23,13,'2018-12-15 19:38:02','2019-08-31 06:46:38','voyager.pages.index',NULL),(14,1,'Hooks','','_self','voyager-hook',NULL,5,1,'2018-12-15 19:38:03','2019-01-09 18:40:39','voyager.hooks',NULL),(15,2,'Medical tourism','','_self','fa fa-home','#000000',NULL,1,'2018-12-16 14:39:58','2019-01-26 18:13:03','سياحة طبية','null'),(18,2,'Blog','','_blank',NULL,'#000000',NULL,6,'2018-12-16 14:59:24','2019-08-03 02:27:36','blog.index',NULL),(19,2,'Contact Us','','_self','contact us','#000000',25,1,'2018-12-16 15:00:23','2019-07-31 07:34:47','single-page','{\"slug\":\"contact-us\"}'),(21,2,'Procedures','','_blank','Packages','#000000',NULL,3,'2019-01-03 14:46:02','2019-07-31 07:24:49',NULL,''),(22,1,'Social Networks','','_self','voyager-world',NULL,23,15,'2019-01-04 08:38:41','2019-08-31 06:46:38','voyager.socials.index',NULL),(23,1,'Models','','_self','voyager-paw','#000000',NULL,4,'2019-01-04 09:45:18','2019-08-31 06:47:00',NULL,''),(24,1,'Benefits','','_self','voyager-receipt',NULL,23,11,'2019-01-04 12:42:39','2019-08-31 06:46:38','voyager.benefits.index',NULL),(25,2,'About Us','','_self','About Us','#000000',NULL,7,'2019-01-08 20:19:45','2019-08-03 02:40:22','single-page','{\"slug\":\"about-us\"}'),(26,1,'Banners','','_self','voyager-photos','#000000',23,18,'2019-01-10 10:00:49','2019-08-31 06:46:01','voyager.banners.index','null'),(27,1,'Requests','','_self','voyager-question',NULL,NULL,7,'2019-01-10 12:41:52','2019-08-31 06:47:01','voyager.requests.index',NULL),(28,2,'About Medical Tourism','','_self',NULL,'#000000',15,2,'2019-01-23 02:05:43','2019-07-31 07:23:01','aboutMedical','null'),(29,2,'our services','','_blank','fa fa-medkit','#000000',NULL,4,'2019-01-23 02:18:17','2019-07-31 07:32:33','خدماتنا','null'),(32,2,'FAQ','','_self',NULL,'#000000',25,2,'2019-01-23 05:59:45','2019-07-31 07:35:10','single-page','{\"slug\":\"faq\"}'),(33,2,'Destinations','','_self','Destinations','#000000',15,1,'2019-01-23 06:11:51','2019-07-31 07:21:06','aboutMedical.destination.index','null'),(35,2,'Our Doctors','','_self',NULL,'#000000',29,2,'2019-01-23 06:14:52','2019-07-31 07:28:47','service.hotel.index','{\"type\":\"doctors\"}'),(36,2,'Our medical centers','','_self',NULL,'#000000',29,1,'2019-01-23 06:15:21','2019-07-31 07:27:56','service.hotel.index','{\"type\":\"medical-centers\"}'),(37,2,'Our Hotels','','_self',NULL,'#000000',29,3,'2019-01-23 06:16:05','2019-07-31 07:29:24','service.hotel.index','{\"type\":\"hotels\"}'),(40,2,'Plastic surgery','','_blank',NULL,'#000000',38,1,'2019-01-23 06:18:47','2019-01-23 07:42:25','Plastic surgery','null'),(41,2,'Rhinoplasty','','_blank',NULL,'#000000',38,2,'2019-01-23 06:19:28','2019-01-23 14:22:52','Rhinoplasty','null'),(42,2,'Hair transplant','','_blank',NULL,'#000000',38,3,'2019-01-23 06:20:06','2019-02-05 08:45:26','page.shows','{\"slug\":\"health-Hair-transplantation\"}'),(43,2,'Weight loss surgery','','_blank',NULL,'#000000',38,4,'2019-01-23 06:21:06','2019-01-26 13:03:50','Weight loss surgery','null'),(44,2,'Cosmetic dentistry','','_blank',NULL,'#000000',38,5,'2019-01-23 06:21:36','2019-01-26 13:03:50','Cosmetic dentistry','null'),(45,2,'Non-surg cosmetic operations','','_blank',NULL,'#000000',38,6,'2019-01-23 06:22:36','2019-01-26 13:03:50','Non-surg cosmetic operations','null'),(46,2,'Dental health','','_blank',NULL,'#000000',39,1,'2019-01-23 06:23:21','2019-01-23 06:23:36','Dental health','null'),(47,2,'Eye care','','_blank',NULL,'#000000',39,2,'2019-01-23 06:23:58','2019-01-23 06:24:07','Eye care','null'),(48,2,'Fertility treatment –IVF','','_blank',NULL,'#000000',39,3,'2019-01-23 06:24:31','2019-02-05 08:50:47','pages.show','{\"slug\":\"Infertility -IVF-medical\"}'),(49,1,'Partners','','_self','voyager-people','#000000',23,17,'2019-02-02 23:42:57','2019-08-31 06:46:01','voyager.partners.index','null'),(50,1,'Important Links','','_self','voyager-paperclip','#000000',23,10,'2019-02-03 01:32:59','2019-08-31 06:46:38','voyager.links.index','null'),(51,1,'Doctors','','_self','voyager-people','#000000',23,2,'2019-02-08 19:01:07','2019-08-31 06:46:23','voyager.doctors.index','null'),(52,1,'Doctors Socials','','_self','voyager-chat','#000000',23,7,'2019-02-08 19:30:50','2019-08-31 06:46:38','voyager.networks.index','null'),(53,2,'Patient\'s Review','','_self',NULL,'#000000',NULL,5,'2019-02-24 07:35:32','2019-07-31 07:32:34','patientReview',NULL),(55,1,'Testimonials','','_self','voyager-star','#000000',23,8,'2019-02-24 20:24:19','2019-08-31 06:46:38','voyager.testimonials.index','null'),(56,1,'Packages','','_self','voyager-backpack','#000000',63,1,'2019-02-24 21:19:53','2019-07-04 14:05:51','voyager.packages.index','null'),(57,1,'Package Items','','_self','voyager-list-add',NULL,63,2,'2019-06-29 06:08:58','2019-07-04 14:05:51','voyager.package-items.index',NULL),(58,1,'Package Timelines','','_self','voyager-dashboard',NULL,63,3,'2019-06-30 02:33:20','2019-07-04 14:05:52','voyager.timelines.index',NULL),(59,1,'Cities','','_self','voyager-tree',NULL,23,5,'2019-06-30 04:12:03','2019-08-31 06:46:30','voyager.cities.index',NULL),(60,1,'Package Prices','','_self','voyager-credit-card',NULL,63,4,'2019-06-30 09:40:52','2019-07-04 14:05:52','voyager.package-prices.index',NULL),(61,1,'Hotels','','_self','voyager-shop',NULL,23,3,'2019-07-01 01:02:22','2019-08-31 06:46:23','voyager.hotels.index',NULL),(62,1,'Hotel Items','','_self','voyager-list-add','#000000',23,4,'2019-07-01 01:31:05','2019-08-31 06:46:23','voyager.hotel-items.index','null'),(63,1,'Packages','','_self','voyager-backpack','#000000',NULL,3,'2019-07-04 14:04:30','2019-08-31 06:47:00',NULL,''),(64,1,'Video Reviews','','_self','voyager-youtube-play',NULL,23,9,'2019-07-04 15:13:21','2019-08-31 06:46:38','voyager.video-reviews.index',NULL),(65,1,'Members','','_self','voyager-person','#000000',23,16,'2019-07-05 08:47:31','2019-08-31 06:46:01','voyager.members.index','null'),(66,1,'Reviews','','_self','voyager-bubble','#000000',NULL,6,'2019-07-05 12:00:01','2019-08-31 06:47:01','voyager.reviews.index','null'),(67,1,'Subscribers','','_self','voyager-mail',NULL,23,14,'2019-07-07 15:05:18','2019-08-31 06:46:38','voyager.subscribers.index',NULL),(69,1,'Tags','','_self','voyager-tag',NULL,23,12,'2019-07-08 00:38:22','2019-08-31 06:46:38','voyager.tags.index',NULL),(70,2,'Packages','','_self',NULL,'#000000',NULL,2,'2019-07-31 07:24:25','2019-07-31 07:24:47','package.index',NULL),(71,2,'Our Hostels & Apartments','','_self',NULL,'#000000',29,4,'2019-07-31 07:31:05','2019-07-31 07:31:12','service.hotel.index','{\"type\":\"hostels\"}'),(73,1,'Faqs','','_self','voyager-question',NULL,NULL,10,'2019-08-15 00:03:08','2019-08-31 06:45:22','voyager.faqs.index',NULL),(74,1,'Whats Apps','','_self','voyager-phone',NULL,NULL,11,'2019-08-31 11:38:06','2019-08-31 11:38:06','voyager.whats-apps.index',NULL);
/*!40000 ALTER TABLE `menu_items` ENABLE KEYS */;
UNLOCK TABLES;

--
-- Table structure for table `menus`
--

DROP TABLE IF EXISTS `menus`;
/*!40101 SET @saved_cs_client     = @@character_set_client */;
/*!40101 SET character_set_client = utf8 */;
CREATE TABLE `menus` (
  `id` int(10) unsigned NOT NULL AUTO_INCREMENT,
  `name` varchar(191) COLLATE utf8mb4_unicode_ci NOT NULL,
  `created_at` timestamp NULL DEFAULT NULL,
  `updated_at` timestamp NULL DEFAULT NULL,
  PRIMARY KEY (`id`),
  UNIQUE KEY `menus_name_unique` (`name`)
) ENGINE=InnoDB AUTO_INCREMENT=3 DEFAULT CHARSET=utf8mb4 COLLATE=utf8mb4_unicode_ci;
/*!40101 SET character_set_client = @saved_cs_client */;

--
-- Dumping data for table `menus`
--

LOCK TABLES `menus` WRITE;
/*!40000 ALTER TABLE `menus` DISABLE KEYS */;
INSERT INTO `menus` VALUES (1,'admin','2018-12-15 19:38:01','2018-12-15 19:38:01'),(2,'front','2018-12-16 14:38:29','2018-12-16 14:38:38');
/*!40000 ALTER TABLE `menus` ENABLE KEYS */;
UNLOCK TABLES;

--
-- Table structure for table `migrations`
--

DROP TABLE IF EXISTS `migrations`;
/*!40101 SET @saved_cs_client     = @@character_set_client */;
/*!40101 SET character_set_client = utf8 */;
CREATE TABLE `migrations` (
  `id` int(10) unsigned NOT NULL AUTO_INCREMENT,
  `migration` varchar(191) COLLATE utf8mb4_unicode_ci NOT NULL,
  `batch` int(11) NOT NULL,
  PRIMARY KEY (`id`)
) ENGINE=InnoDB AUTO_INCREMENT=38 DEFAULT CHARSET=utf8mb4 COLLATE=utf8mb4_unicode_ci;
/*!40101 SET character_set_client = @saved_cs_client */;

--
-- Dumping data for table `migrations`
--

LOCK TABLES `migrations` WRITE;
/*!40000 ALTER TABLE `migrations` DISABLE KEYS */;
INSERT INTO `migrations` VALUES (1,'2014_10_12_000000_create_users_table',1),(2,'2014_10_12_100000_create_password_resets_table',1),(3,'2016_01_01_000000_add_voyager_user_fields',1),(4,'2016_01_01_000000_create_data_types_table',1),(5,'2016_05_19_173453_create_menu_table',1),(6,'2016_10_21_190000_create_roles_table',1),(7,'2016_10_21_190000_create_settings_table',1),(8,'2016_11_30_135954_create_permission_table',1),(9,'2016_11_30_141208_create_permission_role_table',1),(10,'2016_12_26_201236_data_types__add__server_side',1),(11,'2017_01_13_000000_add_route_to_menu_items_table',1),(12,'2017_01_14_005015_create_translations_table',1),(13,'2017_01_15_000000_make_table_name_nullable_in_permissions_table',1),(14,'2017_03_06_000000_add_controller_to_data_types_table',1),(15,'2017_04_21_000000_add_order_to_data_rows_table',1),(16,'2017_07_05_210000_add_policyname_to_data_types_table',1),(17,'2017_08_05_000000_add_group_to_settings_table',1),(18,'2017_11_26_013050_add_user_role_relationship',1),(19,'2017_11_26_015000_create_user_roles_table',1),(20,'2018_03_11_000000_add_user_settings',1),(21,'2018_03_14_000000_add_details_to_data_types_table',1),(22,'2018_03_16_000000_make_settings_value_nullable',1),(23,'2016_01_01_000000_create_pages_table',2),(24,'2016_01_01_000000_create_posts_table',2),(25,'2016_02_15_204651_create_categories_table',2),(26,'2017_04_11_000000_alter_post_nullable_fields_table',2),(27,'2019_07_02_052021_create_banners_table',0),(28,'2019_07_02_052021_create_benefits_table',0),(29,'2019_07_02_052021_create_categories_table',0),(30,'2019_07_02_052021_create_cities_table',0),(31,'2019_07_02_052021_create_data_rows_table',0),(32,'2019_07_02_052021_create_data_types_table',0),(33,'2019_07_02_052021_create_doctor_category_table',0),(34,'2019_07_02_052021_create_doctors_table',0),(35,'2019_07_02_052021_create_hotel_hotel_item_table',0),(36,'2019_07_02_052021_create_hotel_items_table',0),(37,'2019_09_02_121044_create_jobs_table',3);
/*!40000 ALTER TABLE `migrations` ENABLE KEYS */;
UNLOCK TABLES;

--
-- Table structure for table `networks`
--

DROP TABLE IF EXISTS `networks`;
/*!40101 SET @saved_cs_client     = @@character_set_client */;
/*!40101 SET character_set_client = utf8 */;
CREATE TABLE `networks` (
  `id` int(10) unsigned NOT NULL AUTO_INCREMENT,
  `title` varchar(191) COLLATE utf8mb4_unicode_ci DEFAULT NULL,
  `link` varchar(191) COLLATE utf8mb4_unicode_ci NOT NULL,
  `icon` varchar(191) COLLATE utf8mb4_unicode_ci DEFAULT NULL,
  `doctor_id` int(11) DEFAULT NULL,
  `created_at` timestamp NULL DEFAULT NULL,
  `updated_at` timestamp NULL DEFAULT NULL,
  PRIMARY KEY (`id`)
) ENGINE=InnoDB DEFAULT CHARSET=utf8mb4 COLLATE=utf8mb4_unicode_ci;
/*!40101 SET character_set_client = @saved_cs_client */;

--
-- Dumping data for table `networks`
--

LOCK TABLES `networks` WRITE;
/*!40000 ALTER TABLE `networks` DISABLE KEYS */;
/*!40000 ALTER TABLE `networks` ENABLE KEYS */;
UNLOCK TABLES;

--
-- Table structure for table `package_category`
--

DROP TABLE IF EXISTS `package_category`;
/*!40101 SET @saved_cs_client     = @@character_set_client */;
/*!40101 SET character_set_client = utf8 */;
CREATE TABLE `package_category` (
  `id` int(10) unsigned NOT NULL AUTO_INCREMENT,
  `package_id` int(10) unsigned NOT NULL,
  `category_id` int(10) unsigned DEFAULT NULL,
  `created_at` timestamp NULL DEFAULT NULL,
  `updated_at` timestamp NULL DEFAULT NULL,
  PRIMARY KEY (`id`)
) ENGINE=InnoDB AUTO_INCREMENT=70 DEFAULT CHARSET=utf8mb4 COLLATE=utf8mb4_unicode_ci;
/*!40101 SET character_set_client = @saved_cs_client */;

--
-- Dumping data for table `package_category`
--

LOCK TABLES `package_category` WRITE;
/*!40000 ALTER TABLE `package_category` DISABLE KEYS */;
INSERT INTO `package_category` VALUES (17,4,22,NULL,NULL),(18,1,50,NULL,NULL),(19,8,13,NULL,NULL),(20,9,13,NULL,NULL),(21,10,13,NULL,NULL),(24,14,13,NULL,NULL),(26,17,13,NULL,NULL),(29,2,43,NULL,NULL),(30,18,50,NULL,NULL),(31,12,13,NULL,NULL),(32,11,13,NULL,NULL),(33,5,52,NULL,NULL),(35,19,15,NULL,NULL),(36,15,51,NULL,NULL),(37,20,15,NULL,NULL),(38,22,15,NULL,NULL),(39,23,15,NULL,NULL),(40,6,54,NULL,NULL),(43,24,22,NULL,NULL),(44,26,22,NULL,NULL),(46,28,22,NULL,NULL),(47,27,22,NULL,NULL),(49,30,61,NULL,NULL),(50,31,50,NULL,NULL),(51,32,50,NULL,NULL),(52,29,61,NULL,NULL),(53,35,34,NULL,NULL),(54,34,34,NULL,NULL),(56,7,13,NULL,NULL),(57,36,20,NULL,NULL),(58,37,20,NULL,NULL),(59,38,20,NULL,NULL),(60,39,20,NULL,NULL),(61,40,17,NULL,NULL),(62,42,35,NULL,NULL),(63,43,35,NULL,NULL),(64,46,20,NULL,NULL),(65,49,20,NULL,NULL),(66,13,13,NULL,NULL),(67,3,13,NULL,NULL),(68,52,20,NULL,NULL),(69,56,13,NULL,NULL);
/*!40000 ALTER TABLE `package_category` ENABLE KEYS */;
UNLOCK TABLES;

--
-- Table structure for table `package_city`
--

DROP TABLE IF EXISTS `package_city`;
/*!40101 SET @saved_cs_client     = @@character_set_client */;
/*!40101 SET character_set_client = utf8 */;
CREATE TABLE `package_city` (
  `id` int(10) unsigned NOT NULL AUTO_INCREMENT,
  `package_id` int(11) NOT NULL,
  `city_id` int(11) NOT NULL,
  `created_at` timestamp NULL DEFAULT NULL,
  `updated_at` timestamp NULL DEFAULT NULL,
  PRIMARY KEY (`id`)
) ENGINE=InnoDB AUTO_INCREMENT=79 DEFAULT CHARSET=utf8mb4 COLLATE=utf8mb4_unicode_ci;
/*!40101 SET character_set_client = @saved_cs_client */;

--
-- Dumping data for table `package_city`
--

LOCK TABLES `package_city` WRITE;
/*!40000 ALTER TABLE `package_city` DISABLE KEYS */;
INSERT INTO `package_city` VALUES (1,3,1,NULL,NULL),(2,3,2,NULL,NULL),(3,3,3,NULL,NULL),(4,1,1,NULL,NULL),(5,1,2,NULL,NULL),(6,1,3,NULL,NULL),(7,2,1,NULL,NULL),(8,2,2,NULL,NULL),(9,2,3,NULL,NULL),(10,4,1,NULL,NULL),(11,4,2,NULL,NULL),(12,4,3,NULL,NULL),(13,5,1,NULL,NULL),(15,6,1,NULL,NULL),(17,8,3,NULL,NULL),(18,9,1,NULL,NULL),(19,10,2,NULL,NULL),(20,11,1,NULL,NULL),(21,12,2,NULL,NULL),(22,13,1,NULL,NULL),(23,13,2,NULL,NULL),(24,14,1,NULL,NULL),(25,15,2,NULL,NULL),(26,17,1,NULL,NULL),(27,7,1,NULL,NULL),(28,18,1,NULL,NULL),(29,19,1,NULL,NULL),(30,20,1,NULL,NULL),(33,21,2,NULL,NULL),(34,22,1,NULL,NULL),(35,23,1,NULL,NULL),(36,19,2,NULL,NULL),(37,24,1,NULL,NULL),(38,25,1,NULL,NULL),(39,26,1,NULL,NULL),(40,27,1,NULL,NULL),(41,28,1,NULL,NULL),(42,29,1,NULL,NULL),(43,30,1,NULL,NULL),(44,31,1,NULL,NULL),(45,32,2,NULL,NULL),(46,33,3,NULL,NULL),(47,34,1,NULL,NULL),(48,7,2,NULL,NULL),(49,35,2,NULL,NULL),(50,36,1,NULL,NULL),(51,36,2,NULL,NULL),(52,36,3,NULL,NULL),(53,37,1,NULL,NULL),(54,38,2,NULL,NULL),(55,39,3,NULL,NULL),(56,40,1,NULL,NULL),(57,41,1,NULL,NULL),(58,42,1,NULL,NULL),(59,43,1,NULL,NULL),(60,44,1,NULL,NULL),(61,45,1,NULL,NULL),(62,46,1,NULL,NULL),(63,46,2,NULL,NULL),(64,46,3,NULL,NULL),(65,47,1,NULL,NULL),(66,48,2,NULL,NULL),(67,49,3,NULL,NULL),(68,50,1,NULL,NULL),(69,5,2,NULL,NULL),(70,51,2,NULL,NULL),(71,52,1,NULL,NULL),(72,52,2,NULL,NULL),(73,52,3,NULL,NULL),(74,53,1,NULL,NULL),(75,54,2,NULL,NULL),(76,55,3,NULL,NULL),(77,56,1,NULL,NULL),(78,57,1,NULL,NULL);
/*!40000 ALTER TABLE `package_city` ENABLE KEYS */;
UNLOCK TABLES;

--
-- Table structure for table `package_items`
--

DROP TABLE IF EXISTS `package_items`;
/*!40101 SET @saved_cs_client     = @@character_set_client */;
/*!40101 SET character_set_client = utf8 */;
CREATE TABLE `package_items` (
  `id` int(10) unsigned NOT NULL AUTO_INCREMENT,
  `title` varchar(191) COLLATE utf8mb4_unicode_ci DEFAULT NULL,
  `icon` varchar(191) COLLATE utf8mb4_unicode_ci DEFAULT NULL,
  `created_at` timestamp NULL DEFAULT NULL,
  `updated_at` timestamp NULL DEFAULT NULL,
  PRIMARY KEY (`id`)
) ENGINE=InnoDB AUTO_INCREMENT=11 DEFAULT CHARSET=utf8mb4 COLLATE=utf8mb4_unicode_ci;
/*!40101 SET character_set_client = @saved_cs_client */;

--
-- Dumping data for table `package_items`
--

LOCK TABLES `package_items` WRITE;
/*!40000 ALTER TABLE `package_items` DISABLE KEYS */;
INSERT INTO `package_items` VALUES (1,'Clinic & Doctor VIsit','fa fa-user-md','2019-06-29 06:13:00','2019-07-22 08:12:23'),(2,'Transfer','fa fa-taxi','2019-06-29 06:14:00','2019-07-22 08:08:47'),(3,'Sim Card & Internet','fa fa-wifi','2019-06-29 06:15:00','2019-07-22 08:13:20'),(4,'Visa','fa fa-cc-visa','2019-06-29 06:16:00','2019-07-22 08:07:41'),(6,'Interpreter','fas fa-language','2019-07-27 01:19:00','2019-08-03 07:35:44'),(7,'3-4 Star Hotel (3-Nights)','fa fa-star','2019-08-13 06:24:00','2019-09-11 11:21:32'),(8,'5 Star Hotel','fa fa-star','2019-08-13 06:24:00','2019-08-25 04:10:25'),(9,'Treatment (Only surgery)',NULL,'2019-09-11 06:19:38','2019-09-11 06:19:38'),(10,'3-4 Star Hotel (1 week)','fa fa-star','2019-08-13 06:24:00','2019-09-11 11:20:28');
/*!40000 ALTER TABLE `package_items` ENABLE KEYS */;
UNLOCK TABLES;

--
-- Table structure for table `package_package_item`
--

DROP TABLE IF EXISTS `package_package_item`;
/*!40101 SET @saved_cs_client     = @@character_set_client */;
/*!40101 SET character_set_client = utf8 */;
CREATE TABLE `package_package_item` (
  `id` int(10) unsigned NOT NULL AUTO_INCREMENT,
  `package_id` int(11) NOT NULL,
  `package_item_id` int(11) NOT NULL,
  PRIMARY KEY (`id`)
) ENGINE=InnoDB AUTO_INCREMENT=364 DEFAULT CHARSET=utf8mb4 COLLATE=utf8mb4_unicode_ci;
/*!40101 SET character_set_client = @saved_cs_client */;

--
-- Dumping data for table `package_package_item`
--

LOCK TABLES `package_package_item` WRITE;
/*!40000 ALTER TABLE `package_package_item` DISABLE KEYS */;
INSERT INTO `package_package_item` VALUES (1,3,1),(2,3,3),(3,3,4),(4,4,1),(5,4,4),(6,1,1),(7,1,2),(8,1,3),(9,1,4),(10,2,1),(11,2,2),(12,2,3),(13,2,4),(14,3,2),(15,4,2),(16,4,3),(17,5,1),(18,5,2),(19,5,3),(20,5,4),(22,4,5),(26,6,1),(27,6,2),(28,6,3),(29,6,4),(30,6,5),(31,6,6),(32,7,1),(33,7,2),(34,7,3),(35,7,4),(37,7,6),(38,8,1),(39,8,2),(40,8,3),(41,8,4),(43,9,1),(44,9,2),(45,9,3),(46,9,4),(48,9,6),(49,10,1),(50,10,2),(51,10,3),(52,10,4),(54,10,6),(55,11,1),(56,11,2),(57,11,3),(58,11,4),(59,11,5),(60,11,6),(61,12,1),(62,12,2),(63,12,3),(64,12,4),(66,12,6),(67,13,1),(68,13,2),(69,13,3),(70,13,4),(72,13,6),(73,14,1),(74,14,2),(75,14,3),(76,14,4),(78,14,6),(79,15,1),(80,15,2),(81,15,3),(82,15,4),(84,15,6),(85,15,7),(86,17,1),(87,17,2),(88,17,3),(89,17,4),(90,17,6),(91,17,8),(92,14,7),(93,8,6),(94,8,7),(95,9,7),(96,10,7),(97,12,7),(98,18,1),(99,18,2),(100,18,3),(101,18,4),(102,18,5),(103,19,1),(104,19,2),(105,19,3),(106,19,4),(107,19,5),(108,19,6),(109,19,7),(110,20,1),(111,20,2),(112,20,3),(113,20,4),(114,20,5),(115,20,6),(116,20,7),(117,22,1),(118,22,2),(119,22,3),(120,22,4),(121,22,5),(122,22,6),(123,22,7),(124,23,1),(125,23,2),(126,23,3),(127,23,4),(128,23,5),(129,23,6),(130,23,7),(131,24,1),(132,24,2),(133,24,3),(134,24,4),(135,24,5),(136,24,6),(137,24,7),(138,25,1),(139,25,2),(140,25,3),(141,25,4),(142,25,5),(143,25,6),(144,26,1),(145,26,2),(146,26,3),(147,26,4),(148,26,5),(149,26,6),(150,26,7),(151,27,1),(152,27,2),(153,27,3),(154,27,4),(155,27,5),(156,27,6),(157,27,7),(158,28,1),(159,28,2),(160,28,3),(161,28,4),(162,28,5),(163,28,6),(164,28,7),(165,29,1),(166,29,2),(167,29,3),(168,29,4),(169,29,5),(170,29,6),(171,29,7),(172,30,1),(173,30,2),(174,30,3),(175,30,4),(176,30,5),(177,30,6),(178,30,7),(179,31,1),(180,31,2),(181,31,3),(182,31,4),(184,31,6),(185,31,7),(186,32,1),(187,32,2),(188,32,3),(189,32,4),(190,32,5),(191,32,6),(192,32,7),(193,33,1),(194,33,2),(195,33,3),(196,33,4),(197,33,5),(198,33,6),(199,33,7),(200,34,1),(201,34,2),(202,34,3),(203,34,4),(205,34,6),(206,34,7),(207,35,1),(208,35,2),(209,35,3),(210,35,4),(212,35,6),(213,35,7),(214,36,1),(215,36,2),(216,36,3),(217,36,4),(219,36,6),(220,36,7),(221,37,1),(222,37,2),(223,37,3),(224,37,4),(225,37,5),(226,37,6),(227,37,7),(228,38,1),(229,38,2),(230,38,3),(231,38,4),(233,38,6),(234,38,7),(235,39,1),(236,39,2),(237,39,3),(238,39,4),(240,21,1),(241,21,2),(242,21,3),(243,21,4),(244,21,5),(245,21,6),(246,21,7),(249,39,6),(250,39,7),(251,7,7),(252,1,6),(253,1,7),(254,40,1),(255,40,2),(256,40,3),(257,40,4),(258,40,6),(259,41,1),(260,41,2),(261,41,3),(262,41,4),(263,41,6),(264,42,1),(265,42,2),(266,42,3),(267,42,4),(268,42,6),(269,42,7),(270,43,1),(271,43,2),(272,43,3),(273,43,4),(274,43,6),(275,43,7),(276,44,1),(277,44,2),(278,44,3),(279,44,4),(280,44,6),(281,44,9),(282,45,1),(283,45,2),(284,45,3),(285,45,4),(286,45,6),(287,45,7),(288,45,9),(289,46,1),(290,46,2),(291,46,3),(292,46,4),(293,46,6),(294,46,7),(295,46,9),(296,47,1),(297,47,2),(298,47,3),(299,47,4),(300,47,6),(301,47,7),(302,48,1),(303,48,2),(304,48,3),(305,48,4),(306,48,6),(307,48,7),(308,49,1),(309,49,2),(310,49,3),(311,49,4),(312,49,6),(313,49,7),(314,50,1),(315,50,2),(316,50,3),(317,50,4),(318,50,6),(319,50,7),(320,5,6),(321,5,7),(322,51,1),(323,51,2),(324,51,3),(325,51,4),(326,51,6),(327,51,7),(328,52,1),(329,52,2),(330,52,3),(331,52,4),(332,52,6),(333,52,7),(334,53,1),(335,53,2),(336,53,3),(337,53,4),(338,53,6),(339,53,7),(340,55,1),(341,55,2),(342,55,3),(343,55,4),(344,55,6),(345,55,7),(346,54,1),(347,54,2),(348,54,3),(349,54,4),(350,54,6),(351,54,7),(352,57,1),(353,57,2),(354,57,3),(355,57,4),(356,57,6),(357,57,7),(358,56,1),(359,56,2),(360,56,3),(361,56,4),(362,56,6),(363,56,7);
/*!40000 ALTER TABLE `package_package_item` ENABLE KEYS */;
UNLOCK TABLES;

--
-- Table structure for table `package_package_price`
--

DROP TABLE IF EXISTS `package_package_price`;
/*!40101 SET @saved_cs_client     = @@character_set_client */;
/*!40101 SET character_set_client = utf8 */;
CREATE TABLE `package_package_price` (
  `id` int(10) unsigned NOT NULL AUTO_INCREMENT,
  `package_id` int(11) NOT NULL,
  `package_price_id` int(11) NOT NULL,
  `created_at` timestamp NULL DEFAULT NULL,
  `updated_at` timestamp NULL DEFAULT NULL,
  PRIMARY KEY (`id`)
) ENGINE=InnoDB AUTO_INCREMENT=14 DEFAULT CHARSET=utf8mb4 COLLATE=utf8mb4_unicode_ci;
/*!40101 SET character_set_client = @saved_cs_client */;

--
-- Dumping data for table `package_package_price`
--

LOCK TABLES `package_package_price` WRITE;
/*!40000 ALTER TABLE `package_package_price` DISABLE KEYS */;
INSERT INTO `package_package_price` VALUES (1,3,1,NULL,NULL),(2,3,2,NULL,NULL),(3,3,3,NULL,NULL),(4,5,2,NULL,NULL),(5,5,3,NULL,NULL),(6,14,2,NULL,NULL),(7,15,2,NULL,NULL),(8,13,2,NULL,NULL),(9,19,2,NULL,NULL),(10,22,2,NULL,NULL),(11,2,4,NULL,NULL),(12,27,2,NULL,NULL),(13,29,2,NULL,NULL);
/*!40000 ALTER TABLE `package_package_price` ENABLE KEYS */;
UNLOCK TABLES;

--
-- Table structure for table `package_prices`
--

DROP TABLE IF EXISTS `package_prices`;
/*!40101 SET @saved_cs_client     = @@character_set_client */;
/*!40101 SET character_set_client = utf8 */;
CREATE TABLE `package_prices` (
  `id` int(10) unsigned NOT NULL AUTO_INCREMENT,
  `title` varchar(255) COLLATE utf8mb4_unicode_ci NOT NULL,
  `price` int(11) DEFAULT NULL,
  `created_at` timestamp NULL DEFAULT NULL,
  `updated_at` timestamp NULL DEFAULT NULL,
  PRIMARY KEY (`id`)
) ENGINE=InnoDB AUTO_INCREMENT=5 DEFAULT CHARSET=utf8mb4 COLLATE=utf8mb4_unicode_ci;
/*!40101 SET character_set_client = @saved_cs_client */;

--
-- Dumping data for table `package_prices`
--

LOCK TABLES `package_prices` WRITE;
/*!40000 ALTER TABLE `package_prices` DISABLE KEYS */;
INSERT INTO `package_prices` VALUES (1,'Treatment',300,'2019-06-30 09:45:10','2019-06-30 09:45:10'),(2,'Treatment + 3-Star Hotel',5500,'2019-06-30 09:45:00','2019-08-25 14:56:10'),(3,'Treatment + 5star Hotel',900,'2019-06-30 09:46:00','2019-08-25 14:58:10'),(4,'Treatment + 3-Star Hotel',1450,'2019-06-30 09:45:00','2019-08-25 14:56:30');
/*!40000 ALTER TABLE `package_prices` ENABLE KEYS */;
UNLOCK TABLES;

--
-- Table structure for table `package_timeline`
--

DROP TABLE IF EXISTS `package_timeline`;
/*!40101 SET @saved_cs_client     = @@character_set_client */;
/*!40101 SET character_set_client = utf8 */;
CREATE TABLE `package_timeline` (
  `id` int(10) unsigned NOT NULL AUTO_INCREMENT,
  `package_id` int(11) NOT NULL,
  `timeline_id` int(11) NOT NULL,
  PRIMARY KEY (`id`)
) ENGINE=InnoDB AUTO_INCREMENT=66 DEFAULT CHARSET=utf8mb4 COLLATE=utf8mb4_unicode_ci;
/*!40101 SET character_set_client = @saved_cs_client */;

--
-- Dumping data for table `package_timeline`
--

LOCK TABLES `package_timeline` WRITE;
/*!40000 ALTER TABLE `package_timeline` DISABLE KEYS */;
INSERT INTO `package_timeline` VALUES (1,3,1),(2,3,2),(3,3,3),(4,5,1),(5,5,2),(6,5,3),(7,18,1),(8,18,2),(9,18,3),(10,23,1),(11,23,2),(12,22,1),(13,22,2),(14,22,3),(15,2,1),(16,2,2),(17,2,3),(18,19,1),(19,19,2),(20,19,3),(21,13,1),(22,13,2),(23,13,3),(24,7,1),(25,7,2),(26,7,3),(27,6,1),(28,6,2),(29,6,3),(30,4,1),(31,4,2),(32,4,3),(33,1,1),(34,1,2),(35,1,3),(39,27,1),(40,27,2),(41,27,3),(42,29,1),(43,29,2),(44,29,3),(45,36,1),(46,36,2),(47,36,3),(48,40,1),(49,40,2),(50,40,3),(51,42,1),(52,42,2),(53,42,3),(54,44,1),(55,44,2),(56,44,3),(57,46,1),(58,46,2),(59,46,3),(60,52,1),(61,52,2),(62,52,3),(63,56,1),(64,56,2),(65,56,3);
/*!40000 ALTER TABLE `package_timeline` ENABLE KEYS */;
UNLOCK TABLES;

--
-- Table structure for table `packages`
--

DROP TABLE IF EXISTS `packages`;
/*!40101 SET @saved_cs_client     = @@character_set_client */;
/*!40101 SET character_set_client = utf8 */;
CREATE TABLE `packages` (
  `id` int(10) unsigned NOT NULL AUTO_INCREMENT,
  `title` varchar(191) COLLATE utf8mb4_unicode_ci NOT NULL,
  `before_price` varchar(191) COLLATE utf8mb4_unicode_ci DEFAULT NULL,
  `after_price` varchar(191) COLLATE utf8mb4_unicode_ci DEFAULT NULL,
  `description` text COLLATE utf8mb4_unicode_ci,
  `timeline` text COLLATE utf8mb4_unicode_ci,
  `price` int(11) NOT NULL,
  `subtitle` varchar(191) COLLATE utf8mb4_unicode_ci DEFAULT NULL,
  `images` tinytext COLLATE utf8mb4_unicode_ci,
  `created_at` timestamp NULL DEFAULT NULL,
  `updated_at` timestamp NULL DEFAULT NULL,
  `slug` varchar(191) COLLATE utf8mb4_unicode_ci DEFAULT NULL,
  `options` text COLLATE utf8mb4_unicode_ci,
  `background` varchar(191) COLLATE utf8mb4_unicode_ci DEFAULT NULL,
  `parent_id` int(10) unsigned DEFAULT NULL,
  `video` varchar(191) COLLATE utf8mb4_unicode_ci DEFAULT NULL,
  `testimonial` varchar(191) COLLATE utf8mb4_unicode_ci DEFAULT NULL,
  `main_image` varchar(191) COLLATE utf8mb4_unicode_ci DEFAULT NULL,
  `grand_background` varchar(255) COLLATE utf8mb4_unicode_ci DEFAULT NULL,
  `first_page` tinyint(4) DEFAULT NULL,
  `pricing` tinytext COLLATE utf8mb4_unicode_ci,
  PRIMARY KEY (`id`)
) ENGINE=InnoDB AUTO_INCREMENT=58 DEFAULT CHARSET=utf8mb4 COLLATE=utf8mb4_unicode_ci;
/*!40101 SET character_set_client = @saved_cs_client */;

--
-- Dumping data for table `packages`
--

LOCK TABLES `packages` WRITE;
/*!40000 ALTER TABLE `packages` DISABLE KEYS */;
INSERT INTO `packages` VALUES (1,'Hair transplant ','From','USD','<p>test</p>','',750,'Package In Tehran',NULL,'2019-02-24 21:24:00','2019-09-14 04:09:32','hair-transplant','Visa;\nTransfer within Tehran;\nAccommodation;\nInterpreter;\nFollow-up;\nCity Sightseeing\n','packages/August2019/2dbS3EhIHKeiWKkAhtlU.jpg',NULL,'-PNM-so0whQ','njIiXdov4ro','packages/August2019/TWMo8V39dytYiXxdr0uB.jpg','packages/August2019/JOnk0hp1mcVQL3k8pVKa.jpg',1,'{\n    \"1\": {\n        \"title\": \"Treatment \",\n        \"price\": \"From 650$\"\n       },\n  \"1\": {\n        \"title\": \"Treatment +3 Star Hotel (2 Night)\",\n        \"price\": \"From 750$\"\n       }\n}'),(2,'Rhinoplasty','From','USD','<p>rerger</p>','',1250,'Package In Tehran',NULL,'2019-02-25 12:43:00','2019-10-18 17:09:24','rhinoplasty','Visa;\nTransfer within Tehran;\nAccommodation;\nInterpreter;\nFollow-up;\nCity Sightseeing\n','packages/September2019/WFkvRQc3NrVVcGLgFuhQ.jpg',NULL,'dyNpojnbNT4','5ZKJh92UmjQ','packages/August2019/hE7hKHAhJ2RpXTORglQM.jpg','packages/September2019/o0fFt1AsDdjMuRVp27bI.jpg',1,'{\n    \"1\": {\n        \"title\": \"Treatment + 3-Star Hotel\",\n        \"price\": \"From 5500$\"\n       },\n    \"2\": {\n        \"title\": \"Treatment + 3-Star Hotel\",\n        \"price\": \"From 5500$\"\n       }\n}'),(3,'Dental Implant','From','USD per tooth','','',400,'Package In Tehran','[\"packages\\/August2019\\/1GpWlKi3tzVmYiDLVyof.png\"]','2019-02-25 13:03:00','2019-11-23 13:19:04','dental-implant','Visa;\nTransfer within Tehran;\nAccommodation;\nInterpreter;\nFollow-up;\nCity Sightseeing\n\n','packages/September2019/Z4nKAofmGkMmyvzZAOhs.jpeg',NULL,'3qYcpkWzJGg','5ZKJh92UmjQ','packages/August2019/bq91CzTd7GHiuUI3i0iG.jpeg','packages/August2019/FmmlW9kTvr7jyJBbqM9G.jpeg',0,'{\n    \"1\": {\n        \"title\": \"Treatment \",\n        \"price\": \"From 380$\"\n       }\n}'),(5,'Liposuction','From','USD','','',1800,'Package In',NULL,'2019-07-22 05:36:00','2019-11-23 13:24:34','liposuction','hotel;visa','packages/August2019/1ecSnQaq2zBMT0FJnxvQ.jpg',NULL,'KcBesowWWxE','5ZKJh92UmjQ','packages/August2019/ARAdSAfM6UbxSZJnGRl9.jpg','packages/August2019/zn0Sa29jNugWOTeNBO0o.jpg',0,'{\n    \"1\": {\n        \"title\": \"Treatment \",\n        \"price\": \"From 1500$\"\n       }\n}'),(6,'Breast augmentation','','USD','','',2150,'','[\"packages\\/August2019\\/qQB8Q44Q0hWE6N9nzYVf.jpg\"]','2019-07-31 00:08:00','2019-09-11 07:19:17','breast-augmentation','','packages/August2019/lEh7U7byeZbgqo0dCTFy.jpg',NULL,'60uFk1a4oJc','5ZKJh92UmjQ','packages/August2019/lXOo1Pk3QPF6zswAUJ7k.jpg','packages/August2019/R0dGBadNmLFDvXNgnnzn.jpg',1,NULL),(7,'Ear surgery','From','USD','','',1550,'',NULL,'2019-07-31 00:44:00','2019-09-11 11:10:30','ear-surgery','','packages/September2019/BwIhdFi6jpTRGquaW59D.jpg',NULL,'836S4wws7Yw','5ZKJh92UmjQ','packages/August2019/LPHuYzkMHOxOVy2liDLs.jpg','packages/August2019/CUJ97QMWN9G3ZDsgq0NB.png',1,'{\n    \"1\": {\n        \"title\": \"Treatment \",\n        \"price\": \"From 1150$\"\n       },\n  \"1\": {\n        \"title\": \"Treatment +3 Star Hotel\",\n        \"price\": \"From 1550$\"\n       }\n}'),(8,'Rhinoplasty','','','','',1400,'',NULL,'2019-08-10 00:49:00','2019-09-11 10:29:10','rhinoplasty-Shiraz','','packages/August2019/Il7Kw6YMCXam3IHvJiWn.png',2,NULL,'',NULL,NULL,0,'{\n    \"1\": {\n        \"title\": \"Treatment + 3-Star Hotel\",\n        \"price\": \"From 5500$\"\n       },\n    \"2\": {\n        \"title\": \"Treatment + 3-Star Hotel\",\n        \"price\": \"From 5500$\"\n       }\n}'),(9,'Rhinoplasty','','','','',1350,'',NULL,'2019-08-13 04:02:00','2019-09-07 04:01:47','rhinoplasty-Tehran','',NULL,2,NULL,'',NULL,NULL,NULL,NULL),(10,'Rhinoplasty','','USD','','',1250,'',NULL,'2019-08-13 04:09:00','2019-09-07 04:01:14','rhinoplasty-Mashhad','',NULL,2,NULL,'',NULL,NULL,NULL,NULL),(11,'Dental Implant','','','','',497,'',NULL,'2019-08-13 04:26:00','2019-08-13 08:45:47','dental-implant-Tehran','',NULL,3,NULL,'',NULL,NULL,NULL,NULL),(12,'Dental Implant','','','','',450,'',NULL,'2019-08-13 04:29:00','2019-08-13 08:31:28','dental-implant-Mashhad','',NULL,3,NULL,'',NULL,NULL,NULL,NULL),(13,'Hollywood Smile','From','USD','','',80,'',NULL,'2019-08-13 05:34:00','2019-11-23 13:17:51','hollywood-smile','','packages/August2019/aTH1ze8EubBirv93lWeJ.jpg',NULL,'2Bcrxgl2APc','5ZKJh92UmjQ','packages/August2019/WxlxUsdf3jogCBFjdMcD.jpg','packages/August2019/az9nL0OYRyiO58vghsEg.jpg',0,'{\n    \"1\": {\n        \"title\": \"Treatment \",\n        \"price\": \"From 80$\"\n       }\n}'),(14,'Hollywood Smile','','','','',100,'',NULL,'2019-08-13 06:08:00','2019-08-13 06:21:03','hollywood-smile-Tehran','',NULL,13,NULL,'',NULL,NULL,NULL,NULL),(15,'Hollywood Smile','','USD','','',119,'',NULL,'2019-08-13 06:10:00','2019-08-13 06:26:27','hollywood-smile','',NULL,13,NULL,'',NULL,NULL,NULL,NULL),(19,'Knee replacement surgery','Frome','USD','','',4000,'',NULL,'2019-08-25 02:59:00','2019-08-26 03:44:33','knee-replacement-surgery','','packages/August2019/T1pkCg5l80euiC9RH6rU.jpg',NULL,'m8LDBlZN-XM','5ZKJh92UmjQ','packages/August2019/BXtp2ozISSX4TbP0N5VS.jpg','packages/August2019/2LyuANK0l5VnEQfmTT0m.jpg',NULL,NULL),(20,'Knee replacement surgery','','','','',4000,'',NULL,'2019-08-25 03:01:00','2019-08-25 04:02:19','knee-replacement-surgery','',NULL,19,NULL,'',NULL,NULL,NULL,NULL),(21,'Knee replacement surgery','','','','',3500,'',NULL,'2019-08-25 03:01:00','2019-08-25 03:01:48','','',NULL,19,NULL,'',NULL,NULL,NULL,NULL),(22,'Shoulder replacement surgery','From','USD','','',6500,'',NULL,'2019-08-25 02:59:00','2019-09-11 07:01:23','shoulder-replacement-surgery','','packages/August2019/Hgu3hmcVmtoyBqgvOwoP.jpg',NULL,'gqitRa4dm1U','2X8FQ5JuVxw','packages/August2019/zeHd6OWHYevELtU5UOHE.jpg','packages/August2019/nV8AYAPzjKO6uBxauKJ3.jpg',1,NULL),(23,'Shoulder replacement surgery','From','USD','','',6500,'',NULL,'2019-08-25 02:59:00','2019-08-25 03:16:13','','','packages/August2019/bgSEankCDTu3sU20f86Y.jpg',22,NULL,'','packages/August2019/RH1G3hwauz34iM39GhVU.jpg',NULL,NULL,NULL),(27,'In Vitro Fertilisation (IVF)','From','','','',2550,'',NULL,'2019-09-08 07:46:00','2019-09-08 07:49:39','in-vitro-fertilisation-ivf','','packages/September2019/yAQ58xTspNWaOs4FzSYn.jpg',NULL,'uXsCngh89fI','','packages/September2019/FqJ7IWADGm9A8bxwmYmR.jpg','packages/September2019/wS3C0w14on92o9k6D9PB.jpg',NULL,NULL),(28,'In Vitro Fertilisation (IVF)','','','','',2550,'',NULL,'2019-09-08 07:46:00','2019-09-08 07:50:20','','','packages/September2019/yAQ58xTspNWaOs4FzSYn.jpg',27,'uXsCngh89fI','','packages/September2019/FqJ7IWADGm9A8bxwmYmR.jpg','packages/September2019/wS3C0w14on92o9k6D9PB.jpg',NULL,NULL),(29,'Varicocelectomy','From','USD','','',750,'',NULL,'2019-09-08 08:03:00','2019-09-11 07:03:48','varicocelectomy','','packages/September2019/uk7pI9fIwIaT1taeCZbK.jpg',NULL,NULL,'','packages/September2019/dhfJfX0I9cNBBFouaTPg.jpg','packages/September2019/UoKrG4Ox5kmv5oJQbNmL.jpg',1,NULL),(30,'Varicocelectomy','From','USD','','',750,'',NULL,'2019-09-08 08:03:00','2019-09-08 08:19:27','','','packages/September2019/UYD7fbnXSQPl018whKty.jpg',29,NULL,'','packages/September2019/tgIUlEmP2x0FjGxT4VlK.jpg',NULL,NULL,NULL),(31,'Hair transplant ','From','USD','<p>test</p>','',850,'Package In Tehran',NULL,'2019-02-24 21:24:00','2019-09-14 04:12:22','','Visa;\nTransfer within Tehran;\nAccommodation;\nInterpreter;\nFollow-up;\nCity Sightseeing\n','packages/August2019/2dbS3EhIHKeiWKkAhtlU.jpg',1,'-PNM-so0whQ','5ZKJh92UmjQ','packages/August2019/TWMo8V39dytYiXxdr0uB.jpg','packages/August2019/JOnk0hp1mcVQL3k8pVKa.jpg',0,'{\n    \"1\": {\n        \"title\": \"Treatment \",\n        \"price\": \"From 600$\"\n       },\n  \"2\": {\n        \"title\": \"Treatment +3 Star Hotel\",\n        \"price\": \"From 850$\"\n       }\n}'),(32,'Hair transplant ','From','USD','<p>test</p>','',850,'Package In Tehran',NULL,'2019-02-24 21:24:00','2019-09-08 08:16:35','','Visa;\nTransfer within Tehran;\nAccommodation;\nInterpreter;\nFollow-up;\nCity Sightseeing\n','packages/August2019/2dbS3EhIHKeiWKkAhtlU.jpg',1,'-PNM-so0whQ','5ZKJh92UmjQ','packages/August2019/TWMo8V39dytYiXxdr0uB.jpg','packages/August2019/JOnk0hp1mcVQL3k8pVKa.jpg',NULL,NULL),(33,'Hair transplant ','From','USD','<p>test</p>','',750,'Package In Tehran',NULL,'2019-02-24 21:24:00','2019-09-08 08:17:03','','Visa;\nTransfer within Tehran;\nAccommodation;\nInterpreter;\nFollow-up;\nCity Sightseeing\n','packages/August2019/2dbS3EhIHKeiWKkAhtlU.jpg',1,'-PNM-so0whQ','5ZKJh92UmjQ','packages/August2019/TWMo8V39dytYiXxdr0uB.jpg','packages/August2019/JOnk0hp1mcVQL3k8pVKa.jpg',NULL,NULL),(34,'Ear surgery','From','USD','','',1650,'',NULL,'2019-07-31 00:44:00','2019-09-11 11:11:50','','','packages/September2019/BwIhdFi6jpTRGquaW59D.jpg',7,'836S4wws7Yw','5ZKJh92UmjQ','packages/August2019/LPHuYzkMHOxOVy2liDLs.jpg','packages/August2019/CUJ97QMWN9G3ZDsgq0NB.png',0,'{\n    \"1\": {\n        \"title\": \"Treatment \",\n        \"price\": \"From 1150$\"\n       },\n  \"1\": {\n        \"title\": \"Treatment +3 Star Hotel\",\n        \"price\": \"From 1550$\"\n       }\n}'),(35,'Ear surgery','From','USD','','',1550,'',NULL,'2019-07-31 00:44:00','2019-09-11 11:12:20','','','packages/September2019/BwIhdFi6jpTRGquaW59D.jpg',7,'836S4wws7Yw','5ZKJh92UmjQ','packages/August2019/LPHuYzkMHOxOVy2liDLs.jpg','packages/August2019/CUJ97QMWN9G3ZDsgq0NB.png',0,'{\n    \"1\": {\n        \"title\": \"Treatment \",\n        \"price\": \"From 1150$\"\n       },\n  \"1\": {\n        \"title\": \"Treatment +3 Star Hotel\",\n        \"price\": \"From 1550$\"\n       }\n}'),(36,'Cataract Surgery','From','USD','','',1200,'',NULL,'2019-09-11 06:05:00','2019-11-23 14:18:50','cataract-surgery','','packages/September2019/sYwR4j1exDK26Y8dTnpV.png',NULL,'icYLMmENk_c','','packages/November2019/okpKF0QdOUJXbprSm8V3.jpg','packages/September2019/k3w5KYE7dSf5VVStXs2o.jpg',1,'{\n    \"1\": {\n        \"title\": \"Treatment \",\n        \"price\": \"From 800$\"\n       },\n  \"1\": {\n        \"title\": \"Treatment +3 Star Hotel\",\n        \"price\": \"From 1200$\"\n       }\n}'),(37,'Cataract Surgery','From','USD','','',1265,'',NULL,'2019-09-11 06:05:00','2019-09-11 06:11:53','','','packages/September2019/sYwR4j1exDK26Y8dTnpV.png',36,'icYLMmENk_c','','packages/September2019/yDF1AWZgCfOcV4g7hXta.jpg','packages/September2019/k3w5KYE7dSf5VVStXs2o.jpg',NULL,NULL),(38,'Cataract Surgery','From','USD','','',1265,'',NULL,'2019-09-11 06:05:00','2019-09-11 11:05:30','','','packages/September2019/sYwR4j1exDK26Y8dTnpV.png',36,'icYLMmENk_c','','packages/September2019/yDF1AWZgCfOcV4g7hXta.jpg','packages/September2019/k3w5KYE7dSf5VVStXs2o.jpg',0,'{\n    \"1\": {\n        \"title\": \"Treatment \",\n        \"price\": \"From 800$\"\n       },\n  \"1\": {\n        \"title\": \"Treatment +3 Star Hotel\",\n        \"price\": \"From 1200$\"\n       }\n}'),(39,'Cataract Surgery','From','USD','','',1200,'',NULL,'2019-09-11 06:05:00','2019-09-11 10:59:00','','','packages/September2019/sYwR4j1exDK26Y8dTnpV.png',36,'icYLMmENk_c','','packages/September2019/yDF1AWZgCfOcV4g7hXta.jpg','packages/September2019/k3w5KYE7dSf5VVStXs2o.jpg',0,'{\n    \"1\": {\n        \"title\": \"Treatment \",\n        \"price\": \"From 7820$\"\n       },\n  \"1\": {\n        \"title\": \"Treatment +3 Star Hotel\",\n        \"price\": \"From 8220$\"\n       }\n}'),(40,'Heart Valve Replacement','','','','',7820,'',NULL,'2019-09-11 06:30:00','2019-09-11 10:55:37','heart-valve-replacement','','packages/September2019/lqUrku1xgQYNnwasmakJ.jpg',NULL,'5jLfPlQBYuw','','packages/September2019/QR1ZcKc84jMl70v2I87l.jpg','packages/September2019/8i5L35kF9ORrywF2bwon.jpg',1,'{\n    \"1\": {\n        \"title\": \"Treatment \",\n        \"price\": \"From 7820$\"\n       },\n  \"2\": {\n        \"title\": \"Treatment +3 Star Hotel\",\n        \"price\": \"From 8220$\"\n       }\n}'),(41,'Heart Valve Replacement','','','','',7820,'',NULL,'2019-09-11 06:30:00','2019-09-11 10:55:05','','','packages/September2019/lqUrku1xgQYNnwasmakJ.jpg',40,NULL,'','packages/September2019/QR1ZcKc84jMl70v2I87l.jpg','packages/September2019/8i5L35kF9ORrywF2bwon.jpg',0,'{\n    \"1\": {\n        \"title\": \"Treatment \",\n        \"price\": \"From 7820$\"\n       },\n  \"1\": {\n        \"title\": \"Treatment +3 Star Hotel\",\n        \"price\": \"From 8220$\"\n       }\n}'),(42,'Eyelid surgery (Blepharoplasty)','','','','',1200,'',NULL,'2019-09-13 13:08:00','2019-09-19 17:53:34','eyelid-surgery-blepharoplasty',NULL,'packages/September2019/4Sf6GEnamUPhWgjvHE9Y.jpg',NULL,'2mSQ9-2TotU','','packages/September2019/0p7z0gQjWoVaPtYxllKK.jpg','packages/September2019/dTChknfgOOWs6CppV4s4.jpg',1,'{\n    \"1\": {\n        \"title\": \"Treatment \",\n        \"price\": \"From 800$\"\n       },\n  \"2\": {\n        \"title\": \"Treatment +3 Star Hotel\",\n        \"price\": \"From 1200$\"\n       }\n}'),(43,'Eyelid surgery (Blepharoplasty)','','','','',1200,'',NULL,'2019-09-13 13:08:00','2019-09-19 17:53:17','',NULL,NULL,42,'2mSQ9-2TotU','','packages/September2019/0p7z0gQjWoVaPtYxllKK.jpg','packages/September2019/dTChknfgOOWs6CppV4s4.jpg',1,'{\n    \"1\": {\n        \"title\": \"Treatment \",\n        \"price\": \"From 800$\"\n       },\n  \"2\": {\n        \"title\": \"Treatment +3 Star Hotel\",\n        \"price\": \"From 1000$\"\n       }\n}'),(44,'Sex reassignment surgery male-to-female','From','USD','','',5500,'',NULL,'2019-11-17 05:57:00','2019-11-19 07:46:04','sex-reassignment-surgery-male-to-female',NULL,'packages/November2019/z5tmEdYrbRxVMGznILFt.jpg',NULL,NULL,'','packages/November2019/TdB89FCxfdMhgahho3fY.jpg','packages/November2019/k7AM1aMQHZC0cKut0PNm.jpg',1,'{\n    \"1\": {\n        \"title\": \"Treatment \",\n        \"price\": \"5500$\"\n       },\n  \"2\": {\n        \"title\": \"Treatment +3 Star Hotel\",\n        \"price\": \"6000$\"\n       }\n}'),(45,'Sex reassignment surgery male-to-female','From','USD','','',6000,'',NULL,'2019-11-17 05:57:00','2019-11-17 06:03:34','',NULL,NULL,44,NULL,'','packages/November2019/TdB89FCxfdMhgahho3fY.jpg',NULL,1,'{\n    \"1\": {\n        \"title\": \"Treatment \",\n        \"price\": \"5500$\"\n       },\n  \"2\": {\n        \"title\": \"Treatment +3 Star Hotel\",\n        \"price\": \"6000$\"\n       }\n}'),(46,'Glaucoma Treatment (One eye)','From','USD','','',1350,'',NULL,'2019-09-11 06:05:00','2019-11-23 14:26:43','glaucoma-treatment-one-eye','','packages/November2019/m8BEbkabRqCwpM06APrG.jpg',NULL,NULL,'','packages/November2019/AL2loWyfNh3T4YHa2agX.jpg','packages/November2019/fYe7rI89x9noYHrjMbCU.jpg',1,'{\n    \"1\": {\n        \"title\": \"Treatment \",\n        \"price\": \"From 1350$\"\n       }\n}'),(47,'Trabeculectomy: Tehran','From','USD','','',1550,'',NULL,'2019-09-11 06:05:00','2019-11-23 13:13:53','trabeculectomy-tehran','','packages/November2019/m8BEbkabRqCwpM06APrG.jpg',46,NULL,'','packages/November2019/lK17HQQg0REFkmAvPxEB.jpg','packages/September2019/k3w5KYE7dSf5VVStXs2o.jpg',1,'{\n    \"1\": {\n        \"title\": \"Treatment \",\n        \"price\": \"From 1350$\"\n       }\n}'),(48,'Trabeculectomy: Mashhad','From','USD','','',1550,'',NULL,'2019-09-11 06:05:00','2019-11-23 13:13:40','trabeculectomy-mashhad','','packages/November2019/m8BEbkabRqCwpM06APrG.jpg',46,NULL,'','packages/November2019/lK17HQQg0REFkmAvPxEB.jpg','packages/September2019/k3w5KYE7dSf5VVStXs2o.jpg',1,'{\n    \"1\": {\n        \"title\": \"Treatment \",\n        \"price\": \"From 1350$\"\n       }\n}'),(49,'Trabeculectomy: shiraz','From','USD','','',1450,'',NULL,'2019-09-11 06:05:00','2019-11-23 13:13:15','trabeculectomy-shiraz','','packages/November2019/m8BEbkabRqCwpM06APrG.jpg',46,NULL,'','packages/November2019/lK17HQQg0REFkmAvPxEB.jpg','packages/September2019/k3w5KYE7dSf5VVStXs2o.jpg',1,'{\n    \"1\": {\n        \"title\": \"Treatment \",\n        \"price\": \"From 1350$\"\n       }\n}'),(50,'Liposuction-Tehran','From','USD','','',1800,'Package In',NULL,'2019-07-22 05:36:00','2019-11-23 13:26:06','liposuction-tehran','hotel;visa','packages/August2019/1ecSnQaq2zBMT0FJnxvQ.jpg',5,NULL,'5ZKJh92UmjQ','packages/August2019/ARAdSAfM6UbxSZJnGRl9.jpg','packages/August2019/zn0Sa29jNugWOTeNBO0o.jpg',0,'{\n    \"1\": {\n        \"title\": \"Treatment \",\n        \"price\": \"From 1500$\"\n       }\n}'),(51,'Liposuction-Mashhad','From','USD','','',1800,'Package In',NULL,'2019-07-22 05:36:00','2019-11-23 13:26:37','liposuction-mashhad','hotel;visa','packages/August2019/1ecSnQaq2zBMT0FJnxvQ.jpg',5,NULL,'5ZKJh92UmjQ','packages/August2019/ARAdSAfM6UbxSZJnGRl9.jpg','packages/August2019/zn0Sa29jNugWOTeNBO0o.jpg',0,'{\n    \"1\": {\n        \"title\": \"Treatment \",\n        \"price\": \"From 1500$\"\n       }\n}'),(52,'LASIK eye surgery (Both eyes)','From','USD','','',1000,'',NULL,'2019-09-11 06:05:00','2019-11-23 15:22:14','lasik-eye-surgery-both-eyes','','packages/November2019/TkMTmKPuTZRkJvmusuFi.jpg',NULL,NULL,'','packages/November2019/1hl7VLs4ntLWa1ALnd5x.jpg','packages/November2019/dRBDBnYDm856WWhY0sgR.jpg',1,'{\n    \"1\": {\n        \"title\": \"Treatment \",\n        \"price\": \"From 1000$\"\n       }\n}'),(53,'LASIK eye surgery -Tehran','From','USD','','',1400,'',NULL,'2019-09-11 06:05:00','2019-11-23 13:50:29','lasik-eye-surgery-tehran','','packages/November2019/gOww4wE3GAAF55WgmLvz.jpg',52,NULL,'','packages/November2019/9MtOVQmnlCRAA0X4XLhM.jpg','packages/November2019/dRBDBnYDm856WWhY0sgR.jpg',0,'{\n    \"1\": {\n        \"title\": \"Treatment \",\n        \"price\": \"From 800$\"\n       }\n}'),(54,'LASIK eye surgery -Mashhad','From','USD','','',1400,'',NULL,'2019-09-11 06:05:00','2019-11-23 13:51:05','lasik-eye-surgery-mashhad','','packages/November2019/gOww4wE3GAAF55WgmLvz.jpg',52,NULL,'','packages/November2019/9MtOVQmnlCRAA0X4XLhM.jpg','packages/November2019/dRBDBnYDm856WWhY0sgR.jpg',0,'{\n    \"1\": {\n        \"title\": \"Treatment \",\n        \"price\": \"From 800$\"\n       }\n}'),(55,'LASIK eye surgery -Shiraz','From','USD','','',1300,'',NULL,'2019-09-11 06:05:00','2019-11-23 14:53:25','lasik-eye-surgery-shiraz','','packages/November2019/YOY4RNUmToiGiCpXIqjm.jpg',52,NULL,'','packages/November2019/dMmAVbCAeqGReNXhlOfr.jpg',NULL,0,'{\n    \"1\": {\n        \"title\": \"Treatment \",\n        \"price\": \"From 800$\"\n       }\n}'),(56,'Breast reduction surgery','From','USD','','',1700,'',NULL,'2019-09-11 06:05:00','2019-11-25 06:36:04','breast-reduction-surgery','','packages/November2019/rPUQcB6Y1pvQXn9d2Oah.png',NULL,NULL,'','packages/November2019/gWlf97UPI8drRWAbtGh6.png','packages/November2019/RuG6sG4lKXwBTx2KaZ2k.png',1,'{\n    \"1\": {\n        \"title\": \"Treatment \",\n        \"price\": \"From 1400$\"\n       }\n}'),(57,'breast reduction surgery-Tehran','From','USD','','',1700,'',NULL,'2019-09-11 06:05:00','2019-11-24 15:22:33','breast-reduction-surgery-tehran','','packages/November2019/TkMTmKPuTZRkJvmusuFi.jpg',56,NULL,'','packages/November2019/1hl7VLs4ntLWa1ALnd5x.jpg','packages/November2019/dRBDBnYDm856WWhY0sgR.jpg',1,'{\n    \"1\": {\n        \"title\": \"Treatment \",\n        \"price\": \"From 1400$\"\n       }\n}');
/*!40000 ALTER TABLE `packages` ENABLE KEYS */;
UNLOCK TABLES;

--
-- Table structure for table `pages`
--

DROP TABLE IF EXISTS `pages`;
/*!40101 SET @saved_cs_client     = @@character_set_client */;
/*!40101 SET character_set_client = utf8 */;
CREATE TABLE `pages` (
  `id` int(10) unsigned NOT NULL AUTO_INCREMENT,
  `author_id` int(11) NOT NULL,
  `title` varchar(191) COLLATE utf8mb4_unicode_ci NOT NULL,
  `excerpt` text COLLATE utf8mb4_unicode_ci,
  `body` text COLLATE utf8mb4_unicode_ci,
  `image` varchar(191) COLLATE utf8mb4_unicode_ci DEFAULT NULL,
  `slug` varchar(191) COLLATE utf8mb4_unicode_ci NOT NULL,
  `meta_description` text COLLATE utf8mb4_unicode_ci,
  `meta_keywords` text COLLATE utf8mb4_unicode_ci,
  `status` varchar(191) COLLATE utf8mb4_unicode_ci NOT NULL,
  `created_at` timestamp NULL DEFAULT NULL,
  `updated_at` timestamp NULL DEFAULT NULL,
  `css` text COLLATE utf8mb4_unicode_ci,
  PRIMARY KEY (`id`),
  UNIQUE KEY `pages_slug_unique` (`slug`)
) ENGINE=InnoDB AUTO_INCREMENT=16 DEFAULT CHARSET=utf8mb4 COLLATE=utf8mb4_unicode_ci;
/*!40101 SET character_set_client = @saved_cs_client */;

--
-- Dumping data for table `pages`
--

LOCK TABLES `pages` WRITE;
/*!40000 ALTER TABLE `pages` DISABLE KEYS */;
INSERT INTO `pages` VALUES (2,1,'About us',NULL,'<p class=\"paragraph-medium paragraph-black\" style=\"box-sizing: border-box; margin: 0px 0px 10px; padding: 0px; line-height: 1.6; font-size: 16px; font-family: Montserrat, sans-serif; color: #015259; background-color: #ffffff;\">Klinik is a HTML5 &amp; CSS3 responsive template created for clinic and hospital but also can be used for generalised website. It is a fully responsive, feature rich and beautifully designed to host a website or create online identity. We have created 40+ pages and 90+ components for this template and much more in future. It supports bootstrap framework and intergrated font awesome icon set so easy to customise and develop your own styles.</p>\n<p class=\"paragraph-medium paragraph-black\" style=\"box-sizing: border-box; margin: 0px 0px 10px; padding: 0px; line-height: 1.6; font-size: 16px; font-family: Montserrat, sans-serif; color: #015259; background-color: #ffffff;\">Nemo igitur esse beatus potest. Est autem etiam actio quaedam corporis, quae motus et status naturae congruentis tenet; Duo Reges: constructio interrete. Qui ita affectus, beatum esse numquam probabis; Re mihi non aeque satisfacit, et quidem locis pluribus. Vitiosum est enim in dividendo partem in genere numerare.</p>\n<ul class=\"theme-list\" style=\"box-sizing: border-box; margin: 0px 0px 10px; font-size: 14px; line-height: 24px; padding: 0px; color: #212529; font-family: Montserrat, sans-serif; background-color: #ffffff;\">\n<li style=\"box-sizing: border-box; list-style: none; line-height: 1.6; color: #555555; padding: 5px 0px; letter-spacing: 0.5px;\">Lorem ipsum dolor sit amet, consectetur adipisicing elit. Sequi, nostrum.</li>\n<li style=\"box-sizing: border-box; list-style: none; line-height: 1.6; color: #555555; padding: 5px 0px; letter-spacing: 0.5px;\">Expedita autem, ea, inventore eligendi debitis nihil obcaecati consequatur quo.</li>\n<li style=\"box-sizing: border-box; list-style: none; line-height: 1.6; color: #555555; padding: 5px 0px; letter-spacing: 0.5px;\">Dolores, voluptatem vel eligendi asperiores totam deserunt exercitationem.</li>\n<li style=\"box-sizing: border-box; list-style: none; line-height: 1.6; color: #555555; padding: 5px 0px; letter-spacing: 0.5px;\">Pariatur iusto corporis facilis corrupti dolorem exercitationem ipsam quisquam.</li>\n<li style=\"box-sizing: border-box; list-style: none; line-height: 1.6; color: #555555; padding: 5px 0px; letter-spacing: 0.5px;\">Non, nostrum pariatur debitis quidem rerum voluptas odit harum consectetur.</li>\n<li style=\"box-sizing: border-box; list-style: none; line-height: 1.6; color: #555555; padding: 5px 0px; letter-spacing: 0.5px;\">Omnis quaerat quidem officiis consequuntur numquam adipisci dolore.</li>\n</ul>','pages/August2019/3sRzDbg7ulzG0yFBMRlV.jpg','about-us','MedtourIran,medical tourism,Iran','test','ACTIVE','2019-01-08 19:36:52','2019-08-03 14:48:25',NULL),(3,2,'Travel to Iran','Explaining Iran capabilities','<h1 class=\"MsoNormal\" style=\"mso-margin-top-alt: auto; mso-margin-bottom-alt: auto; text-align: justify; text-justify: kashida; text-kashida: 0%; line-height: normal;\"><span style=\"font-size: 12.0pt; font-family: \'Times New Roman\',serif; mso-ascii-theme-font: major-bidi; mso-fareast-font-family: \'Times New Roman\'; mso-hansi-theme-font: major-bidi; mso-bidi-theme-font: major-bidi;\">Why Iran is an ideal medical tourism spot?</span></h1>\n<p><span style=\"font-size: 12pt;\"><span style=\"font-family: \'Times New Roman\',serif; mso-ascii-theme-font: major-bidi; mso-hansi-theme-font: major-bidi; mso-bidi-theme-font: major-bidi; background: white;\">Many people come to Iran due to the cost, quality, waiting period and facilities</span><span style=\"font-family: \'Times New Roman\', serif;\">. Iran </span><span style=\"font-family: \'Times New Roman\',serif; mso-ascii-theme-font: major-bidi; mso-hansi-theme-font: major-bidi; mso-bidi-theme-font: major-bidi; background: white;\">provides better quality treatment at lower costs compared to other countries. <a title=\"Travel to Iran\" href=\"https://medtouriran.com/en/page/visa-to-iran\" target=\"_blank\" rel=\"noopener noreferrer\">Iran </a></span><span style=\"font-family: \'Times New Roman\', serif;\">has one of the best qualified surgeons in every field. With more than 4 million surgeries a year, Iran has the most competent doctors and excellent medical facilities</span></span></p>\n<p><span style=\"font-size: 12.0pt; font-family: \'Times New Roman\',serif; mso-ascii-theme-font: major-bidi; mso-fareast-font-family: \'Times New Roman\'; mso-hansi-theme-font: major-bidi; mso-bidi-theme-font: major-bidi;\"><a title=\"Travel to Iran\" href=\"https://medtouriran.com/en/page/visa-to-iran\" target=\"_blank\" rel=\"noopener noreferrer\">Iran</a>, with its first-class medical facilities and skilled physicians, provides <a title=\"Medical services\" href=\"https://medtouriran.com/en/page/Our-medical-centers\" target=\"_blank\" rel=\"noopener noreferrer\">health services</a> at the level of each western country at a lower cost, these qualities have made Iran an exceptional destination for patients who do not need immediate emergency treatment.</span></p>\n<p><span style=\"font-size: 12.0pt; font-family: \'Times New Roman\',serif; mso-ascii-theme-font: major-bidi; mso-fareast-font-family: \'Times New Roman\'; mso-hansi-theme-font: major-bidi; mso-bidi-theme-font: major-bidi;\">Cost of medical treatments in Iran is a fraction of being incurred in your country. In addition to providing medical treatment, you will visit the tourist destinations of Iran and have a pleasant stay.</span></p>\n<p><span style=\"font-size: 12.0pt; font-family: \'Times New Roman\',serif; mso-ascii-theme-font: major-bidi; mso-fareast-font-family: \'Times New Roman\'; mso-hansi-theme-font: major-bidi; mso-bidi-theme-font: major-bidi;\">Nose job is one of the most common surgeries in Iran, Iranian doctors have a special skill in this surgery. The quality of cosmetic surgery, especially nose surgery, is very affordable.</span></p>\n<p><span style=\"font-size: 12.0pt; font-family: \'Times New Roman\',serif; mso-ascii-theme-font: major-bidi; mso-fareast-font-family: \'Times New Roman\'; mso-hansi-theme-font: major-bidi; mso-bidi-theme-font: major-bidi;\">Many people can get treatment in Iran that could otherwise not afford it in their home country. Here is five main reasons that make Iran India an ideal medical tourism spot:</span></p>\n<ol>\n<li class=\"MsoNormal\" style=\"margin: 6.0pt; text-align: justify; text-justify: kashida; text-kashida: 0%; line-height: 18.0pt; tab-stops: 45.8pt 91.6pt 137.4pt 183.2pt 229.0pt 274.8pt 320.6pt 366.4pt 412.2pt 458.0pt 503.8pt 549.6pt 595.4pt 641.2pt 687.0pt 732.8pt;\"><span style=\"font-size: 14pt;\"><span dir=\"RTL\" lang=\"AR-SA\" style=\"font-family: \'Times New Roman\', serif;\">&nbsp;</span><span style=\"mso-ascii-font-family: \'Times New Roman\'; mso-ascii-theme-font: major-bidi; mso-hansi-font-family: \'Times New Roman\'; mso-hansi-theme-font: major-bidi; mso-bidi-font-family: \'Times New Roman\'; mso-bidi-theme-font: major-bidi;\">World class professional surgeons and doctors (medical experts)</span></span></li>\n</ol>\n<p><span style=\"mso-ascii-font-family: \'Times New Roman\'; mso-ascii-theme-font: major-bidi; mso-hansi-font-family: \'Times New Roman\'; mso-hansi-theme-font: major-bidi; mso-bidi-font-family: \'Times New Roman\'; mso-bidi-theme-font: major-bidi;\">Despite being in a &ldquo;developing&rdquo; country, there are numerous doctors, surgeons, and specialists who are highly qualified and experienced in their fields<span style=\"font-size: 12.0pt; font-family: \'Times New Roman\',serif; mso-ascii-theme-font: major-bidi; mso-fareast-font-family: \'Times New Roman\'; mso-hansi-theme-font: major-bidi; mso-bidi-theme-font: major-bidi;\">, i</span><span style=\"font-family: \'Times New Roman\',serif; mso-ascii-theme-font: major-bidi; mso-hansi-theme-font: major-bidi; mso-bidi-theme-font: major-bidi;\">n Iran hospitals and healthcare centers, provide premium, Western-standardized care to their patients</span></span></p>\n<ol>\n<li><span style=\"font-size: 14pt;\"><span style=\"font-family: \'Times New Roman\', serif;\">Lower cast treatment (affordability</span><strong><span style=\"font-family: \'Times New Roman\', serif;\">)</span></strong></span></li>\n</ol>\n<p>&nbsp;</p>\n<ol>\n<li><span style=\"font-size: 14pt;\"><span style=\"font-family: \'Times New Roman\', serif;\">Lower cast treatment (affordability</span><strong><span style=\"font-family: \'Times New Roman\',serif; mso-ascii-theme-font: major-bidi; mso-hansi-theme-font: major-bidi; mso-bidi-theme-font: major-bidi;\">)</span></strong></span></li>\n</ol>\n<p class=\"MsoNormal\" style=\"text-align: justify; text-justify: kashida; text-kashida: 0%; line-height: 18.0pt; tab-stops: 45.8pt 91.6pt 137.4pt 183.2pt 229.0pt 274.8pt 320.6pt 366.4pt 412.2pt 458.0pt 503.8pt 549.6pt 595.4pt 641.2pt 687.0pt 732.8pt; margin: 6.0pt 6.0pt 6.0pt .25in;\"><span style=\"font-family: \'Times New Roman\',serif; mso-ascii-theme-font: major-bidi; mso-hansi-theme-font: major-bidi; mso-bidi-theme-font: major-bidi; background: white;\">Medical treatment in Iran offer competitive costs and help save up to 50% of expenses for medical tourists from the Arab states of the Persian Gulf, United States, Britain and other European countries</span></p>\n<p class=\"MsoListParagraph\" style=\"mso-add-space: auto; text-align: justify; text-justify: kashida; text-kashida: 0%; text-indent: -.25in; line-height: 18.0pt; mso-list: l0 level1 lfo1; tab-stops: 45.8pt 91.6pt 137.4pt 183.2pt 229.0pt 274.8pt 320.6pt 366.4pt 412.2pt 458.0pt 503.8pt 549.6pt 595.4pt 641.2pt 687.0pt 732.8pt; margin: 6.0pt 6.0pt 6.0pt .5in;\"><!-- [if !supportLists]--><span style=\"font-size: 12.0pt; font-family: \'Times New Roman\',serif; mso-ascii-theme-font: major-bidi; mso-fareast-font-family: \'Times New Roman\'; mso-fareast-theme-font: major-bidi; mso-hansi-theme-font: major-bidi; mso-bidi-theme-font: major-bidi; color: black;\"><span style=\"mso-list: Ignore;\">3-<span style=\"font: 7.0pt \'Times New Roman\';\">&nbsp;&nbsp;&nbsp;&nbsp;&nbsp; </span></span></span><!--[endif]--><span style=\"font-size: 12.0pt; font-family: \'Times New Roman\',serif; mso-ascii-theme-font: major-bidi; mso-fareast-font-family: \'Times New Roman\'; mso-hansi-theme-font: major-bidi; mso-bidi-theme-font: major-bidi;\">Low waiting period</span></p>\n<p class=\"MsoNormal\" style=\"text-align: justify; text-justify: kashida; text-kashida: 0%; line-height: 18.0pt; tab-stops: 45.8pt 91.6pt 137.4pt 183.2pt 229.0pt 274.8pt 320.6pt 366.4pt 412.2pt 458.0pt 503.8pt 549.6pt 595.4pt 641.2pt 687.0pt 732.8pt; margin: 6.0pt 6.0pt 6.0pt 21.3pt;\"><span style=\"font-family: \'Times New Roman\',serif; mso-ascii-theme-font: major-bidi; mso-hansi-theme-font: major-bidi; mso-bidi-theme-font: major-bidi;\">The wait times for procedures in Iran are usually non-existent. Compare this to the Western nations for instance, in Canada, it takes a patient about 4 weeks to consult a specialist, whereas, in Iran, the patients have immediate access to consult a specialist and get their treatment done, many people use medical tourism in Iran as an option to get procedures done faster when they are fed up with the wait times in their native countries</span></p>\n<pre style=\"text-align: justify; text-justify: kashida; text-kashida: 0%; background: white;\"><span dir=\"RTL\" lang=\"FA\" style=\"font-size: 11.0pt; font-family: \'Times New Roman\',serif; mso-ascii-theme-font: major-bidi; mso-fareast-font-family: Calibri; mso-fareast-theme-font: minor-latin; mso-hansi-theme-font: major-bidi; mso-bidi-theme-font: major-bidi; mso-bidi-language: FA;\">&nbsp;</span></pre>\n<p class=\"MsoNormal\" dir=\"RTL\" style=\"text-align: justify; text-justify: kashida; text-kashida: 0%; direction: rtl; unicode-bidi: embed;\"><span lang=\"FA\" style=\"font-family: \'Times New Roman\',serif; mso-ascii-theme-font: major-bidi; mso-hansi-theme-font: major-bidi; mso-bidi-theme-font: major-bidi; mso-bidi-language: FA;\">&nbsp;</span></p>','pages/January2019/W0vTURe5tYsvcVgcC8eP.jpg','visa-to-iran','Visa','medical tour, Iran, Visa','ACTIVE','2019-01-25 02:56:43','2019-04-06 10:22:55',NULL),(6,2,'Our medical centers','our medical centers','<div class=\"my-tabs\">\n<div id=\"nav-tabContent\" class=\"tab-content\">\n<div id=\"nav-home\" class=\"tab-pane fade show active\" role=\"tabpanel\" aria-labelledby=\"nav-home-tab\">&nbsp;</div>\n</div>\n</div>\n<section class=\"c67263\">\n<div class=\"col-xl-6 col-lg-6 col-md-6 col-sm-6 c35426\">\n<div class=\"col-md-12\">\n<div class=\"container\">\n<h4 id=\"i04tfp2\" data-type=\"header\">Modify your search</h4>\n<div class=\"row\">\n<div class=\"col-4\">\n<h4 id=\"iw4mbaw\" data-type=\"header\">Treatment</h4>\n<select id=\"single_select\" class=\"custom-select\">\n<option value=\"1\">Rhinoplasty</option>\n<option value=\"2\">Dental health</option>\n<option value=\"3\">Hair transplant</option>\n</select></div>\n<div class=\"col-4\">\n<h4 id=\"i8qtgdd\" data-type=\"header\">Location</h4>\n<select class=\"custom-select\">\n<option value=\"1\">Tehran</option>\n<option value=\"2\">Shiraz</option>\n<option value=\"3\">Mashhad</option>\n</select></div>\n</div>\n</div>\n</div>\n</div>\n</section>\n<section class=\"c68264\">\n<div class=\"card-group\">&nbsp;</div>\n</section>\n<div class=\"row c74646\">&nbsp;</div>\n<section class=\"c108987\">\n<div class=\"card-group\">\n<div class=\"card\"><img class=\"card-img-top\" src=\"/storage/pages/March2019/Gandhi.jpg\" alt=\"Card image cap\" width=\"400\" height=\"300\" data-type=\"image\" />\n<div class=\"card-body\">\n<h5 class=\"card-title\" data-type=\"header\">Gandi Hotel Hospital (Tehran)</h5>\n<p class=\"card-text\" data-type=\"paragraph\">This is a wider card with supporting text below as a natural lead-in to additional content. This content is a little bit longer.</p>\n<button class=\"btn btn-primary\" type=\"button\">More</button></div>\n</div>\n<div class=\"card\"><img class=\"card-img-top\" src=\"/storage/pages/March2019/atieh.jpeg\" alt=\"Card image cap\" width=\"400\" height=\"300\" data-type=\"image\" />\n<div class=\"card-body\">\n<h5 class=\"card-title\" data-type=\"header\">Atieh hospital (Tehran)</h5>\n<p class=\"card-text\" data-type=\"paragraph\">This card has supporting text below as a natural lead-in to additional content.</p>\n<div>&nbsp;</div>\n<button class=\"btn btn-primary\" type=\"button\">More</button></div>\n</div>\n<div class=\"card\"><img class=\"card-img-top\" src=\"/storage/pages/March2019/erfan.jpg\" alt=\"Card image cap\" width=\"400\" height=\"300\" data-type=\"image\" />\n<div class=\"card-body\">\n<h5 class=\"card-title\" data-type=\"header\">Erfan hospital (Tehran)</h5>\n<p class=\"card-text\" data-type=\"paragraph\">This is a wider card with supporting text below as a natural lead-in to additional content. This card has even longer content than the first to show that equal height&nbsp;</p>\n<button class=\"btn btn-primary\" type=\"button\">More</button></div>\n</div>\n</div>\n<div class=\"card-group\">\n<div class=\"card\"><img class=\"card-img-top\" src=\"/storage/pages/March2019/WhatsApp Image 2019-02-14 at 10.22.104.jpeg\" alt=\"Card image cap\" width=\"400\" height=\"300\" data-type=\"image\" />\n<div class=\"card-body\">\n<h5 class=\"card-title\" data-type=\"header\">Basir eye center (Shiraz)</h5>\n<p class=\"card-text\" data-type=\"paragraph\">This is a wider card with supporting text below as a natural lead-in to additional content. This content is a little bit longer.</p>\n<button class=\"btn btn-primary\" type=\"button\">More</button></div>\n</div>\n<div class=\"card\"><img class=\"card-img-top\" src=\"/storage/pages/March2019/khodadoost.jpg\" alt=\"Card image cap\" width=\"400\" height=\"300\" data-type=\"image\" />\n<div class=\"card-body\">\n<h5 class=\"card-title\" data-type=\"header\">Khodadoost eye center (Shiraz)</h5>\n<p class=\"card-text\" data-type=\"paragraph\">This card has supporting text below as a natural lead-in to additional content.</p>\n<div>&nbsp;</div>\n<button class=\"btn btn-primary\" type=\"button\">More</button></div>\n</div>\n<div class=\"card\"><img class=\"card-img-top\" src=\"/storage/pages/March2019/central.jpg\" alt=\"Card image cap\" width=\"400\" height=\"300\" data-type=\"image\" />\n<div class=\"card-body\">\n<h5 class=\"card-title\" data-type=\"header\">Central hospital (Shiraz)</h5>\n<p class=\"card-text\" data-type=\"paragraph\">This is a wider card with supporting text below as a natural lead-in to additional content. This card has even longer content than the first to show that equal height&nbsp;</p>\n<button class=\"btn btn-primary\" type=\"button\">More</button></div>\n</div>\n</div>\n</section>\n<div class=\"row c115482\">&nbsp;</div>','pages/February2019/8XVlUmRmz8kHaf7U0gjx.png','our-medical-centers','our medical centers','our medical centers','ACTIVE','2019-02-04 04:52:46','2019-04-01 11:11:19','<style>\r\n#i04tfp2{\r\n  font-size:21px;\r\n  font-family:\"Comic Sans MS\", cursive, sans-serif;\r\n  letter-spacing:0px;\r\n  font-weight:500;\r\n  line-height:34px;\r\n  text-align:left;\r\n  text-shadow:rgb(36, 116, 211) 0px 0px 5px;\r\n}\r\n#iw4mbaw{\r\n  font-size:20px;\r\n  color:rgb(0, 3, 6);\r\n}\r\n#i8qtgdd{\r\n  font-size:20px;\r\n  color:rgb(0, 3, 6);\r\n}\r\n.img-gradient{\r\n  position:relative;\r\n  display:inline-block;\r\n}\r\n.img-gradient::after{\r\n  content:\"\";\r\n  position:absolute;\r\n  left:0px;\r\n  top:0px;\r\n  width:100%;\r\n  height:100%;\r\n  display:inline-block;\r\n  background-image:linear-gradient(rgba(0, 47, 75, 0.5) 0%, rgba(220, 66, 37, 0.5) 100%);\r\n  background-position-x:initial;\r\n  background-position-y:initial;\r\n  background-size:initial;\r\n  background-repeat-x:initial;\r\n  background-repeat-y:initial;\r\n  background-attachment:initial;\r\n  background-origin:initial;\r\n  background-clip:initial;\r\n  background-color:initial;\r\n}\r\n.img-gradient img{\r\n  display:block;\r\n}\r\n.img-gradient-overlay{\r\n  background-image:linear-gradient(rgba(0, 47, 75, 0.5) 0%, rgba(220, 66, 37, 0.5) 100%);\r\n  background-position-x:initial;\r\n  background-position-y:initial;\r\n  background-size:initial;\r\n  background-repeat-x:initial;\r\n  background-repeat-y:initial;\r\n  background-attachment:initial;\r\n  background-origin:initial;\r\n  background-clip:initial;\r\n  background-color:initial;\r\n  border-top-left-radius:0.3rem;\r\n  border-top-right-radius:0.3rem;\r\n  border-bottom-right-radius:0.3rem;\r\n  border-bottom-left-radius:0.3rem;\r\n}\r\n.c105280{\r\n  background-image:url(\"https://mdbootstrap.com/img/Photos/Horizontal/City/6-col/img%20(47).jpg\");\r\n}\r\n.c107632{\r\n  width:18rem;\r\n}\r\n.card-img-top{\r\n  height:209px;\r\n  margin-top:0px;\r\n  margin-right:-6px;\r\n  margin-bottom:0px;\r\n  margin-left:0px;\r\n  width:279px;\r\n  border-radius:4px;\r\n  border:0 none rgb(33, 37, 41);\r\n  left:60px;\r\n  float:none;\r\n  margin:0 -25px 0 0;\r\n  text-align:center;\r\n}\r\n.card{\r\n  margin-top:0px;\r\n  margin-right:14px;\r\n  margin-bottom:0px;\r\n  margin-left:0px;\r\n  background-color:rgb(255, 255, 255);\r\n  border-top-width:1px;\r\n  border-right-width:1px;\r\n  border-bottom-width:1px;\r\n  border-left-width:1px;\r\n  border-top-style:solid;\r\n  border-right-style:solid;\r\n  border-bottom-style:solid;\r\n  border-left-style:solid;\r\n  border-top-color:rgb(26, 171, 221);\r\n  border-right-color:rgb(26, 171, 221);\r\n  border-bottom-color:rgb(26, 171, 221);\r\n  border-left-color:rgb(26, 171, 221);\r\n  border-image-source:initial;\r\n  border-image-slice:initial;\r\n  border-image-width:initial;\r\n  border-image-outset:initial;\r\n  border-image-repeat:initial;\r\n}\r\n.card-body{\r\n  margin-top:0px;\r\n  margin-right:10px;\r\n  margin-bottom:0px;\r\n  margin-left:0px;\r\n}\r\n.c108987{\r\n  min-height:75px;\r\n}\r\n.card-text{\r\n  min-height:12px;\r\n  margin-top:0px;\r\n  margin-right:0px;\r\n  margin-bottom:19px;\r\n  margin-left:0px;\r\n}\r\n.col-xl-6.col-lg-6.col-md-6.col-sm-6.c35426{\r\n  margin-top:0px;\r\n  margin-right:0px;\r\n  margin-bottom:14px;\r\n  margin-left:0px;\r\n}\r\n.c115490{\r\n  min-height:75px;\r\n}\r\n.c115499{\r\n  min-height:75px;\r\n}\r\n.c115508{\r\n  min-height:75px;\r\n}\r\n.c115482{\r\n  min-height:75px;\r\n}\r\n.col-xl-4.col-lg-4.col-md-4.col-sm-4.col-12.c115490{\r\n  margin-top:15px;\r\n  margin-right:14px;\r\n  margin-bottom:0px;\r\n  margin-left:14px;\r\n  padding-top:20px;\r\n  padding-right:1px;\r\n  padding-bottom:20px;\r\n  padding-left:15px;\r\n}\r\n.col-xl-4.col-lg-4.col-md-4.col-sm-4.col-12.c115499{\r\n  margin-top:15px;\r\n  margin-right:14px;\r\n  margin-bottom:0px;\r\n  margin-left:0px;\r\n}\r\n.col-xl-4.col-lg-4.col-md-4.col-sm-4.col-12.c115508{\r\n  margin-top:15px;\r\n  margin-right:14px;\r\n  margin-bottom:0px;\r\n  margin-left:0px;\r\n  border-top-width:initial;\r\n  border-right-width:initial;\r\n  border-bottom-width:initial;\r\n  border-left-width:initial;\r\n  border-top-style:solid;\r\n  border-right-style:solid;\r\n  border-bottom-style:solid;\r\n  border-left-style:solid;\r\n  border-top-color:rgb(26, 171, 221);\r\n  border-right-color:rgb(26, 171, 221);\r\n  border-bottom-color:rgb(26, 171, 221);\r\n  border-left-color:rgb(26, 171, 221);\r\n  border-image-source:initial;\r\n  border-image-slice:initial;\r\n  border-image-width:initial;\r\n  border-image-outset:initial;\r\n  border-image-repeat:initial;\r\n}\r\n\r\n</style>'),(7,2,'our doctors','our doctors','',NULL,'our-doctors','our doctors','our doctors','ACTIVE','2019-02-04 04:53:48','2019-02-04 05:05:45',NULL),(8,2,'our hotels',NULL,'<div class=\"movie-card\">\n<div class=\"container\">\n<div class=\"my-tabs\">&nbsp;&nbsp;</div>\n<section class=\"c67263\">\n<div class=\"col-xl-6 col-lg-6 col-md-6 col-sm-6 c35426\">\n<div class=\"col-md-12\">\n<div class=\"container\">\n<div class=\"row\">\n<div class=\"col-4\">\n<h4 id=\"iw4mbaw\" data-type=\"header\">Type</h4>\n<select id=\"single_select\" class=\"custom-select\">\n<option value=\"1\">Hotel</option>\n<option value=\"2\">Hostel</option>\n</select></div>\n<div class=\"col-4\">\n<h4 id=\"i8qtgdd\" data-type=\"header\">Location</h4>\n<select class=\"custom-select\">\n<option value=\"1\">Tehran</option>\n<option value=\"2\">Shiraz</option>\n<option value=\"3\">Mashhad</option>\n</select></div>\n</div>\n</div>\n</div>\n</div>\n</section>\n<div class=\"row\">&nbsp;</div>\n</div>\n</div>\n<section class=\"c68264\">\n<div class=\"card-group\">&nbsp;</div>\n</section>\n<div class=\"row c74646\">&nbsp;</div>\n<section class=\"c108987\">\n<div class=\"card-group\">\n<div class=\"card\"><img class=\"card-img-top\" title=\"Aramis Hotel (Tehran)\" src=\"/storage/pages/April2019/aramis.jpg\" alt=\"Card image cap\" width=\"400\" height=\"300\" data-type=\"image\" />\n<div class=\"card-body\">\n<h5 class=\"card-title\" data-type=\"header\">Aramis Hotel (Tehran)</h5>\n<p class=\"card-text\" data-type=\"paragraph\"><strong>Hotel facilities</strong>: Elevator, conference room, meeting room, fire alarm, gym, laundry, prayer room, hairdresser, ATM, coffee shop, parking.</p>\n<button class=\"btn btn-primary\" type=\"button\">More</button></div>\n</div>\n<div class=\"card\"><img class=\"card-img-top\" title=\"Parsian Evin Hotel\" src=\"/storage/pages/April2019/Parsian evin2.jpg\" alt=\"Card image cap\" width=\"400\" height=\"300\" data-type=\"image\" />\n<div class=\"card-body\">\n<h5 class=\"card-title\" data-type=\"header\"><span style=\"vertical-align: inherit;\"><span style=\"vertical-align: inherit;\">Parsian Evin Hotel (Tehran)</span></span></h5>\n<p class=\"card-text\" data-type=\"paragraph\"><strong>Hotel facilities</strong>: Elevator, conference room, meeting room, fire alarm, gym, laundry, prayer room, hairdresser, ATM, coffee shop, parking.</p>\n<div>&nbsp;</div>\n<button class=\"btn btn-primary\" type=\"button\"><span style=\"vertical-align: inherit;\"><span style=\"vertical-align: inherit;\">More</span></span></button></div>\n</div>\n<div class=\"card\"><img class=\"card-img-top\" title=\"Zandieh Hotel (Shiraz)\" src=\"/storage/pages/April2019/esteghlal.jpg\" alt=\"Card image cap\" width=\"400\" height=\"300\" data-type=\"image\" /><br />\n<div class=\"card-body\">\n<h5 class=\"card-title\" data-type=\"header\">Esteghlal Hotel (Tehran)</h5>\n<p class=\"card-text\" data-type=\"paragraph\"><strong>Hotel facilities</strong>:Elevator, conference room, meeting room, fire alarm, gym, laundry, prayer room, hairdresser, ATM, coffee shop, parking.&nbsp;</p>\n<button class=\"btn btn-primary\" type=\"button\"><span style=\"vertical-align: inherit;\"><span style=\"vertical-align: inherit;\">More</span></span></button></div>\n</div>\n</div>\n<div class=\"card-group\">\n<div class=\"card\"><img class=\"card-img-top\" title=\"Zandieh Hotel (Shiraz)\" src=\"/storage/pages/March2019/11.jpeg\" alt=\"Card image cap\" width=\"400\" height=\"300\" data-type=\"image\" />\n<div class=\"card-body\">\n<h5 class=\"card-title\" data-type=\"header\">Zandieh Hotel (Shiraz)</h5>\n<p class=\"card-text\" data-type=\"paragraph\"><span style=\"vertical-align: inherit;\"><span style=\"vertical-align: inherit;\"><strong>Hotel facilities</strong>:Elevator, conference room, meeting room, fire alarm, gym, laundry, prayer room, hairdresser, ATM, coffee shop, parking.</span></span></p>\n<button class=\"btn btn-primary\" type=\"button\"><span style=\"vertical-align: inherit;\"><span style=\"vertical-align: inherit;\">More</span></span></button></div>\n</div>\n<div class=\"card\"><img class=\"card-img-top\" title=\"Homa Hotel (Shiraz)\" src=\"/storage/pages/March2019/Homa (shiraz).jpg\" alt=\"Card image cap\" width=\"400\" height=\"300\" data-type=\"image\" />\n<div class=\"card-body\">\n<h5 class=\"card-title\" data-type=\"header\"><span style=\"vertical-align: inherit;\"><span style=\"vertical-align: inherit;\">Homa Hotel (Shiraz)</span></span></h5>\n<p class=\"card-text\" data-type=\"paragraph\"><span style=\"vertical-align: inherit;\"><span style=\"vertical-align: inherit;\"><strong>Hotel facilities</strong>:Elevator, conference room, meeting room, fire alarm, gym, laundry, prayer room, hairdresser, ATM, coffee shop, parking.</span></span></p>\n<div>&nbsp;</div>\n<button class=\"btn btn-primary\" type=\"button\"><span style=\"vertical-align: inherit;\"><span style=\"vertical-align: inherit;\">More</span></span></button></div>\n</div>\n<div class=\"card\"><img class=\"card-img-top\" title=\"Arg Hotel (Shiraz)\" src=\"/storage/pages/March2019/arg hotel (shiraz).jpg\" alt=\"Card image cap\" width=\"400\" height=\"300\" data-type=\"image\" />\n<div class=\"card-body\">\n<h5 class=\"card-title\" data-type=\"header\">Arg Hotel (Shiraz)</h5>\n<p class=\"card-text\" data-type=\"paragraph\"><span style=\"vertical-align: inherit;\"><span style=\"vertical-align: inherit;\"><strong>Hotel facilities</strong>:Elevator, conference room, meeting room, fire alarm, gym, laundry, prayer room, hairdresser, ATM, coffee shop, parking&nbsp;</span></span></p>\n<button class=\"btn btn-primary\" type=\"button\"><span style=\"vertical-align: inherit;\"><span style=\"vertical-align: inherit;\">More</span></span></button></div>\n</div>\n</div>\n</section>\n<div class=\"row c115482\">&nbsp;</div>\n<div class=\"description\">\n<div class=\"column2\"><!-- end avatars --></div>\n<!-- end column2 --></div>\n<!-- end description -->\n<p>&nbsp;</p>\n<!-- end container -->\n<p>&nbsp;</p>\n<!-- end movie-card -->\n<p>&nbsp;</p>','pages/August2019/zG6UhNnPsYYyIxIhFVgK.jpg','our-hotels','our hotels','our hotels','ACTIVE','2019-02-04 04:54:30','2019-08-28 17:07:16','<style>\r\n#i04tfp2{\r\n  font-size:21px;\r\n  font-family:\"Comic Sans MS\", cursive, sans-serif;\r\n  letter-spacing:0px;\r\n  font-weight:500;\r\n  line-height:34px;\r\n  text-align:left;\r\n  text-shadow:rgb(36, 116, 211) 0px 0px 5px;\r\n}\r\n#iw4mbaw{\r\n  font-size:20px;\r\n  color:rgb(0, 3, 6);\r\n}\r\n#i8qtgdd{\r\n  font-size:20px;\r\n  color:rgb(0, 3, 6);\r\n}\r\n.img-gradient{\r\n  position:relative;\r\n  display:inline-block;\r\n}\r\n.img-gradient::after{\r\n  content:\"\";\r\n  position:absolute;\r\n  left:0px;\r\n  top:0px;\r\n  width:100%;\r\n  height:100%;\r\n  display:inline-block;\r\n  background-image:linear-gradient(rgba(0, 47, 75, 0.5) 0%, rgba(220, 66, 37, 0.5) 100%);\r\n  background-position-x:initial;\r\n  background-position-y:initial;\r\n  background-size:initial;\r\n  background-repeat-x:initial;\r\n  background-repeat-y:initial;\r\n  background-attachment:initial;\r\n  background-origin:initial;\r\n  background-clip:initial;\r\n  background-color:initial;\r\n}\r\n.img-gradient img{\r\n  display:block;\r\n}\r\n.img-gradient-overlay{\r\n  background-image:linear-gradient(rgba(0, 47, 75, 0.5) 0%, rgba(220, 66, 37, 0.5) 100%);\r\n  background-position-x:initial;\r\n  background-position-y:initial;\r\n  background-size:initial;\r\n  background-repeat-x:initial;\r\n  background-repeat-y:initial;\r\n  background-attachment:initial;\r\n  background-origin:initial;\r\n  background-clip:initial;\r\n  background-color:initial;\r\n  border-top-left-radius:0.3rem;\r\n  border-top-right-radius:0.3rem;\r\n  border-bottom-right-radius:0.3rem;\r\n  border-bottom-left-radius:0.3rem;\r\n}\r\n.c105280{\r\n  background-image:url(\"https://mdbootstrap.com/img/Photos/Horizontal/City/6-col/img%20(47).jpg\");\r\n}\r\n.c107632{\r\n  width:18rem;\r\n}\r\n.card-img-top{\r\n  height:234px;\r\n  margin-top:0px;\r\n  margin-right:-6px;\r\n  margin-bottom:0px;\r\n  margin-left:0px;\r\n  width:312px;\r\n  border-radius:4px;\r\n  border:0 none rgb(33, 37, 41);\r\n  left:60px;\r\n  float:none;\r\n  margin:0 -25px 0 0;\r\n  text-align:center;\r\n}\r\n.card{\r\n  margin-top:0px;\r\n  margin-right:14px;\r\n  margin-bottom:0px;\r\n  margin-left:0px;\r\n  background-color:rgb(255, 255, 255);\r\n  border-top-width:1px;\r\n  border-right-width:1px;\r\n  border-bottom-width:1px;\r\n  border-left-width:1px;\r\n  border-top-style:solid;\r\n  border-right-style:solid;\r\n  border-bottom-style:solid;\r\n  border-left-style:solid;\r\n  border-top-color:rgb(26, 171, 221);\r\n  border-right-color:rgb(26, 171, 221);\r\n  border-bottom-color:rgb(26, 171, 221);\r\n  border-left-color:rgb(26, 171, 221);\r\n  border-image-source:initial;\r\n  border-image-slice:initial;\r\n  border-image-width:initial;\r\n  border-image-outset:initial;\r\n  border-image-repeat:initial;\r\n}\r\n.card-body{\r\n  margin-top:0px;\r\n  margin-right:10px;\r\n  margin-bottom:0px;\r\n  margin-left:0px;\r\n}\r\n.c108987{\r\n  min-height:75px;\r\n}\r\n.card-text{\r\n  min-height:12px;\r\n  margin-top:0px;\r\n  margin-right:0px;\r\n  margin-bottom:19px;\r\n  margin-left:0px;\r\n}\r\n.col-xl-6.col-lg-6.col-md-6.col-sm-6.c35426{\r\n  margin-top:0px;\r\n  margin-right:0px;\r\n  margin-bottom:14px;\r\n  margin-left:0px;\r\n}\r\n.c115490{\r\n  min-height:75px;\r\n}\r\n.c115499{\r\n  min-height:75px;\r\n}\r\n.c115508{\r\n  min-height:75px;\r\n}\r\n.c115482{\r\n  min-height:75px;\r\n}\r\n.col-xl-4.col-lg-4.col-md-4.col-sm-4.col-12.c115490{\r\n  margin-top:15px;\r\n  margin-right:14px;\r\n  margin-bottom:0px;\r\n  margin-left:14px;\r\n  padding-top:20px;\r\n  padding-right:1px;\r\n  padding-bottom:20px;\r\n  padding-left:15px;\r\n}\r\n.col-xl-4.col-lg-4.col-md-4.col-sm-4.col-12.c115499{\r\n  margin-top:15px;\r\n  margin-right:14px;\r\n  margin-bottom:0px;\r\n  margin-left:0px;\r\n}\r\n.col-xl-4.col-lg-4.col-md-4.col-sm-4.col-12.c115508{\r\n  margin-top:15px;\r\n  margin-right:14px;\r\n  margin-bottom:0px;\r\n  margin-left:0px;\r\n  border-top-width:initial;\r\n  border-right-width:initial;\r\n  border-bottom-width:initial;\r\n  border-left-width:initial;\r\n  border-top-style:solid;\r\n  border-right-style:solid;\r\n  border-bottom-style:solid;\r\n  border-left-style:solid;\r\n  border-top-color:rgb(26, 171, 221);\r\n  border-right-color:rgb(26, 171, 221);\r\n  border-bottom-color:rgb(26, 171, 221);\r\n  border-left-color:rgb(26, 171, 221);\r\n  border-image-source:initial;\r\n  border-image-slice:initial;\r\n  border-image-width:initial;\r\n  border-image-outset:initial;\r\n  border-image-repeat:initial;\r\n}\r\n\r\n</style>'),(9,2,'Quick Quotes','Med Tour Iran','<div class=\"container\">&nbsp;</div>\n<p>&nbsp;</p>\n<div class=\"card\">\n<div class=\"card-body\"><form action=\"#\">\n<div class=\"form-group\"><label for=\"exampleInputEmail\">First Name:</label> <input type=\"email\" class=\"form-control\" placeholder=\"your@email.com\" /></div>\n<div class=\"form-group\"><label for=\"exampleInputEmail\">Last Name:</label> <input type=\"email\" class=\"form-control\" placeholder=\"your@email.com\" /></div>\n<div class=\"form-group\"><label for=\"exampleInputEmail\">Your country</label> <input type=\"email\" class=\"form-control\" placeholder=\"your@email.com\" /></div>\n<div class=\"form-group\"><label for=\"exampleInputMessage\">Your Message:</label> <textarea class=\"form-control\" name=\"message\" rows=\"5\"></textarea></div>\n<button class=\"btn btn-primary\" type=\"submit\">Submit</button></form></div>\n</div>','pages/March2019/dZVgPSL5ry3qUcLLCjR4.jpg','quick-quotes','quick quotes','quick quotes','ACTIVE','2019-02-04 05:05:35','2019-03-01 19:48:03',NULL),(10,2,'FAQ','FAQ','<section class=\"faq\">\n<div class=\"container\">\n<div class=\"row\">\n<div class=\"col-md-6\">\n<h1><strong style=\"text-indent: -0.25in;\"><span style=\"font-size: 14.0pt; line-height: 107%; mso-bidi-font-family: Calibri; mso-bidi-theme-font: minor-latin; color: #00b0f0;\"><span style=\"font-variant-numeric: normal; font-variant-east-asian: normal; font-weight: normal; font-stretch: normal; font-size: 7pt; line-height: normal;\">&nbsp; </span></span></strong></h1>\n</div>\n</div>\n</div>\n</section>',NULL,'faq','FAQ','FAQ','ACTIVE','2019-02-04 05:06:32','2019-08-31 09:06:36',NULL),(12,2,'contact us','العربیه','<p><span style=\"text-decoration: underline;\"><span style=\"color: #0000ff;\"><a style=\"color: #0000ff; text-decoration: underline;\" href=\"https://medtouriran.com/en\" target=\"_blank\" rel=\"noopener noreferrer\">MedtourIran </a></span></span>is an organization established in Tehran, which provides A to Z services for medical tourists in Iran. The verified medical doctors, high quality accommodation&nbsp;and transfer services are the main values of&nbsp;<a style=\"color: #0000ff; text-decoration: underline;\" href=\"https://medtouriran.com/en\" target=\"_blank\" rel=\"noopener noreferrer\">MedtourIran.</a></p>\n<p><a class=\"btn btn-info\" title=\"Our Team\" href=\"https://medtouriran.com/en/page/Our-team\" target=\"_blank\" rel=\"noopener noreferrer\">Our Team</a></p>\n<p>&nbsp;</p>',NULL,'contact-us','contact us','contact us','INACTIVE','2019-02-04 06:46:17','2019-03-31 09:38:58','<style>\r\n:root{\r\n  --jumbotron-padding-y: 3rem;\r\n}\r\n.jumbotron{\r\n  padding-top:var(--jumbotron-padding-y);\r\n  padding-bottom:var(--jumbotron-padding-y);\r\n  margin-bottom:0px;\r\n  background-color:rgb(255, 255, 255);\r\n}\r\n.jumbotron p:last-child{\r\n  margin-bottom:0px;\r\n}\r\n.jumbotron-heading{\r\n  font-weight:300;\r\n}\r\n.jumbotron .container{\r\n  max-width:40rem;\r\n}\r\nfooter{\r\n  padding-top:3rem;\r\n  padding-bottom:3rem;\r\n}\r\nfooter p{\r\n  margin-bottom:0.25rem;\r\n}\r\n@media (min-width: 768px){\r\n  .jumbotron{\r\n	padding-top:calc(var(--jumbotron-padding-y) * 2);\r\n	padding-bottom:calc(var(--jumbotron-padding-y) * 2);\r\n  }\r\n}\r\n</style>'),(13,2,'Gallery','Gallery','<section class=\"bg-dark\"></section>\n<div class=\"container\">\n<div class=\"row text-center text-lg-left\">\n<div class=\"col-lg-3 col-md-4 col-xs-6\"><a class=\"d-block mb-4\" href=\"#\"><img class=\"img-fluid img-thumbnail\" src=\"https://source.unsplash.com/pWkk7iiCoDM/400x300\" alt=\"\" data-type=\"image\" /></a></div>\n<div class=\"col-lg-3 col-md-4 col-xs-6\"><a class=\"d-block mb-4\" href=\"#\"><img class=\"img-fluid img-thumbnail\" src=\"https://source.unsplash.com/aob0ukAYfuI/400x300\" alt=\"\" data-type=\"image\" /></a></div>\n<div class=\"col-lg-3 col-md-4 col-xs-6\"><a class=\"d-block mb-4\" href=\"#\"><img class=\"img-fluid img-thumbnail\" src=\"https://source.unsplash.com/EUfxH-pze7s/400x300\" alt=\"\" data-type=\"image\" /></a></div>\n<div class=\"col-lg-3 col-md-4 col-xs-6\"><a class=\"d-block mb-4\" href=\"#\"><img class=\"img-fluid img-thumbnail\" src=\"https://source.unsplash.com/M185_qYH8vg/400x300\" alt=\"\" data-type=\"image\" /></a></div>\n<div class=\"col-lg-3 col-md-4 col-xs-6\"><a class=\"d-block mb-4\" href=\"#\"><img class=\"img-fluid img-thumbnail\" src=\"https://source.unsplash.com/sesveuG_rNo/400x300\" alt=\"\" data-type=\"image\" /></a></div>\n<div class=\"col-lg-3 col-md-4 col-xs-6\"><a class=\"d-block mb-4\" href=\"#\"><img class=\"img-fluid img-thumbnail\" src=\"https://source.unsplash.com/AvhMzHwiE_0/400x300\" alt=\"\" data-type=\"image\" /></a></div>\n<div class=\"col-lg-3 col-md-4 col-xs-6\"><a class=\"d-block mb-4\" href=\"#\"><img class=\"img-fluid img-thumbnail\" src=\"https://source.unsplash.com/2gYsZUmockw/400x300\" alt=\"\" data-type=\"image\" /></a></div>\n<div class=\"col-lg-3 col-md-4 col-xs-6\"><a class=\"d-block mb-4\" href=\"#\"><img class=\"img-fluid img-thumbnail\" src=\"https://source.unsplash.com/EMSDtjVHdQ8/400x300\" alt=\"\" data-type=\"image\" /></a></div>\n<div class=\"col-lg-3 col-md-4 col-xs-6\"><a class=\"d-block mb-4\" href=\"#\"><img class=\"img-fluid img-thumbnail\" src=\"https://source.unsplash.com/8mUEy0ABdNE/400x300\" alt=\"\" data-type=\"image\" /></a></div>\n<div class=\"col-lg-3 col-md-4 col-xs-6\"><a class=\"d-block mb-4\" href=\"#\"><img class=\"img-fluid img-thumbnail\" src=\"https://source.unsplash.com/G9Rfc1qccH4/400x300\" alt=\"\" data-type=\"image\" /></a></div>\n<div class=\"col-lg-3 col-md-4 col-xs-6\"><a class=\"d-block mb-4\" href=\"#\"><img class=\"img-fluid img-thumbnail\" src=\"https://source.unsplash.com/aJeH0KcFkuc/400x300\" alt=\"\" data-type=\"image\" /></a></div>\n<div class=\"col-lg-3 col-md-4 col-xs-6\"><a class=\"d-block mb-4\" href=\"#\"><img class=\"img-fluid img-thumbnail\" src=\"https://source.unsplash.com/p2TQ-3Bh3Oo/400x300\" alt=\"\" data-type=\"image\" /></a></div>\n</div>\n</div>',NULL,'gallery','Gallery','Gallery','INACTIVE','2019-02-05 06:06:34','2019-04-15 11:11:14','<style>\r\n\r\n.main-timeline7{overflow:hidden;position:relative}\r\n.main-timeline7 .timeline{width:50%;float:left;z-index:1;position:relative}\r\n.main-timeline7 .timeline:after,.main-timeline7 .timeline:before{content:\"\";display:block;clear:both}\r\n.main-timeline7 .timeline:before{content:\"\";width:40px;height:90%;background:#727cb6;position:absolute;top:10%;right:-20px}\r\n.main-timeline7 .timeline:last-child:before{height:0}\r\n.main-timeline7 .timeline-icon{width:80px;height:80px;border-radius:50%;background:#727cb6;overflow:hidden;text-align:center;position:absolute;top:0;right:-40px;z-index:3}\r\n.main-timeline7 .timeline-icon:before{content:\"\";width:60px;height:60px;border-radius:50%;background:#fff;border:2px solid #727cb6;box-shadow:0 0 0 4px #a5afe4;margin:auto;position:absolute;top:0;left:0;bottom:0;right:0}\r\n.main-timeline7 .timeline-icon i{font-size:35px;color:#303a3b;line-height:80px;z-index:1;position:relative}\r\n.main-timeline7 .year{display:block;padding:0 60px 0 30px;font-size:30px;color:#303a3b;text-align:right;border-bottom:2px solid #303a3b;z-index:2;position:relative}\r\n.main-timeline7 .year:before{content:\"\";display:block;width:30px;height:30px;border-radius:50%;background:#727cb6;border:5px solid #fff;box-shadow:0 0 0 4px #727cb6;margin:auto;position:absolute;bottom:-15px;left:4px}\r\n.main-timeline7 .year:after{content:\"\";border-left:10px solid #303a3b;border-top:10px solid transparent;border-bottom:10px solid transparent;position:absolute;bottom:-11px;left:50px}\r\n.main-timeline7 .timeline-content{padding:18px 60px 18px 40px;text-align:right;position:relative;z-index:1}\r\n.main-timeline7 .timeline-content:after,.main-timeline7 .timeline-content:before{content:\"\";width:80px;height:150px;border-radius:50%;background:#fff;position:absolute;top:-7%;right:15px;z-index:-1}\r\n.main-timeline7 .timeline-content:after{left:auto;right:-95px}\r\n.main-timeline7 .timeline:last-child .timeline-content:after,.main-timeline7 .timeline:last-child .timeline-content:before{width:0;height:0}\r\n.main-timeline7 .title{font-size:22px;font-weight:700;color:#727cb6;margin-top:0}\r\n.main-timeline7 .description{font-size:15px;color:#7f8386;line-height:25px}\r\n.main-timeline7 .timeline:nth-child(2){margin-top:140px}\r\n.main-timeline7 .timeline:nth-child(even){margin-bottom:80px}\r\n.main-timeline7 .timeline:nth-child(odd){margin:-140px 0 0}\r\n.main-timeline7 .timeline:first-child,.main-timeline7 .timeline:last-child:nth-child(even){margin:0!important}\r\n.main-timeline7 .timeline:nth-child(2n) .timeline-icon,.main-timeline7 .timeline:nth-child(2n):before{right:auto;left:-20px;background:#e77e21}\r\n.main-timeline7 .timeline:nth-child(2n) .timeline-icon{left:-40px}\r\n.main-timeline7 .timeline:nth-child(2n) .year{padding:0 30px 0 60px;text-align:left}\r\n.main-timeline7 .timeline:nth-child(2n) .year:before{left:auto;right:3px}\r\n.main-timeline7 .timeline:nth-child(2n) .year:after{border-left:none;border-right:10px solid #303a3b;right:50px}\r\n.main-timeline7 .timeline:nth-child(2n) .timeline-content{padding:18px 40px 18px 60px;text-align:left}\r\n.main-timeline7 .timeline:nth-child(2n) .timeline-content:before{left:-95px}\r\n.main-timeline7 .timeline:nth-child(2n) .timeline-content:after{left:15px}\r\n.main-timeline7 .timeline:nth-child(2n) .timeline-icon:before{border-color:#e77e21;box-shadow:0 0 0 4px #f1a563}\r\n.main-timeline7 .timeline:nth-child(2n) .year:before{background:#e77e21;box-shadow:0 0 0 4px #e77e21}\r\n.main-timeline7 .timeline:nth-child(2n) .title{color:#e77e21}\r\n.main-timeline7 .timeline:nth-child(3n) .timeline-icon,.main-timeline7 .timeline:nth-child(3n):before{background:#008b8b}\r\n.main-timeline7 .timeline:nth-child(3n) .timeline-icon:before{border-color:#008b8b;box-shadow:0 0 0 4px #50b5b4}\r\n.main-timeline7 .timeline:nth-child(3n) .year:before{background:#008b8b;box-shadow:0 0 0 4px #008b8b}\r\n.main-timeline7 .timeline:nth-child(3n) .title{color:#008b8b}\r\n.main-timeline7 .timeline:nth-child(4n) .timeline-icon,.main-timeline7 .timeline:nth-child(4n):before{background:#ed687c}\r\n.main-timeline7 .timeline:nth-child(4n) .timeline-icon:before{border-color:#ed687c;box-\r\nshadow:0 0 0 4px #f798a8}\r\n.main-timeline7 .timeline:nth-child(4n) .year:before{background:#ed687c;box-shadow:0 0 0 4px #ed687c}\r\n.main-timeline7 .timeline:nth-child(4n) .title{color:#ed687c}\r\n@media only screen and (max-width:990px){.main-timeline7 .timeline{width:100%}\r\n.main-timeline7 .timeline:nth-child(even),.main-timeline7 .timeline:nth-child(odd){margin:0}\r\n.main-timeline7 .timeline:before,.main-timeline7 .timeline:nth-child(2n):before{width:30px;height:100%;left:25px}\r\n.main-timeline7 .timeline-icon,.main-timeline7 .timeline:nth-child(2n) .timeline-icon{left:0}\r\n.main-timeline7 .timeline:nth-child(2n) .year,.main-timeline7 .year{text-align:left;padding:0 30px 0 100px}\r\n.main-timeline7 .timeline:nth-child(2n) .year:before,.main-timeline7 .year:before{left:auto;right:4px}\r\n.main-timeline7 .year:after{left:auto;right:50px;border-right:10px solid #303a3b;border-left:none}\r\n.main-timeline7 .timeline-content .description{color:#666}\r\n.main-timeline7 .timeline-content,.main-timeline7 .timeline:nth-child(2n) .timeline-content{text-align:left;padding:18px 40px 18px 100px}\r\n.main-timeline7 .timeline-content:after,.main-timeline7 .timeline-content:before{width:0;height:0}\r\n}\r\n\r\n</style>'),(15,2,'Our Team','','<p style=\"text-align: left;\">&nbsp;</p>\n<!------ Include the above in your HEAD tag ---------->\n<p style=\"text-align: left;\">&nbsp;</p>\n<div class=\"container\" style=\"text-align: left;\">\n<div class=\"row\">\n<div class=\"col-md-10 col-md-offset-1\">\n<div class=\"col-lg-12\">\n<h6 class=\"description\" style=\"text-align: left;\">&nbsp;</h6>\n<div class=\"row pt-md\">\n<div class=\"col-lg-3 col-md-3 col-sm-4 col-xs-12 profile\" style=\"text-align: left;\">\n<div class=\"img-box\"><img class=\"img-responsive\" src=\"/storage/pages/March2019/mohammad taghi9.jpg\" width=\"600\" height=\"700\" /></div>\n<h1 style=\"text-align: center;\"><span style=\"font-size: 12pt; color: #000000;\">Mohammad Zarrinkolah</span></h1>\n<h2 style=\"text-align: center;\"><span style=\"font-size: 18pt;\"><span style=\"font-size: 14pt; color: #3366ff;\"><strong><em>Founder</em></strong></span></span></h2>\n<p>&nbsp;</p>\n</div>\n<div class=\"col-lg-3 col-md-3 col-sm-4 col-xs-12 profile\" style=\"text-align: left;\">\n<div class=\"img-box\"><img class=\"img-responsive\" src=\"/storage/pages/March2019/mohammad5.jpg\" width=\"600\" height=\"700\" /></div>\n<h1 style=\"text-align: center;\"><span style=\"font-size: 12pt; color: #000000;\">Mohammad Nikouei</span></h1>\n<h2 style=\"text-align: center;\"><span style=\"color: #3366ff;\"><strong><span style=\"font-size: 14pt;\">Co-founder</span></strong></span></h2>\n<p>&nbsp;</p>\n</div>\n<div class=\"col-lg-3 col-md-3 col-sm-4 col-xs-12 profile\" style=\"text-align: left;\">\n<div class=\"img-box\"><img class=\"img-responsive\" src=\"/storage/pages/March2019/alireza5.jpg\" width=\"600\" height=\"700\" /></div>\n<h1 style=\"text-align: center;\"><span style=\"font-size: 12pt; color: #000000;\">Alireza Taghdisi</span></h1>\n<h2 style=\"text-align: center;\"><strong><span style=\"font-size: 14pt; color: #3366ff;\">Conent marketing Manager</span></strong></h2>\n<p>&nbsp;</p>\n</div>\n</div>\n</div>\n</div>\n</div>\n</div>','pages/March2019/huRks3lg316TdrUxzd5v.jpg','our-team','medical tourism','medtouriran','ACTIVE','2019-03-17 17:31:17','2019-04-25 19:09:32','<style>\r\n@import url(https://fonts.googleapis.com/css?family=Quicksand:400,300);\r\nbody{\r\n    font-family: \'Quicksand\', sans-serif;\r\n}\r\n.team{\r\n    padding:75px 0;\r\n}\r\nh6.description{\r\n	font-weight: bold;\r\n	letter-spacing: 2px;\r\n	color: #999;\r\n	border-bottom: 1px solid rgba(0, 0, 0,0.1);\r\n	padding-bottom: 5px;\r\n}\r\n.profile{\r\n	margin-top: 25px;\r\n}\r\n.profile h1{\r\n	font-weight: normal;\r\n	font-size: 20px;\r\n	margin:10px 0 0 0;\r\n}\r\n.profile h2{\r\n	font-size: 14px;\r\n	font-weight: lighter;\r\n	margin-top: 5px;\r\n}\r\n.profile .img-box{\r\n	opacity: 1;\r\n	display: block;\r\n	position: relative;\r\n}\r\n.profile .img-box:after{\r\n	content:\"\";\r\n	opacity: 0;\r\n	background-color: rgba(0, 0, 0, 0.75);\r\n	position: absolute;\r\n	right: 0;\r\n	left: 0;\r\n	top: 0;\r\n	bottom: 0;\r\n}\r\n.img-box ul{\r\n	position: absolute;\r\n	z-index: 2;\r\n	bottom: 50px;\r\n	text-align: center;\r\n	width: 100%;\r\n	padding-left: 0px;\r\n	height: 0px;\r\n	margin:0px;\r\n	opacity: 0;\r\n}\r\n.profile .img-box:after, .img-box ul, .img-box ul li{\r\n	-webkit-transition: all 0.5s ease-in-out 0s;\r\n    -moz-transition: all 0.5s ease-in-out 0s;\r\n    transition: all 0.5s ease-in-out 0s;\r\n}\r\n.img-box ul i{\r\n	font-size: 20px;\r\n	letter-spacing: 10px;\r\n}\r\n.img-box ul li{\r\n	width: 30px;\r\n    height: 30px;\r\n    text-align: center;\r\n    border: 1px solid #88C425;\r\n    margin: 2px;\r\n    padding: 5px;\r\n	display: inline-block;\r\n}\r\n.img-box a{\r\n	color:#fff;\r\n}\r\n.img-box:hover:after{\r\n	opacity: 1;\r\n}\r\n.img-box:hover ul{\r\n	opacity: 1;\r\n}\r\n.img-box ul a{\r\n	-webkit-transition: all 0.3s ease-in-out 0s;\r\n	-moz-transition: all 0.3s ease-in-out 0s;\r\n	transition: all 0.3s ease-in-out 0s;\r\n}\r\n.img-box a:hover li{\r\n	border-color: #fff;\r\n	color: #88C425;\r\n}\r\na{\r\n    color:#88C425;\r\n}\r\na:hover{\r\n    text-decoration:none;\r\n    color:#519548;\r\n}\r\ni.red{\r\n    color:#BC0213;\r\n}\r\n\r\n</style>');
/*!40000 ALTER TABLE `pages` ENABLE KEYS */;
UNLOCK TABLES;

--
-- Table structure for table `partners`
--

DROP TABLE IF EXISTS `partners`;
/*!40101 SET @saved_cs_client     = @@character_set_client */;
/*!40101 SET character_set_client = utf8 */;
CREATE TABLE `partners` (
  `id` int(10) unsigned NOT NULL AUTO_INCREMENT,
  `title` varchar(191) COLLATE utf8mb4_unicode_ci DEFAULT NULL,
  `image` varchar(191) COLLATE utf8mb4_unicode_ci NOT NULL,
  `link` varchar(191) COLLATE utf8mb4_unicode_ci DEFAULT NULL,
  `created_at` timestamp NULL DEFAULT NULL,
  `updated_at` timestamp NULL DEFAULT NULL,
  PRIMARY KEY (`id`)
) ENGINE=InnoDB AUTO_INCREMENT=6 DEFAULT CHARSET=utf8mb4 COLLATE=utf8mb4_unicode_ci;
/*!40101 SET character_set_client = @saved_cs_client */;

--
-- Dumping data for table `partners`
--

LOCK TABLES `partners` WRITE;
/*!40000 ALTER TABLE `partners` DISABLE KEYS */;
INSERT INTO `partners` VALUES (1,'Sharif University of Technology-Sharif accelerator','partners/February2019/dmvlwbwFkHlHJb1Jm7gg.png',NULL,'2019-02-02 23:44:00','2019-02-03 13:19:11'),(2,'Iran Cultural Heritage Handcrafts and Tourism Organization','partners/February2019/2tUedfCn7wigqXNXaZVP.png',NULL,'2019-02-02 23:45:00','2019-02-03 13:19:03'),(3,'Trip advisor','partners/February2019/2ZxH34VYx1YMpOsWGNZy.png',NULL,'2019-02-03 18:11:00','2019-02-04 04:37:32'),(4,'Sharif University of Technology','partners/February2019/WHnEIrJKJkT0ddJYkNiI.png',NULL,'2019-02-03 18:18:00','2019-02-03 13:18:53'),(5,'Ministry of Health and Medical Education','partners/February2019/zxzVIKmf5nTT5pnbFYoq.png',NULL,'2019-02-03 18:26:00','2019-02-03 13:18:46');
/*!40000 ALTER TABLE `partners` ENABLE KEYS */;
UNLOCK TABLES;

--
-- Table structure for table `password_resets`
--

DROP TABLE IF EXISTS `password_resets`;
/*!40101 SET @saved_cs_client     = @@character_set_client */;
/*!40101 SET character_set_client = utf8 */;
CREATE TABLE `password_resets` (
  `email` varchar(191) COLLATE utf8mb4_unicode_ci NOT NULL,
  `token` varchar(191) COLLATE utf8mb4_unicode_ci NOT NULL,
  `created_at` timestamp NULL DEFAULT NULL,
  KEY `password_resets_email_index` (`email`)
) ENGINE=InnoDB DEFAULT CHARSET=utf8mb4 COLLATE=utf8mb4_unicode_ci;
/*!40101 SET character_set_client = @saved_cs_client */;

--
-- Dumping data for table `password_resets`
--

LOCK TABLES `password_resets` WRITE;
/*!40000 ALTER TABLE `password_resets` DISABLE KEYS */;
/*!40000 ALTER TABLE `password_resets` ENABLE KEYS */;
UNLOCK TABLES;

--
-- Table structure for table `permission_role`
--

DROP TABLE IF EXISTS `permission_role`;
/*!40101 SET @saved_cs_client     = @@character_set_client */;
/*!40101 SET character_set_client = utf8 */;
CREATE TABLE `permission_role` (
  `permission_id` int(10) unsigned NOT NULL,
  `role_id` int(10) unsigned NOT NULL,
  PRIMARY KEY (`permission_id`,`role_id`),
  KEY `permission_role_permission_id_index` (`permission_id`),
  KEY `permission_role_role_id_index` (`role_id`),
  CONSTRAINT `permission_role_permission_id_foreign` FOREIGN KEY (`permission_id`) REFERENCES `permissions` (`id`) ON DELETE CASCADE,
  CONSTRAINT `permission_role_role_id_foreign` FOREIGN KEY (`role_id`) REFERENCES `roles` (`id`) ON DELETE CASCADE
) ENGINE=InnoDB DEFAULT CHARSET=utf8mb4 COLLATE=utf8mb4_unicode_ci;
/*!40101 SET character_set_client = @saved_cs_client */;

--
-- Dumping data for table `permission_role`
--

LOCK TABLES `permission_role` WRITE;
/*!40000 ALTER TABLE `permission_role` DISABLE KEYS */;
INSERT INTO `permission_role` VALUES (1,1),(1,3),(2,1),(3,1),(4,1),(4,3),(5,1),(6,1),(6,3),(7,1),(7,3),(8,1),(8,3),(9,1),(9,3),(10,1),(10,3),(11,1),(12,1),(13,1),(14,1),(15,1),(16,1),(17,1),(18,1),(19,1),(20,1),(21,1),(21,3),(22,1),(22,3),(23,1),(23,3),(24,1),(24,3),(25,1),(25,3),(26,1),(26,3),(27,1),(27,3),(28,1),(28,3),(29,1),(29,3),(30,1),(30,3),(31,1),(31,3),(32,1),(32,3),(33,1),(33,3),(34,1),(34,3),(35,1),(35,3),(36,1),(36,3),(37,1),(37,3),(38,1),(38,3),(39,1),(39,3),(40,1),(40,3),(41,1),(42,1),(42,3),(43,1),(43,3),(44,1),(44,3),(45,1),(45,3),(46,1),(46,3),(47,1),(47,3),(48,1),(48,3),(49,1),(49,3),(50,1),(50,3),(51,1),(51,3),(52,1),(52,3),(53,1),(53,3),(54,1),(54,3),(55,1),(55,3),(56,1),(56,3),(57,1),(57,3),(58,1),(58,3),(59,1),(59,3),(60,1),(60,3),(61,1),(61,3),(62,1),(62,3),(63,1),(63,3),(64,1),(64,3),(65,1),(65,3),(66,1),(66,3),(67,1),(67,3),(68,1),(68,3),(69,1),(69,3),(70,1),(70,3),(71,1),(71,3),(72,1),(72,3),(73,1),(73,3),(74,1),(74,3),(75,1),(75,3),(76,1),(76,3),(77,1),(77,3),(78,1),(78,3),(79,1),(79,3),(80,1),(80,3),(81,1),(81,3),(82,1),(82,3),(83,1),(83,3),(84,1),(84,3),(85,1),(85,3),(86,1),(86,3),(87,1),(87,3),(88,1),(88,3),(89,1),(89,3),(90,1),(90,3),(91,1),(91,3),(92,1),(92,3),(93,1),(93,3),(94,1),(94,3),(95,1),(95,3),(96,1),(96,3),(97,1),(97,3),(98,1),(98,3),(99,1),(99,3),(100,1),(100,3),(101,1),(101,3),(102,1),(102,3),(103,1),(103,3),(104,1),(104,3),(105,1),(105,3),(106,1),(106,3),(107,1),(107,3),(108,1),(108,3),(109,1),(109,3),(110,1),(110,3),(111,1),(111,3),(112,1),(112,3),(113,1),(113,3),(114,1),(114,3),(115,1),(115,3),(116,1),(116,3),(117,1),(117,3),(118,1),(118,3),(119,1),(119,3),(120,1),(120,3),(121,1),(121,3),(122,1),(122,3),(123,1),(123,3),(124,1),(124,3),(125,1),(125,3),(126,1),(126,3),(127,1),(127,3),(128,1),(128,3),(129,1),(129,3),(130,1),(130,3),(131,1),(131,3),(132,1),(132,3),(133,1),(133,3),(134,1),(134,3),(135,1),(135,3),(136,1),(136,3),(137,1),(137,3),(138,1),(138,3),(139,1),(139,3),(140,1),(140,3),(141,1),(141,3),(142,1),(142,3),(143,1),(143,3),(144,1),(144,3),(145,1),(145,3),(146,1),(146,3),(147,1),(147,3),(148,1),(148,3),(149,1),(149,3),(150,1),(150,3),(151,1),(151,3),(152,1),(152,3),(153,1),(153,3),(154,1),(154,3),(155,1),(155,3),(156,1),(156,3);
/*!40000 ALTER TABLE `permission_role` ENABLE KEYS */;
UNLOCK TABLES;

--
-- Table structure for table `permissions`
--

DROP TABLE IF EXISTS `permissions`;
/*!40101 SET @saved_cs_client     = @@character_set_client */;
/*!40101 SET character_set_client = utf8 */;
CREATE TABLE `permissions` (
  `id` int(10) unsigned NOT NULL AUTO_INCREMENT,
  `key` varchar(191) COLLATE utf8mb4_unicode_ci NOT NULL,
  `table_name` varchar(191) COLLATE utf8mb4_unicode_ci DEFAULT NULL,
  `created_at` timestamp NULL DEFAULT NULL,
  `updated_at` timestamp NULL DEFAULT NULL,
  PRIMARY KEY (`id`),
  KEY `permissions_key_index` (`key`)
) ENGINE=InnoDB AUTO_INCREMENT=157 DEFAULT CHARSET=utf8mb4 COLLATE=utf8mb4_unicode_ci;
/*!40101 SET character_set_client = @saved_cs_client */;

--
-- Dumping data for table `permissions`
--

LOCK TABLES `permissions` WRITE;
/*!40000 ALTER TABLE `permissions` DISABLE KEYS */;
INSERT INTO `permissions` VALUES (1,'browse_admin',NULL,'2018-12-15 19:38:01','2018-12-15 19:38:01'),(2,'browse_bread',NULL,'2018-12-15 19:38:01','2018-12-15 19:38:01'),(3,'browse_database',NULL,'2018-12-15 19:38:01','2018-12-15 19:38:01'),(4,'browse_media',NULL,'2018-12-15 19:38:01','2018-12-15 19:38:01'),(5,'browse_compass',NULL,'2018-12-15 19:38:01','2018-12-15 19:38:01'),(6,'browse_menus','menus','2018-12-15 19:38:01','2018-12-15 19:38:01'),(7,'read_menus','menus','2018-12-15 19:38:01','2018-12-15 19:38:01'),(8,'edit_menus','menus','2018-12-15 19:38:01','2018-12-15 19:38:01'),(9,'add_menus','menus','2018-12-15 19:38:01','2018-12-15 19:38:01'),(10,'delete_menus','menus','2018-12-15 19:38:01','2018-12-15 19:38:01'),(11,'browse_roles','roles','2018-12-15 19:38:01','2018-12-15 19:38:01'),(12,'read_roles','roles','2018-12-15 19:38:01','2018-12-15 19:38:01'),(13,'edit_roles','roles','2018-12-15 19:38:01','2018-12-15 19:38:01'),(14,'add_roles','roles','2018-12-15 19:38:01','2018-12-15 19:38:01'),(15,'delete_roles','roles','2018-12-15 19:38:01','2018-12-15 19:38:01'),(16,'browse_users','users','2018-12-15 19:38:01','2018-12-15 19:38:01'),(17,'read_users','users','2018-12-15 19:38:01','2018-12-15 19:38:01'),(18,'edit_users','users','2018-12-15 19:38:01','2018-12-15 19:38:01'),(19,'add_users','users','2018-12-15 19:38:01','2018-12-15 19:38:01'),(20,'delete_users','users','2018-12-15 19:38:01','2018-12-15 19:38:01'),(21,'browse_settings','settings','2018-12-15 19:38:01','2018-12-15 19:38:01'),(22,'read_settings','settings','2018-12-15 19:38:01','2018-12-15 19:38:01'),(23,'edit_settings','settings','2018-12-15 19:38:01','2018-12-15 19:38:01'),(24,'add_settings','settings','2018-12-15 19:38:01','2018-12-15 19:38:01'),(25,'delete_settings','settings','2018-12-15 19:38:01','2018-12-15 19:38:01'),(26,'browse_categories','categories','2018-12-15 19:38:02','2018-12-15 19:38:02'),(27,'read_categories','categories','2018-12-15 19:38:02','2018-12-15 19:38:02'),(28,'edit_categories','categories','2018-12-15 19:38:02','2018-12-15 19:38:02'),(29,'add_categories','categories','2018-12-15 19:38:02','2018-12-15 19:38:02'),(30,'delete_categories','categories','2018-12-15 19:38:02','2018-12-15 19:38:02'),(31,'browse_posts','posts','2018-12-15 19:38:02','2018-12-15 19:38:02'),(32,'read_posts','posts','2018-12-15 19:38:02','2018-12-15 19:38:02'),(33,'edit_posts','posts','2018-12-15 19:38:02','2018-12-15 19:38:02'),(34,'add_posts','posts','2018-12-15 19:38:02','2018-12-15 19:38:02'),(35,'delete_posts','posts','2018-12-15 19:38:02','2018-12-15 19:38:02'),(36,'browse_pages','pages','2018-12-15 19:38:02','2018-12-15 19:38:02'),(37,'read_pages','pages','2018-12-15 19:38:02','2018-12-15 19:38:02'),(38,'edit_pages','pages','2018-12-15 19:38:02','2018-12-15 19:38:02'),(39,'add_pages','pages','2018-12-15 19:38:02','2018-12-15 19:38:02'),(40,'delete_pages','pages','2018-12-15 19:38:02','2018-12-15 19:38:02'),(41,'browse_hooks',NULL,'2018-12-15 19:38:03','2018-12-15 19:38:03'),(42,'browse_socials','socials','2019-01-04 08:38:41','2019-01-04 08:38:41'),(43,'read_socials','socials','2019-01-04 08:38:41','2019-01-04 08:38:41'),(44,'edit_socials','socials','2019-01-04 08:38:41','2019-01-04 08:38:41'),(45,'add_socials','socials','2019-01-04 08:38:41','2019-01-04 08:38:41'),(46,'delete_socials','socials','2019-01-04 08:38:41','2019-01-04 08:38:41'),(47,'browse_benefits','benefits','2019-01-04 12:42:39','2019-01-04 12:42:39'),(48,'read_benefits','benefits','2019-01-04 12:42:39','2019-01-04 12:42:39'),(49,'edit_benefits','benefits','2019-01-04 12:42:39','2019-01-04 12:42:39'),(50,'add_benefits','benefits','2019-01-04 12:42:39','2019-01-04 12:42:39'),(51,'delete_benefits','benefits','2019-01-04 12:42:39','2019-01-04 12:42:39'),(52,'browse_banners','banners','2019-01-10 10:00:49','2019-01-10 10:00:49'),(53,'read_banners','banners','2019-01-10 10:00:49','2019-01-10 10:00:49'),(54,'edit_banners','banners','2019-01-10 10:00:49','2019-01-10 10:00:49'),(55,'add_banners','banners','2019-01-10 10:00:49','2019-01-10 10:00:49'),(56,'delete_banners','banners','2019-01-10 10:00:49','2019-01-10 10:00:49'),(57,'browse_requests','requests','2019-01-10 12:41:52','2019-01-10 12:41:52'),(58,'read_requests','requests','2019-01-10 12:41:52','2019-01-10 12:41:52'),(59,'edit_requests','requests','2019-01-10 12:41:52','2019-01-10 12:41:52'),(60,'add_requests','requests','2019-01-10 12:41:52','2019-01-10 12:41:52'),(61,'delete_requests','requests','2019-01-10 12:41:52','2019-01-10 12:41:52'),(62,'browse_partners','partners','2019-02-02 23:42:57','2019-02-02 23:42:57'),(63,'read_partners','partners','2019-02-02 23:42:57','2019-02-02 23:42:57'),(64,'edit_partners','partners','2019-02-02 23:42:57','2019-02-02 23:42:57'),(65,'add_partners','partners','2019-02-02 23:42:57','2019-02-02 23:42:57'),(66,'delete_partners','partners','2019-02-02 23:42:57','2019-02-02 23:42:57'),(67,'browse_links','links','2019-02-03 01:32:59','2019-02-03 01:32:59'),(68,'read_links','links','2019-02-03 01:32:59','2019-02-03 01:32:59'),(69,'edit_links','links','2019-02-03 01:32:59','2019-02-03 01:32:59'),(70,'add_links','links','2019-02-03 01:32:59','2019-02-03 01:32:59'),(71,'delete_links','links','2019-02-03 01:32:59','2019-02-03 01:32:59'),(72,'browse_doctors','doctors','2019-02-08 19:01:07','2019-02-08 19:01:07'),(73,'read_doctors','doctors','2019-02-08 19:01:07','2019-02-08 19:01:07'),(74,'edit_doctors','doctors','2019-02-08 19:01:07','2019-02-08 19:01:07'),(75,'add_doctors','doctors','2019-02-08 19:01:07','2019-02-08 19:01:07'),(76,'delete_doctors','doctors','2019-02-08 19:01:07','2019-02-08 19:01:07'),(77,'browse_networks','networks','2019-02-08 19:30:50','2019-02-08 19:30:50'),(78,'read_networks','networks','2019-02-08 19:30:50','2019-02-08 19:30:50'),(79,'edit_networks','networks','2019-02-08 19:30:50','2019-02-08 19:30:50'),(80,'add_networks','networks','2019-02-08 19:30:50','2019-02-08 19:30:50'),(81,'delete_networks','networks','2019-02-08 19:30:50','2019-02-08 19:30:50'),(82,'browse_testimonials','testimonials','2019-02-24 20:24:19','2019-02-24 20:24:19'),(83,'read_testimonials','testimonials','2019-02-24 20:24:19','2019-02-24 20:24:19'),(84,'edit_testimonials','testimonials','2019-02-24 20:24:19','2019-02-24 20:24:19'),(85,'add_testimonials','testimonials','2019-02-24 20:24:19','2019-02-24 20:24:19'),(86,'delete_testimonials','testimonials','2019-02-24 20:24:19','2019-02-24 20:24:19'),(87,'browse_packages','packages','2019-02-24 21:19:53','2019-02-24 21:19:53'),(88,'read_packages','packages','2019-02-24 21:19:53','2019-02-24 21:19:53'),(89,'edit_packages','packages','2019-02-24 21:19:53','2019-02-24 21:19:53'),(90,'add_packages','packages','2019-02-24 21:19:53','2019-02-24 21:19:53'),(91,'delete_packages','packages','2019-02-24 21:19:53','2019-02-24 21:19:53'),(92,'browse_package_items','package_items','2019-06-29 06:08:58','2019-06-29 06:08:58'),(93,'read_package_items','package_items','2019-06-29 06:08:58','2019-06-29 06:08:58'),(94,'edit_package_items','package_items','2019-06-29 06:08:58','2019-06-29 06:08:58'),(95,'add_package_items','package_items','2019-06-29 06:08:58','2019-06-29 06:08:58'),(96,'delete_package_items','package_items','2019-06-29 06:08:58','2019-06-29 06:08:58'),(97,'browse_timelines','timelines','2019-06-30 02:33:20','2019-06-30 02:33:20'),(98,'read_timelines','timelines','2019-06-30 02:33:20','2019-06-30 02:33:20'),(99,'edit_timelines','timelines','2019-06-30 02:33:20','2019-06-30 02:33:20'),(100,'add_timelines','timelines','2019-06-30 02:33:20','2019-06-30 02:33:20'),(101,'delete_timelines','timelines','2019-06-30 02:33:20','2019-06-30 02:33:20'),(102,'browse_cities','cities','2019-06-30 04:12:02','2019-06-30 04:12:02'),(103,'read_cities','cities','2019-06-30 04:12:02','2019-06-30 04:12:02'),(104,'edit_cities','cities','2019-06-30 04:12:02','2019-06-30 04:12:02'),(105,'add_cities','cities','2019-06-30 04:12:02','2019-06-30 04:12:02'),(106,'delete_cities','cities','2019-06-30 04:12:02','2019-06-30 04:12:02'),(107,'browse_package_prices','package_prices','2019-06-30 09:40:52','2019-06-30 09:40:52'),(108,'read_package_prices','package_prices','2019-06-30 09:40:52','2019-06-30 09:40:52'),(109,'edit_package_prices','package_prices','2019-06-30 09:40:52','2019-06-30 09:40:52'),(110,'add_package_prices','package_prices','2019-06-30 09:40:52','2019-06-30 09:40:52'),(111,'delete_package_prices','package_prices','2019-06-30 09:40:52','2019-06-30 09:40:52'),(112,'browse_hotels','hotels','2019-07-01 01:02:21','2019-07-01 01:02:21'),(113,'read_hotels','hotels','2019-07-01 01:02:21','2019-07-01 01:02:21'),(114,'edit_hotels','hotels','2019-07-01 01:02:21','2019-07-01 01:02:21'),(115,'add_hotels','hotels','2019-07-01 01:02:21','2019-07-01 01:02:21'),(116,'delete_hotels','hotels','2019-07-01 01:02:21','2019-07-01 01:02:21'),(117,'browse_hotel_items','hotel_items','2019-07-01 01:31:04','2019-07-01 01:31:04'),(118,'read_hotel_items','hotel_items','2019-07-01 01:31:04','2019-07-01 01:31:04'),(119,'edit_hotel_items','hotel_items','2019-07-01 01:31:04','2019-07-01 01:31:04'),(120,'add_hotel_items','hotel_items','2019-07-01 01:31:04','2019-07-01 01:31:04'),(121,'delete_hotel_items','hotel_items','2019-07-01 01:31:04','2019-07-01 01:31:04'),(122,'browse_video_reviews','video_reviews','2019-07-04 15:13:21','2019-07-04 15:13:21'),(123,'read_video_reviews','video_reviews','2019-07-04 15:13:21','2019-07-04 15:13:21'),(124,'edit_video_reviews','video_reviews','2019-07-04 15:13:21','2019-07-04 15:13:21'),(125,'add_video_reviews','video_reviews','2019-07-04 15:13:21','2019-07-04 15:13:21'),(126,'delete_video_reviews','video_reviews','2019-07-04 15:13:21','2019-07-04 15:13:21'),(127,'browse_members','members','2019-07-05 08:47:30','2019-07-05 08:47:30'),(128,'read_members','members','2019-07-05 08:47:30','2019-07-05 08:47:30'),(129,'edit_members','members','2019-07-05 08:47:30','2019-07-05 08:47:30'),(130,'add_members','members','2019-07-05 08:47:30','2019-07-05 08:47:30'),(131,'delete_members','members','2019-07-05 08:47:30','2019-07-05 08:47:30'),(132,'browse_reviews','reviews','2019-07-05 12:00:00','2019-07-05 12:00:00'),(133,'read_reviews','reviews','2019-07-05 12:00:00','2019-07-05 12:00:00'),(134,'edit_reviews','reviews','2019-07-05 12:00:00','2019-07-05 12:00:00'),(135,'add_reviews','reviews','2019-07-05 12:00:00','2019-07-05 12:00:00'),(136,'delete_reviews','reviews','2019-07-05 12:00:00','2019-07-05 12:00:00'),(137,'browse_subscribers','subscribers','2019-07-07 15:05:17','2019-07-07 15:05:17'),(138,'read_subscribers','subscribers','2019-07-07 15:05:17','2019-07-07 15:05:17'),(139,'edit_subscribers','subscribers','2019-07-07 15:05:17','2019-07-07 15:05:17'),(140,'add_subscribers','subscribers','2019-07-07 15:05:17','2019-07-07 15:05:17'),(141,'delete_subscribers','subscribers','2019-07-07 15:05:17','2019-07-07 15:05:17'),(142,'browse_tags','tags','2019-07-08 00:38:22','2019-07-08 00:38:22'),(143,'read_tags','tags','2019-07-08 00:38:22','2019-07-08 00:38:22'),(144,'edit_tags','tags','2019-07-08 00:38:22','2019-07-08 00:38:22'),(145,'add_tags','tags','2019-07-08 00:38:22','2019-07-08 00:38:22'),(146,'delete_tags','tags','2019-07-08 00:38:22','2019-07-08 00:38:22'),(147,'browse_faqs','faqs','2019-08-15 00:03:08','2019-08-15 00:03:08'),(148,'read_faqs','faqs','2019-08-15 00:03:08','2019-08-15 00:03:08'),(149,'edit_faqs','faqs','2019-08-15 00:03:08','2019-08-15 00:03:08'),(150,'add_faqs','faqs','2019-08-15 00:03:08','2019-08-15 00:03:08'),(151,'delete_faqs','faqs','2019-08-15 00:03:08','2019-08-15 00:03:08'),(152,'browse_whats_apps','whats_apps','2019-08-31 11:38:06','2019-08-31 11:38:06'),(153,'read_whats_apps','whats_apps','2019-08-31 11:38:06','2019-08-31 11:38:06'),(154,'edit_whats_apps','whats_apps','2019-08-31 11:38:06','2019-08-31 11:38:06'),(155,'add_whats_apps','whats_apps','2019-08-31 11:38:06','2019-08-31 11:38:06'),(156,'delete_whats_apps','whats_apps','2019-08-31 11:38:06','2019-08-31 11:38:06');
/*!40000 ALTER TABLE `permissions` ENABLE KEYS */;
UNLOCK TABLES;

--
-- Table structure for table `posts`
--

DROP TABLE IF EXISTS `posts`;
/*!40101 SET @saved_cs_client     = @@character_set_client */;
/*!40101 SET character_set_client = utf8 */;
CREATE TABLE `posts` (
  `id` int(10) unsigned NOT NULL AUTO_INCREMENT,
  `author_id` int(11) NOT NULL,
  `category_id` int(11) DEFAULT NULL,
  `title` varchar(191) COLLATE utf8mb4_unicode_ci NOT NULL,
  `seo_title` varchar(191) COLLATE utf8mb4_unicode_ci DEFAULT NULL,
  `excerpt` text COLLATE utf8mb4_unicode_ci,
  `body` text COLLATE utf8mb4_unicode_ci NOT NULL,
  `image` varchar(191) COLLATE utf8mb4_unicode_ci DEFAULT NULL,
  `slug` varchar(191) COLLATE utf8mb4_unicode_ci NOT NULL,
  `meta_description` text COLLATE utf8mb4_unicode_ci,
  `meta_keywords` text COLLATE utf8mb4_unicode_ci,
  `status` varchar(255) COLLATE utf8mb4_unicode_ci NOT NULL,
  `featured` tinyint(1) NOT NULL DEFAULT '0',
  `created_at` timestamp NULL DEFAULT NULL,
  `updated_at` timestamp NULL DEFAULT NULL,
  `grand_background` varchar(255) COLLATE utf8mb4_unicode_ci DEFAULT NULL,
  PRIMARY KEY (`id`)
) ENGINE=InnoDB AUTO_INCREMENT=20 DEFAULT CHARSET=utf8mb4 COLLATE=utf8mb4_unicode_ci;
/*!40101 SET character_set_client = @saved_cs_client */;

--
-- Dumping data for table `posts`
--

LOCK TABLES `posts` WRITE;
/*!40000 ALTER TABLE `posts` DISABLE KEYS */;
INSERT INTO `posts` VALUES (9,2,34,'What is Reconstructive Surgery?','What is Reconstructive Surgery?','Reconstructive surgery is usually covered by your health insurance and includes various operations such as hand or foot surgery, skin cancer removal, burn care','<div id=\"template-content\" class=\"mceTmpl\">\n<ul>\n<li><a href=\"#a1\">What is Reconstructive Surgery?</a></li>\n<li><a href=\"#a2\">Dental health</a></li>\n<li><a href=\"#a3\">Eye care</a></li>\n<li><a href=\"#a4\">Infertility treatment</a></li>\n<li><a href=\"#a5\">Why Iran?</a></li>\n</ul>\n<h3 id=\"a1\" class=\"template-subtitle\">What is Reconstructive Surgery?</h3>\n<p class=\"paragraph-medium paragraph-black template-p\">Reconstructive surgery is a type of plastic surgery in which patients&rsquo; intention to do the operation has <strong>medical</strong> reasons. The main purpose of this procedure is to correct the defects of your body or get treatment for a disease, while the goal in Cosmetic Surgery is to look better which we discussed in another article. Reconstructive surgery is usually covered by your health insurance and includes various operations such as hand or foot surgery, skin cancer removal, burn care in addition to the following treatments:</p>\n<h3 id=\"a2\" class=\"template-subtitle\">Dental health</h3>\n<p class=\"paragraph-medium paragraph-black template-p\">Dental health has a huge impact on your overall well-being and you need to take oral hygiene habits seriously; otherwise, its consequence will be costly and might lead to diseases that put your health in danger. The easiest way to take care of your teeth is to brush and floss them regularly. There are also a number of other treatments such as fillings and implants that can help you deal with oral problems.</p>\n<h3 id=\"a3\" class=\"template-subtitle\">Eye care</h3>\n<p class=\"paragraph-medium paragraph-black template-p\">Dental health has a huge impact on your overall well-being and you need to take oral hygiene habits seriously; otherwise, its consequence will be costly and might lead to diseases that put your health in danger. The easiest way to take care of your teeth is to brush and floss them regularly. There are also a number of other treatments such as fillings and implants that can help you deal with oral problems.</p>\n<h3 id=\"a4\" class=\"template-subtitle\">Infertility treatment</h3>\n<p class=\"paragraph-medium paragraph-black template-p\">Dental health has a huge impact on your overall well-being and you need to take oral hygiene habits seriously; otherwise, its consequence will be costly and might lead to diseases that put your health in danger. The easiest way to take care of your teeth is to brush and floss them regularly. There are also a number of other treatments such as fillings and implants that can help you deal with oral problems.</p>\n<h3 id=\"a5\" class=\"template-subtitle\">Why Iran?</h3>\n<p class=\"paragraph-medium paragraph-black template-p\">Aside from visiting historical sites and top tourist attractions in Iran, choosing this country for doing your reconstructive surgery has the following benefits:</p>\n<ul class=\"template-ul\">\n<li>You don&rsquo;t need to worry about the quality of the service you get.</li>\n<li>You&rsquo;ll get treated by experienced and knowledgeable surgeons.</li>\n<li>All the medical services are available at a low cost compared to other western countries.</li>\n</ul>\n</div>','posts/August2019/9Fx8RpQerY2yx3Do3jPH.jpg','what-is-reconstructive-surgery','Reconstructive surgery is usually covered by your health insurance and includes various operations such as hand or foot surgery, skin cancer removal, burn ','medtouriran ,medical tourism,iran tourism,Reconstructive surgery','PUBLISHED',0,'2019-08-14 03:23:24','2019-09-08 14:04:04','posts/September2019/LbVnZfaf0uHXEo0aQSix.jpg'),(10,2,12,'What is Cosmetic Surgery?','what is cosmetic surgery','Cosmetic surgery is a popular plastic surgery which its main goal is to improve your appearance and give you confidence and usually it is not covered by health insurance. ','<div id=\"template-content\" class=\"mceTmpl\">\n<ul>\n<li><a href=\"#a1\">What is Cosmetic Surgery?</a></li>\n<li><a href=\"#a2\">Why Iran?</a></li>\n<li><a href=\"#a3\">Types of Cosmetic Surgery</a></li>\n</ul>\n<h3 id=\"a1\" class=\"template-subtitle\">What is Cosmetic Surgery?</h3>\n<p class=\"paragraph-medium paragraph-black template-p\">Cosmetic surgery is a popular plastic surgery which its main goal is to improve your appearance and give you confidence and usually it is not covered by health insurance. This is not the case in reconstructive surgery that its main focus is on medical purposes and improves the function of a part of your body. We will address that issue in another article. Let&rsquo;s get to cosmetic surgery for now.</p>\n<h3 id=\"a2\" class=\"template-subtitle\">Why Iran?</h3>\n<p class=\"paragraph-medium paragraph-black template-p\">Cosmetic surgery deals with changing your appearance and the main goal is to make it better. Therefore, it is important to choose the right surgeon to do the operation. Iran is one of the best medical tourism countries in the Middle East due to the following reasons:</p>\n<ul class=\"template-ul\">\n<li>The number of patients that Iranian surgeons deal with every day has given them enough experience</li>\n<li>As a result, the success rate of cosmetic surgery is quite high in Iran</li>\n<li>The advanced pieces of equipment of hospitals in Iran and the low cost of treatments are another reason to choose Iran for your surgery</li>\n</ul>\n<h3 id=\"a3\" class=\"template-subtitle\">Types of Cosmetic Surgery</h3>\n<p class=\"paragraph-medium paragraph-black template-p\">Different types of cosmetic surgery are available for patients such as breast surgery (reduction, lift, and enlargement), eyelid surgery, ear surgery, chin surgery, brow lift, facelift, laser treatment and liposuction (fat removal). Three cosmetic surgeries are more common among people; thus we will take a quick look at each one of them:</p>\n<ul class=\"template-ul\">\n<li>Plastic surgery</li>\n</ul>\n<p>Plastic surgery includes both cosmetic and medical surgery. The difference between a plastic surgeon and a cosmetic surgeon is related to their training length.</p>\n<ul class=\"template-ul\">\n<li>Rhinoplasty</li>\n</ul>\n<p>Nose job or rhinoplasty has recently become very popular among people all around the world and can be done to give patients a better look or to improve breathing.&nbsp;</p>\n<ul class=\"template-ul\">\n<li>Hair transplantation</li>\n</ul>\n<p>Hair transplant attracts people with hair loss and helps them to grow hair on the balding parts of their body. This procedure is not gender-specific and can provide assistance to women dealing with thinning hair as well.&nbsp;</p>\n</div>','posts/September2019/hglcMBfKhnYhyD6wvKWX.jpg','what-is-cosmetic-surgery','Cosmetic surgery is a popular plastic surgery which its main goal is to improve your appearance and give you confidence and usually it is not covered by health insurance. This is not the case in reconstructive surgery that its main focus is on medical purposes and improves the function of a part of your body. We will address that issue in another article. Let’s get to cosmetic surgery for now.','medtouriran ,medical tourism,iran tourism,cosmetic surgery','PUBLISHED',0,'2019-08-14 03:24:37','2019-09-03 03:29:04','posts/September2019/l5VGeWq3X4iljyZaNFxQ.jpg'),(11,2,12,'What is Medical Tourism?','Medical Tourism in Iran,medtouriran,Iran’s Medical Tourism Services','In short Medical Tourism is using world class services and facilities at low and unbelievable prices.','<div id=\"template-content\" class=\"mceTmpl\">\n<ul>\n<li><a href=\"#a1\">What is Medical Tourism?</a></li>\n<li><a href=\"#a2\">Medical Tourism in Iran</a></li>\n<li><a href=\"#a3\">Why Choose Iran for Medical Tourism? </a></li>\n<li><a href=\"#a4\">Iran&rsquo;s Medical Tourism Services</a></li>\n<li><a href=\"#a5\">Iran&rsquo;s Leading Medical Tourism Cities</a></li>\n</ul>\n<h3 id=\"a1\" class=\"template-subtitle\">What is Medical Tourism?</h3>\n<p class=\"paragraph-medium paragraph-black template-p\"><strong>Medical Tourism</strong> which is sometimes referred to as &ldquo;Health Tourism&rdquo; has various definitions. According to The World Tourism Organization Medical Tourism is &lsquo;using services which lead to a boost in a person&rsquo;s health or morale (with the help of medical techniques, the weather, etc.) which happens away from that person&rsquo;s home&rsquo;. In short <strong>Medical Tourism</strong> is using world class services and facilities at low and unbelievable prices.</p>\n<h3 id=\"a2\" class=\"template-subtitle\">Medical Tourism in Iran</h3>\n<p class=\"paragraph-medium paragraph-black template-p\">In Iran, Medical Tourism trustees include: Cultural Heritage, Handicrafts and Tourism Organization of Iran (ICHTO), Ministry of Health and Medical Education, Ministry of Foreign Affairs (MFA). Compared to other countries the development and expansion of Medical Tourism requires more cooperation. Medical tourists are usually from countries like Azerbaijan Republic, Iraq, Turkmenistan, Kuwait, Syria, Lebanon, Turkey, and Bahrain.</p>\n<h3 id=\"a3\" class=\"template-subtitle\">Why Choose Iran for <strong>Medical Tourism</strong>?</h3>\n<ul>\n<li>Costs</li>\n</ul>\n<p>Compared to other countries like the US and European countries, Iran&rsquo;s most important advantage in Medical Tourism are the costs. Currently India is a forerunner in offering the cheapest services but with Iran entering the competition and considering its tourism potential, more historical attractions, and its very warm-hearted people, Iran has the ability to attract more tourists than India.</p>\n<ul class=\"template-ul\">\n<ul class=\"template-ul\">\n<li>Hydrotherapy</li>\n</ul>\n</ul>\n<p>Hydrotherapy is another one of Iran&rsquo;s attraction and it is very important in <strong>Medical Tourism</strong>. According to the statistics, about 45 million tourists use hydrotherapy for their treatment. And since Iran has more than a thousand known mineral water springs, it can be a very good choice for this purpose.</p>\n<ul class=\"template-ul\">\n<ul class=\"template-ul\">\n<li>Sludge therapy</li>\n</ul>\n</ul>\n<p>Iran can also attract tourists for sludge therapy since it has the facilities for it like Taftan mountain hillsides, and Urmia lake&rsquo;s beaches.</p>\n<ul class=\"template-ul\">\n<ul class=\"template-ul\">\n<li>Salt therapy</li>\n</ul>\n</ul>\n<p>Salt therapy and cave therapy have recently gained the interest of many international tourists and because Iran contains many salt domes it can become a center for salt therapy.</p>\n<ul class=\"template-ul\">\n<ul class=\"template-ul\">\n<li>Traditional medicine</li>\n</ul>\n</ul>\n<p>Recently, many have been interested is Persian traditional medicine and even some are studying it. according to&nbsp; (a medical historian), traditional medicine existed in Iran before it existed in Greece. And it was Persians who taught Greeks the principles of what they call Greek medicine.</p>\n<ul class=\"template-ul\">\n<ul class=\"template-ul\">\n<li>Climate</li>\n</ul>\n</ul>\n<p>Iran&rsquo;s resorts in Deylaman (Gilan), Javaher deh (Mazandaran) or Shandiz are famous and known all around the world.</p>\n<h3 id=\"a4\" class=\"template-subtitle\">Iran&rsquo;s Medical Tourism Services</h3>\n<p class=\"paragraph-medium paragraph-black template-p\">Most people travel to Iran for one of the following purposes:</p>\n<ul class=\"template-ul\">\n<li>Infertility</li>\n<li>Dental care</li>\n<li>Heart, Eye, and plastic surgeries</li>\n<li>Cancer related illnesses</li>\n<li>Cancer related illnesses</li>\n<li>Tourism in healing waters</li>\n</ul>\n<h3 id=\"a5\" class=\"template-subtitle\">Iran&rsquo;s Leading Medical Tourism Cities</h3>\n<ul>\n<li><a href=\"https://medtouriran.com/en/destinations/1/tehran\">Tehran</a></li>\n</ul>\n<p>Tehran which is Iran&rsquo;s capital enjoys well-known medical specialists and terrific facilities in its hospitals and clinics. Being close to Alborz mountain&rsquo;s hillside has made Tehran&rsquo;s weather really nice. While using medical services, you can also spend time sightseeing.<a class=\"imp\" href=\"https://medtouriran.com/en/destinations/1/tehran\">read more</a></p>\n<ul>\n<li><a href=\"https://medtouriran.com/en/destinations/2/mashhad\">Mashhad</a></li>\n</ul>\n<p>Mashhad is a religious city with fine medical equipment and facilities. Imam Reza&rsquo;s shrine, specialized and experienced clinics and hospitals for beauty and medical services have made this city one of the first choices for <strong>Medical Tourism</strong>.<a class=\"imp\" href=\"https://medtouriran.com/en/destinations/2/mashhad\">read more</a></p>\n<ul>\n<li><a href=\"https://medtouriran.com/en/destinations/3/shiraz\">Shiraz</a></li>\n</ul>\n<p>Shiraz is one of the destinations for Medical Tourism due to its renowned doctors, high quality treatment centers, and nice weather. Shiraz hosts many tourists from Iraq because it is a religious city and close to this country.<a class=\"imp\" href=\"https://medtouriran.com/en/destinations/3/shiraz\">read more</a></p>\n<ul>\n<li>Yazd</li>\n</ul>\n<p>Yazd is a historical city and has many historical attractions and is among the best cities for <strong>Medical Tourism</strong>. The presence of 545 specialized doctors, 915 general practitioners, 300 dentists, and 15 hospitals have made Yazd a destination for many tourists. This city is better known for infertility and cardiology treatments, because Yazd&rsquo;s infertility center is Iran and middle east&rsquo;s first infertility treatment center and many travel to Yazd from other countries to come to this center.</p>\n</div>','posts/August2019/2JehglFgPgqX4q7LYnif.jpg','what-is-medical-tourism','In Iran, Medical Tourism trustees include: Cultural Heritage, Handicrafts and Tourism Organization of Iran (ICHTO), Ministry of Health and Medical Education, Ministry of Foreign Affairs (MFA). Compared to other countries the development and expansion of Medical Tourism requires more cooperation. Medical tourists are usually from countries like Azerbaijan Republic, Iraq, Turkmenistan, Kuwait, Syria, Lebanon, Turkey, and Bahrain. ','Medical Tourism in Iran,unbelievable prices,Iran’s Medical Tourism Services','PUBLISHED',0,'2019-08-23 18:56:53','2019-10-17 18:08:49','posts/August2019/1d79N8ThXrMwKx4Eiinb.jpg'),(12,2,12,'All Types Of Eye Diseases And Their Treatment','','','<div id=\"template-content\" class=\"mceTmpl\">\n<ul>\n<li><a href=\"#a1\">The eye</a></li>\n<li><a href=\"#a2\">Eye and eye disease</a></li>\n<li><a href=\"#a3\">What are the eye parts? </a></li>\n<li><a href=\"#a4\">Types of eye diseases and their treatment</a></li>\n<li><a href=\"#a5\">Most common eyes disease</a></li>\n<li><a href=\"#a6\">Glaucoma or Glaucoma Water Eye Disease and its treatment</a></li>\n<li><a href=\"#a7\">Treatment of Glaucoma</a></li>\n<li><a href=\"#a8\">Cataract or White water</a></li>\n<li><a href=\"#a9\">Treatment of Cataract</a></li>\n<li><a href=\"#a10\">Macular Degeneration</a></li>\n<li><a href=\"#a11\">Treatment of Macular Degeneration</a></li>\n<li><a href=\"#a12\">Retinal Detachment</a></li>\n<li><a href=\"#a13\">Treatment of Retinal Detachment</a></li>\n<li><a href=\"#a14\">Conjunctivitis</a></li>\n<li><a href=\"#a15\">Conjunctivitis treatment</a></li>\n<li><a href=\"#a16\">Eye Disease Treatment in Iran and MedTourIran Company</a></li>\n<li><a href=\"#a17\">Some eye surgery prices in MedTourIran</a></li>\n</ul>\n<h3 id=\"a1\" class=\"template-subtitle\">The eye</h3>\n<p class=\"paragraph-medium paragraph-black template-p\">What&rsquo;s the eye? What&rsquo;s its function? What&rsquo;s eye disease? What are the most common eye diseases?&nbsp; Is eye surgery treatment performed in Iran?</p>\n<h3 id=\"a2\" class=\"template-subtitle\">Eye and eye disease</h3>\n<p class=\"paragraph-medium paragraph-black template-p\">The eye is the embodiment of beauty and a means of looking. It is a precious part that humans possess. Some people do medical surgery for the eye while other seek the Cosmetic eye surgery. In this regard, we are going to mention the most common eye diseases and explain their treatment. The eye is likely to be affected with various diseases so we have to protect it because of its importance.</p>\n<h3 id=\"a3\" class=\"template-subtitle\">What are the eye parts?</h3>\n<p class=\"paragraph-medium paragraph-black template-p\">At the beginning, we touch on the components of the eye to become more familiar with it. The eye is composed of The Cornea ( a transparent tissue in the middle of the eye and its function is to collect light and focus it on the Retina) Iris (a membrane that its condition changes according to the status of vision and it is influential in the color of the eye) Pupil (a gap in the center of the iris from which light passes) Lens ( collects the light and sends it to the Retina) Retina (This part takes the collected light and replaces it with nerve signals) Macula (its function is to see small details and the quality of vision placed at the center of the Retina) Optic nerve ( the means of communication between the Retina and the visual center inside the brain) and Eye Fluid ( a transparent fluid that fills the eye cavity).&nbsp;</p>\n<h3 id=\"a4\" class=\"template-subtitle\">Types of eye diseases and their treatment</h3>\n<p class=\"paragraph-medium paragraph-black template-p\" style=\"text-align: left;\">Indeed, the eye is affected by various diseases and these diseases vary in terms of the area of the defect and its treatment. In this section we will mention the eye diseases and then we explain some of the common eye diseases and their treatments.</p>\n<h3 id=\"a5\" class=\"template-subtitle\">Most common eye Disease</h3>\n<p class=\"paragraph-medium paragraph-black template-p\" style=\"text-align: left;\">Glaucoma or Glaucoma water, Cataract, Macular Degeneration, Retinal Detachment, Conjunctivitis, Short-sightedness or Myopia, Diabetic Retinopathy, Retinitis Pigmentosa, Tolosa Hunt Syndrome Papillary Edema of the Optic Nerve, Macular Degeneration, Bardet Syndrome, Biddle and Cataract, Rite of the Eye, Color blindness, Amblyopia or Lazy Eye, Trachoma, Uveitis, Blepharospasm, Eyes Dehydration, Eyes sore, Endophthalmitis and Visual Atrophy, Retinal Artery Blockage, Eyelid Inflammation, Retinoblastoma, Keratitis, Primary Congenital Glaucoma, Open-angle Glaucoma, Narrow-angle glaucoma and Separate Vitreous Glaucoma.</p>\n<h3 id=\"a9\" class=\"template-subtitle\">Eye disease</h3>\n<p class=\"paragraph-medium paragraph-black template-p\">Glaucoma or Glaucoma water, Cataract, Macular Degeneration, Retinal Detachment, Conjunctivitis, Short-sightedness or Myopia, Diabetic Retinopathy, Retinitis Pigmentosa, Tolosa Hunt Syndrome Papillary Edema of the Optic Nerve, Macular Degeneration, Bardet Syndrome, Biddle and Cataract, Rite of the Eye, Color blindness, Amblyopia or Lazy Eye, Trachoma, Uveitis, Blepharospasm, Eyes Dehydration, Eyes sore, Endophthalmitis and Visual Atrophy, Retinal Artery Blockage, Eyelid Inflammation, Retinoblastoma, Keratitis, Primary Congenital Glaucoma, Open-angle Glaucoma, Narrow-angle glaucoma and Separate Vitreous Glaucoma ,etc.</p>\n<h3 id=\"a10\" class=\"template-subtitle\">Glaucoma or Glaucoma Water Eye Disease and its treatment</h3>\n<p class=\"paragraph-medium paragraph-black template-p\">Glaucoma is the most common and serious eye disease, which leads to increasingly high vision loss. The optic nerve is a section affected by glaucoma which raises internal intraocular pressure and leads to vision loss. This kind of eye disease is not accompanied by special symptoms but could be treated immediately after its discovery. It has two different types: open-angle and closed-angle glaucoma. Characteristics of the first type is that it is rife and common and the second type are severe pain as well as a sudden condition which causes vision loss.</p>\n<h3 id=\"a11\" class=\"template-subtitle\">Treatment of Glaucoma</h3>\n<p class=\"paragraph-medium paragraph-black template-p\">It is not possible to prescribe a definite treatment for this disease but it is possible for the patient to resort to the usage of some eye drops or laser. However, full and successful treatment could be reached by early diagnosis of Glaucoma and through surgery.&nbsp;</p>\n<h3 id=\"a12\" class=\"template-subtitle\">Cataract or White water</h3>\n<p class=\"paragraph-medium paragraph-black template-p\">When does a person have Cataract?&nbsp; &nbsp;</p>\n<p class=\"paragraph-medium paragraph-black template-p\">A person suffers from this disease when he is hit by a severe blow in his eye and when he suffers from diabetes or takes too much Cortisone. As a result, the eye lens gets affected with this disease and its color changes from transparent to dark and dusky or white and this replacement gradually continues till it is completely replaced to dark.</p>\n<h3 id=\"a13\" class=\"template-subtitle\">Treatment of Cataract</h3>\n<p class=\"paragraph-medium paragraph-black template-p\">When cataract is diagnosed by the doctor, he recommends the patient to use sunglasses and avoid direct looking at any natural or artificial bright light, and when the person is not recovered, surgery operation is done to replace the dark lens with a new lens.</p>\n<h3 id=\"a14\" class=\"template-subtitle\">Macular Degeneration</h3>\n<p class=\"paragraph-medium paragraph-black template-p\">This is the part that cares about the quality of the sight and seeing the small details. The elderly people suffer from this disease that is why they are considered a group with a weak central eyesight. When they look around, they can see everything that exists round them, but they cannot see it clearly.</p>\n<h3 id=\"a15\" class=\"template-subtitle\">Treatment of Macular Degeneration</h3>\n<p class=\"paragraph-medium paragraph-black template-p\">Although there are different treatments for this disease, there is no comprehensive and satisfactory treatment that could be recommended, however, some of the treatments are: laser, some antioxidant drugs, zinc and eye injection.</p>\n<h3 id=\"a16\" class=\"template-subtitle\">Retinal Detachment</h3>\n<p class=\"paragraph-medium paragraph-black template-p\">As the name indicates, it is the case of the retinal detachment from the eye wall. When the retina moves, it is transferred from its place and is filled with liquid inside the eye cavity, this leads to the separation of the retina from the wall of the eye, but what is the reason for this movement and transfer? This movement takes place under severe collision or crack and aperture.</p>\n<h3 id=\"a17\" class=\"template-subtitle\">Treatment of Retinal Detachment</h3>\n<p class=\"paragraph-medium paragraph-black template-p\">Surgery operation is the treatment of retinal detachment and in this operation the Retina is reinstalled. We can say that this process has been successful most of the time or always and the patient gets healthy after the operation.</p>\n<h3 id=\"a18\" class=\"template-subtitle\">Conjunctivitis</h3>\n<p class=\"paragraph-medium paragraph-black template-p\">In this disease, a person is affected with inflammation of the conjunctiva and transparent membrane and its redness. This type of disease appears because of eye infection via bacteria or virus or because of sensitivity in the eye and exposure to dust or what harms the eye.</p>\n<h3 id=\"a19\" class=\"template-subtitle\">Conjunctivitis treatment</h3>\n<p class=\"paragraph-medium paragraph-black template-p\">Treatments differ when we talk about the treatment of conjunctivitis because of the different factors in creating this disease. When the eye is infected with virus only antiseptic drops and when the eye is infected with bacteria antibiotic drops are used.&nbsp;</p>\n<h3 id=\"a19\" class=\"template-subtitle\">Uveitis</h3>\n<p class=\"paragraph-medium paragraph-black template-p\">Uveitis (anterior uveitis) is one of the most serious and the rarest eye diseases. This inflammation is a type of uveitis and is caused by an inflammation of the blood vessels that carry oxygen and food to the eye cells.&nbsp; This is why they play a prominent role in the quality of vision and eye functions. Causes of eye infection with this disease are bacteria, virus or a genetic factor.&nbsp;</p>\n<h3 id=\"a19\" class=\"template-subtitle\">Uveitis Treatment</h3>\n<p class=\"paragraph-medium paragraph-black template-p\">There are different treatments for anterior uveitis, but the best treatment is the early treatment which must be done before the disease develops in the eye.&nbsp;</p>\n<h3 id=\"a19\" class=\"template-subtitle\">Eye Disease Treatment in Iran and MedTourIran Company</h3>\n<p class=\"paragraph-medium paragraph-black template-p\">Is eye surgery performed in Iran? Are there specialist doctors in Iran? How much is the price of eye surgery?&nbsp;</p>\n<p class=\"paragraph-medium paragraph-black template-p\">Yes, every operation related to the treatment of eye diseases is carried out in Iran. Specialized clinics and advanced hospitals in Iran perform surgery to treat all types of eye diseases. Iran utilizes the expertise of doctors who have studied at the best universities in the world and Iran.&nbsp;</p>\n<p class=\"paragraph-medium paragraph-black template-p\">MedtourIran company provides you with the best services and the best doctors to diagnose and treat eye diseases and can attend in its medical centers (some hospitals and clinics) in Tehran and Mashhad and Shiraz and follow up your health.</p>\n<h3 id=\"a19\" class=\"template-subtitle\">Some eye surgery prices in MedtorIran</h3>\n<p class=\"paragraph-medium paragraph-black template-p\">Cataract surgery cost&nbsp; with lens implant in Tehran is 1265 $ for both eyes.</p>\n<p class=\"paragraph-medium paragraph-black template-p\"><strong><a title=\"Affordable Price\" href=\"https://medtouriran.com/en/procedures/20/eye-care\" target=\"_blank\" rel=\"noopener\"><span style=\"color: #00ffff;\">Click here</span></a></strong> to book catatract surgery package in Tehran.</p>\n<p class=\"paragraph-medium paragraph-black template-p\">Cataract surgery cost with lens implant in Shiraz is 1200 $ for both eyes.</p>\n<p class=\"paragraph-medium paragraph-black template-p\"><a title=\"Affordable price\" href=\"https://medtouriran.com/en/procedures/20/eye-care\" target=\"_blank\" rel=\"noopener\"><span style=\"color: #00ffff;\"><strong>Click here</strong></span></a> to book catatract surgery package in Shiraz.</p>\n<p class=\"paragraph-medium paragraph-black template-p\">Cataract surgery cost with lens implant in Mashhad is 1265 $ for both eyes.</p>\n<p class=\"paragraph-medium paragraph-black template-p\"><a title=\"Affordable price\" href=\"https://medtouriran.com/en/procedures/20/eye-care\" target=\"_blank\" rel=\"noopener\"><span style=\"color: #00ffff;\"><strong>Click here</strong></span></a> to book catatract surgery package in Shiraz.</p>\n<p class=\"paragraph-medium paragraph-black template-p\">Lasik eye surgery cost in Tehran is 600$ per eye.</p>\n<p class=\"paragraph-medium paragraph-black template-p\"><a title=\"Affordable price\" href=\"https://medtouriran.com/en/procedures/20/eye-care\" target=\"_blank\" rel=\"noopener\"><span style=\"color: #00ffff;\"><strong>Click here</strong></span></a> to book Lasik eye surgery&nbsp;package in Tehran.</p>\n<p class=\"paragraph-medium paragraph-black template-p\">Lasik eye surgery cost in Shiraz is 550$ per eye.</p>\n<p class=\"paragraph-medium paragraph-black template-p\"><span style=\"color: #00ffff;\"><strong><a style=\"color: #00ffff;\" title=\"Affordable price\" href=\"https://medtouriran.com/en/procedures/20/eye-care\" target=\"_blank\" rel=\"noopener\">Click here</a></strong></span>&nbsp;to book Lasik eye surgery package in Shiraz.</p>\n<p class=\"paragraph-medium paragraph-black template-p\">Lasik eye surgery cost in Mashhad is 580$ per eye.</p>\n<p class=\"paragraph-medium paragraph-black template-p\"><a title=\"Affordable price\" href=\"https://medtouriran.com/en/procedures/20/eye-care\" target=\"_blank\" rel=\"noopener\"><span style=\"color: #00ffff;\"><strong>Click here</strong></span></a>&nbsp;to book Lasik eye surgery&nbsp;package in Mashhad.</p>\n<p class=\"paragraph-medium paragraph-black template-p\">&nbsp;</p>\n</div>','posts/November2019/E5PqFSgOVyVEJh5c0bFd.jpg','all-types-of-eye-diseases-and-their-treatment','','','PUBLISHED',0,'2019-11-13 08:02:25','2019-11-16 10:03:36','posts/November2019/w7VVsb3OgD4rXMHyM6z6.jpg'),(13,2,12,'Heart disease and treatment of heart disease in Iran','','In this article some types of common heart diseases and their treatments have been explained.','<div id=\"template-content\" class=\"mceTmpl\">\n<ul>\n<li><a href=\"#a1\">Heart</a></li>\n<li><a href=\"#a2\">Cardiology</a></li>\n<li><a href=\"#a3\">Heart disease and symptoms</a></li>\n<li><a href=\"#a4\">Vascular disease and symptoms</a></li>\n<li><a href=\"#a5\">Arrhythmias and symptoms</a></li>\n<li><a href=\"#a6\">Congenital heart defects and symptoms</a></li>\n<li><a href=\"#a7\">Heart infection and symptoms</a></li>\n<li><a href=\"#a8\">Heart valves diseases and symptoms</a></li>\n<li><a href=\"#a9\">Cardiac failure</a></li>\n<li><a href=\"#a10\">Treatment of heart disease in Iran</a></li>\n<li><a href=\"#a11\">Treatment of heart disease in MedTourIran</a></li>\n</ul>\n<p>&nbsp;</p>\n<p>What&rsquo;s the Heart? What&rsquo;s Cardiology? What&rsquo;s heart disease and what are Cardiology symptoms? Is the heart related to the arteries and the blood vessels and the nerves? Can heart disease be treated in Iran? We are here to answer these questions.</p>\n<h3 id=\"a1\" class=\"template-subtitle\">Heart</h3>\n<p class=\"paragraph-medium paragraph-black template-p\">&nbsp;The heart is an integral organ of the circulatory system and the process of pumping blood to all the organs of the body is done by the heart. The rib cage protects the heart and that&rsquo;s because of its importance inside the body and the survival of the human. The size of human heart is roughly a fist.</p>\n<p class=\"paragraph-medium paragraph-black template-p\">Blood vessels are systems that distributes blood in the body and this process is done through the systole of the heart to pump blood regularly. The heart has four chambers that work together to perform the heart function and pump the blood. These chambers are placed on the left and the right side. The right chambers include the unclean and deoxygenated blood, and the left chambers include clean blood and blood that contains oxygen.</p>\n<h3 id=\"a2\" class=\"template-subtitle\">Cardiology</h3>\n<p class=\"paragraph-medium paragraph-black template-p\">&nbsp;Cardiology is considered one of the branches of internal medicine and is concerned with the treatment of heart disease, health and circulatory system. The branch of Cardiology diagnoses diseases and the symptoms of them. A cardiologist is a specialist in this field. Cardiology includes the functions of some branches such as cardiology and arteries, interventional cardiology, heart and neurology, nuclear cardiology and other relevant cardiovascular issues.</p>\n<h3 id=\"a3\" class=\"template-subtitle\">Heart disease and symptoms</h3>\n<p class=\"paragraph-medium paragraph-black template-p\">What kind of diseases affect the heart? The heart is an organ consisted of different parts and its function is related to other organs. This is why the heart is regarded as one of the important organs in the body and it is necessary to know heart diseases in order to prevent or treat them. We give you some information about common heart diseases then we mention the disease and explain some information and symptoms of any heart disease such as shortness of breath, fatigue and chest pain, which are common among all heart diseases.</p>\n<h3 id=\"a4\" class=\"template-subtitle\">Vascular disease and symptoms</h3>\n<p class=\"paragraph-medium paragraph-black template-p\">The circulatory blood system consists of different vessels and multiple arteries. This system is concerned with the transfer of blood, which contains oxygen and this is done from the heart to the tissues and all organs of the body. Vascular disease stems from the adherence of cholesterol to the walls of the vessels and include narrowing or blockage of blood vessels. Vascular diseases are divided into many types and atherosclerosis is a factor that causes coronary heart disease, heart attack and angina.&nbsp;</p>\n<p class=\"paragraph-medium paragraph-black template-p\">Symptoms of vascular disease:</p>\n<p class=\"paragraph-medium paragraph-black template-p\">&nbsp;Chest pain and chest-tightness&nbsp;</p>\n<p class=\"paragraph-medium paragraph-black template-p\">&nbsp;Pain in the neck or throat or jaw</p>\n<p class=\"paragraph-medium paragraph-black template-p\">Shortness of breath</p>\n<p class=\"paragraph-medium paragraph-black template-p\">Feeling weakness or pain in the arms</p>\n<p class=\"paragraph-medium paragraph-black template-p\">Pain in the back or abdomen</p>\n<h3 id=\"a5\" class=\"template-subtitle\">Arrhythmias and symptoms</h3>\n<p class=\"paragraph-medium paragraph-black template-p\">The irregular heartbeat is regarded as one of the latest heart diseases that leads to poor blood circulation and is associated with the speed of heart rate. In this disease the heart beats either very slowly or very quickly. Arrhythmias occurs when the heart is confronted with some changes in the short circuit of the heart or in the electrical system related to the heart. The irregular heartbeat may lead to an increased risk of stroke and heart failure.</p>\n<p class=\"paragraph-medium paragraph-black template-p\">Symptoms of arrhythmias:</p>\n<p class=\"paragraph-medium paragraph-black template-p\">Difficulty breathing</p>\n<p class=\"paragraph-medium paragraph-black template-p\">Dizziness&nbsp;</p>\n<p class=\"paragraph-medium paragraph-black template-p\">&nbsp;Chest pain</p>\n<p class=\"paragraph-medium paragraph-black template-p\">Unconsciousness or Syncope&nbsp;</p>\n<p class=\"paragraph-medium paragraph-black template-p\">Fast or slow heartbeat</p>\n<h3 id=\"a6\" class=\"template-subtitle\">Congenital heart defects and symptoms</h3>\n<p class=\"paragraph-medium paragraph-black template-p\">Congenital heart defects or congenital heart disease is a disease exists in the body and heart since birth and is associated with defects of the heart structure and major vessels. This disease may lead to obstruction and delay blood flow in the heart or vessels. This disease may lead to obstruction and delay blood flow in the heart or vessels. When the heart is opposed to its non-formation in the body of the fetus, the baby is born with congenital heart disease and will face some minor or major problems that leads to hardship in life.</p>\n<p class=\"paragraph-medium paragraph-black template-p\">Symptoms of congenital heart disease:</p>\n<h3 id=\"a7\" class=\"template-subtitle\">Heart infection and symptoms</h3>\n<p class=\"paragraph-medium paragraph-black template-p\">&nbsp;Heart infection is a disease associated with myocardial infection and inflammation of the inner lining of the heart, which affects the inner membrane of the heart specifically the endocardium whose task is to find gaps between the valves and heart chambers.</p>\n<p class=\"paragraph-medium paragraph-black template-p\">Symptoms of heart infection:</p>\n<p class=\"paragraph-medium paragraph-black template-p\">&nbsp;Breathing difficulty&nbsp;</p>\n<p class=\"paragraph-medium paragraph-black template-p\">Fatigue</p>\n<p class=\"paragraph-medium paragraph-black template-p\">Weakness</p>\n<p class=\"paragraph-medium paragraph-black template-p\">High temperature and fever</p>\n<p class=\"paragraph-medium paragraph-black template-p\">Leg and abdomen swelling&nbsp;</p>\n<p class=\"paragraph-medium paragraph-black template-p\">Cough</p>\n<p class=\"paragraph-medium paragraph-black template-p\">&nbsp;Emergence of unfamiliar patches or rashes</p>\n<h3 id=\"a8\" class=\"template-subtitle\">Heart valves diseases and symptoms</h3>\n<p class=\"paragraph-medium paragraph-black template-p\">&nbsp;The process of blood flow inside the heart depends on the heart valves. The heart has four valves that perform this operation: aortic valve, mitral valve, pulmonary valve and tricuspid valve. Sometimes these valves have some defects called heart valve diseases which are narrowing of the valves, re-entry of blood into the heart and finding defects in the closure of the valves.</p>\n<p class=\"paragraph-medium paragraph-black template-p\">Symptoms of heart valves:</p>\n<p class=\"paragraph-medium paragraph-black template-p\">&nbsp;Breathing difficulty</p>\n<p class=\"paragraph-medium paragraph-black template-p\">chest pain</p>\n<p class=\"paragraph-medium paragraph-black template-p\">Fatigue</p>\n<p class=\"paragraph-medium paragraph-black template-p\">Fainting</p>\n<p class=\"paragraph-medium paragraph-black template-p\">Swollen feet or ankles</p>\n<h3 id=\"a9\" class=\"template-subtitle\">Cardiac failure</h3>\n<p class=\"paragraph-medium paragraph-black template-p\">&nbsp;Heart failure or congestive heart failure is a common heart disease. In this disease the heart is unable to pump enough blood to all organs of the body and this pumped blood contains oxygen which is regarded one of the most important factors in body functions. Some of the causes leading to heart failure are heart attack and high blood pressure or diabetes.</p>\n<p class=\"paragraph-medium paragraph-black template-p\">Heart disease treatment;&nbsp;</p>\n<p class=\"paragraph-medium paragraph-black template-p\">As we read there are many heart diseases and therefore, there are types of medicine and surgery to treat these diseases and because of the serious and crucial task the heart carries, we have to protect it and when we are faced with symptoms, we should visit a cardiologist and follow his prescription till we get full recovery.&nbsp;</p>\n<p class=\"paragraph-medium paragraph-black template-p\">Some medicine:</p>\n<p class=\"paragraph-medium paragraph-black template-p\">Drugs for lower cholesterol, clopidogrel, aspirin, warfarin, beta blockers and other drugs.</p>\n<p class=\"paragraph-medium paragraph-black template-p\">Some surgeries to treat heart disease:</p>\n<p class=\"paragraph-medium paragraph-black template-p\">Open heart surgery, heart transplantation, artificial heart transplantation, heart valve repair and replacement, atrial fibrillation, pacemaker implantation, angioplasty, cardiac catheterization and pericardial resection.</p>\n<h3 id=\"a10\" class=\"template-subtitle\">Treatment of heart disease in Iran</h3>\n<p class=\"paragraph-medium paragraph-black template-p\">&nbsp;Heart disease is treated with high quality in Iran. Iran has a large medical center where all types of surgeries are performed, including heart surgeries. Specialized doctors and advanced equipment in Iran and development in the field of heart surgery provide an opportunity for everyone to attend in Iran for heart disease treatment. The centers in Iran and their modern technologies help specialized cardiologists perform cardiac surgery with high quality. In Iran, there are a number of well-known hospitals in different cities that perform surgeries, and many Iranian and foreign patients are treated in these centers. It is worth mentioning that surgery operation prices, in comparison with other countries, are reasonable.</p>\n<h3 id=\"a11\" class=\"template-subtitle\">Treatment of heart disease in MedtourIran</h3>\n<p class=\"paragraph-medium paragraph-black template-p\">&nbsp;MedtourIran Company provides any health, diagnostic and therapeutic services including performing cardiac surgery in famous centers. These centers have the best doctors and provide the best services for patients suffering from heart disease and we have to say we serve you with very reasonable prices.</p>\n</div>','posts/November2019/bIZVLCMi5Bj21wn7zxeS.jpg','heart-disease-and-treatment-of-heart-disease-in-iran','','','PUBLISHED',0,'2019-11-16 09:46:46','2019-11-19 09:50:15','posts/November2019/6JfAxwHX5DXKmaJO8Yqb.jpg'),(14,2,12,'Hair transplant in Iran','Hair transplant in Iran','','<div class=\"template-img\"><img alt=\"\" /> <img alt=\"\" /> <img alt=\"\" /></div>\n<div class=\"template-img\">&nbsp;</div>','posts/November2019/WbygAiORluXv8TNSx8e9.jpg','hair-transplant-in-iran','Hair transplant in Iran- compare the hair transplant cost','Hair transplant in Iran, Hair transplant cost, Hair transplantation cost,','PUBLISHED',0,'2019-11-18 11:05:45','2019-11-26 08:42:34','posts/November2019/NbFsI0nszntaSPjLw59M.jpg'),(15,2,12,'Orthopedic surgery in IRAN','','','','posts/November2019/KfqKdNnbs3r9EyYyKKeT.jpg','orthopedic-surgery-in-iran','','','PUBLISHED',0,'2019-11-19 09:40:58','2019-11-19 09:47:41','posts/November2019/VEy7GvgOXzSIRsngqNce.jpg'),(16,2,12,'Rhinoplasty (nose job) in Iran- Compare prices of the rhinoplasty','Rhinoplasty (nose job) in Iran','','','posts/November2019/iVXPAtkZmJKqGIzDhb7D.png','rhinoplasty-nose-job-in-iran-compare-prices-of-the-rhinoplasty','Rhinoplasty (nose job) in Iran- Compare prices of the rhinoplasty','Rhinoplasty , nose job, Rhinoplasty cost, nose job cost','PUBLISHED',0,'2019-11-19 10:10:37','2019-11-26 07:57:23','posts/November2019/E6InrX1gumkYONWvIcT2.jpg'),(17,2,12,'Cosmetic Dentistry','','','<div id=\"template-content\" class=\"mceTmpl\">\n<ul>\n<li><a href=\"#a1\">Cosmetic dentistry</a></li>\n<li><a href=\"#a2\">Cosmetic dentistry in Iran</a></li>\n<li><a href=\"#a3\">Cosmetic dentistry in MedtourIran</a></li>\n<li><a href=\"#a4\">Cosmetic dentistry in short</a></li>\n<li><a href=\"#a5\">Are all of cosmetic dentistry surgeries done in Iran?</a></li>\n<li><a href=\"#a6\">Cosmetic dentistry costs in Iran</a></li>\n<li><a href=\"#a7\">Cosmetic dentistry costs in MedtourIran</a></li>\n</ul>\n<h3 id=\"a1\" class=\"template-subtitle\">Cosmetic dentistry</h3>\n<p class=\"paragraph-medium paragraph-black template-p\">What is Cosmetic Dentistry? Do we need cosmetic dentistry? When do we need cosmetic dentistry? Does this process need medical specialty? How much are the costs of cosmetic dentistry and what are the types of cosmetic dentistry? Can we get Hollywood smile? Do these questions come to your mind? Do you think about it in front of the mirror? Do you need really cosmetic dentistry?</p>\n<p class=\"paragraph-medium paragraph-black template-p\">In this article we answer all your questions about cosmetic dentistry and dental surgery , be with us...</p>\n<p class=\"paragraph-medium paragraph-black template-p\">Tooth is considered a beauty factor in the face and has a prominent role in this regard. Lately, we notice people care about their teeth from both medical and aesthetic aspect, and as a result of this care, cosmetic dentistry is developed to answer the demand of people therefore, today we see many clinics and doctors are specialized in this field.</p>\n<p class=\"paragraph-medium paragraph-black template-p\">The cosmetic dentistry operation improves medical and aesthetic dental problems and has different types which we mention to in this article.</p>\n<h3 id=\"a2\" class=\"template-subtitle\">Cosmetic Dentistry in Iran</h3>\n<p class=\"paragraph-medium paragraph-black template-p\">As we see todays, cosmetic dentistry is regarded one of the most important branches of medicine. The task of this branch is to modify and correct aesthetic defects related to the teeth, jaws and mouth that need a dental cosmetic process. The cosmetic dentistry procedure is carried out with modern techniques and special equipment that help to correct the defects of teeth, mouth and jaws.</p>\n<p class=\"paragraph-medium paragraph-black template-p\">Cosmetic Dentistry in Iran:</p>\n<p class=\"paragraph-medium paragraph-black template-p\">Why cosmetic surgery in Iran? It can be said that Iran is one of the countries where the process of cosmetic surgery, with high quality and at a high level is performed and this is based on several reasons we will refer to them.&nbsp;</p>\n<p class=\"paragraph-medium paragraph-black template-p\">Aesthetic dentistry with high quality needs specialized doctors and expertise as well as modern tools and techniques related to cosmetic dentistry operation. Interestingly, we recently notice the development of cosmetic dentistry in Iran and the desire of Iranians and foreigners to perform this operation in Iran. The experience of Iranian doctors in this field in general and in the branch of dentistry and cosmetic dentistry in particular, makes people visit these clinics. Undoubtedly, this advantage alone cannot fulfill the task and require modern equipment and the experience of doctors. We have all these features in Iran and its cities in which cosmetic dentistry is performed such as Tehran, Mashhad and Shiraz. Other features that makes Iran a destination for cosmetic dentistry are its beautiful nature and good services, which provide interesting and pleasant tourism.</p>\n<h3 id=\"a3\" class=\"template-subtitle\">Cosmetic dentistry in MedtourIran</h3>\n<p class=\"paragraph-medium paragraph-black template-p\">What do we do after choosing Iran to perform a cosmetic surgery? Where shall we go for residence and treatment? Who is the best doctor? Which city is suitable for treatment?</p>\n<p class=\"paragraph-medium paragraph-black template-p\">Yes, all these questions are very important, and for this we serve you in MedtourIran for medical and cosmetic operations from A to Z, as we noted on our website: (MedtourIran provides qualified and affordable services for medical tourism in Iran. Our job is to provide an unforgettable service for therapeutic tourists, our motto is: one click to health)&nbsp;</p>\n<p class=\"paragraph-medium paragraph-black template-p\">At MedtourIran, we book your flight and hotel and provide you with a doctor\'s visit in Tehran, Mashhad or Shiraz. Besides that, we provide you with interpreter and private car with best services and reasonable prices to serve you in medical tourism. We will refer to our prices in this article and you will be interested in affordable prices and good services.</p>\n<h3 id=\"a4\" class=\"template-subtitle\">Cosmetic dentistry in short</h3>\n<p class=\"paragraph-medium paragraph-black template-p\">What are the types of cosmetic dentistry? Which surgery is a cosmetic surgery? In brief, here we explain types of cosmetic dentistry so that you get familiar with the various types of this operation.</p>\n<p><strong>Teeth Whitening :</strong>As the name indicates, it is related to the color of the teeth. Teeth whitening is one of the operations in which people lighten and whiten their teeth and remove tooth stains. This process affects the betterment of the face appearance directly.</p>\n<p><strong>Orthodontics :</strong>In Orthodontics, teeth are tightly pressed making them move to their proper place. This process influences the improvement of the teeth working and appearance and is beneficial to the improvement of oral organs such as gums, teeth and jaws. There are different types of orthodontics: mobile, fixed, preventive and cosmetic orthodontics.</p>\n<p><strong>Teeth Cleaning </strong>Teeth cleaning is considered a kind of cosmetic surgery and has different methods. It is understandable from the name that it is concerned with polishing and cleaning teeth and also removing the tartar between the teeth. Types of teeth cleaning are:</p>\n<ul class=\"template-ul\">\n<li>Teeth cleaning at the doctor</li>\n<li>Teeth brushing in natural ways</li>\n<li>Flossing</li>\n<li>Brushing and toothpaste</li>\n</ul>\n<p><strong>Dental Implant :</strong>Dental implant procedure is a recent development in dentistry. How is dental implant procedure performed? This process relies on replacing the root of the tooth with a metal post and an artificial tooth replacing the broken and the missing teeth. The artificial teeth look and act just like real ones. It is necessary for the applicant to have certain characteristic to do this surgery.</p>\n<p><strong>Endodontics :</strong>When the process of filling the teeth is performed? The tooth is affected with some diseases such as tooth decay and cavities and cracks or teeth breaks, as a result in this case a person faces a dental problem and the solution is filling the teeth. In this process, the doctor removes the decayed part and stuffs it with fillers which include different types.&nbsp;</p>\n<p><strong>Teeth Combination :</strong>What is the difference between dental implant and teeth combination? Dental implant, as mentioned above, deals with both root and tooth replacement. But what is teeth combination? In this process, the root of the natural tooth is not removed. The operation involves implantation of screw in place of the removed tooth and it is only around the outer tooth layer.</p>\n<p><strong>Oral and Maxillofacial Surgery :</strong>Maxillofacial surgery is a medical specialty and is performed by a dentist. This process is concerned with the diagnosis, prevention, treatment and recovery of dental, oral and cavity diseases.</p>\n<p><strong>Laser Dentistry :</strong>The laser or light energy is used frequently in these days and as we can see it has a significant role in many medical fields among which is cosmetic dentistry. It is utilized to treat gum disease, tooth decay, teeth whitening and removal of tumors. The laser has pros as well as cons. Among the advantages of the laser is that it is painless, noiseless and result in a less bleeding operation while the disadvantages are high cost, the need for anesthesia, and it is not used for fully decayed teeth and for teeth that have been stuffed in the past.</p>\n<p><strong>Hollywood smile: </strong>What is Hollywood Smile? The term Hollywood smile reflects the beauty and appearance of teeth, which means consistent, glossy and white teeth. It is named so because of its relativity to famous Hollywood actors and their good smile and beautiful appearance of their teeth.</p>\n<p>How do we get to Hollywood smile? Thin crusts are designed to every single person depending on the color, shape, length and the size of a person\'s teeth and put by the doctors on the front teeth. This operation aims at the improvement of teeth shape and teeth whitening, because these crusts are made of materials that do not change color and resist against stains.</p>\n<h3 id=\"a5\" class=\"template-subtitle\">Are all of cosmetic dentistry surgeries done in Iran?</h3>\n<p class=\"paragraph-medium paragraph-black template-p\">Cosmetic surgery is done comprehensively in Iran. There are medical centers to carry out all types of cosmetic dentistry in Iran. These centers have specialized doctors and modern techniques with sophisticated equipment and we see these developments is increasing every day.</p>\n<h3 id=\"a6\" class=\"template-subtitle\">Cosmetic dentistry costs in Iran</h3>\n<p>The cost of dentistry and different dental procedures are different depending on the type of treatment and surgery. In general, the cost of cosmetic dentistry is: A Hollywood smile in Iran costs 300 $ at least for one tooth The price of a teeth combination in Iran (makeup) is 89 $ at least for one tooth The cost of dental implants in Iran starting from 450 $.</p>\n<h3 id=\"a7\" class=\"template-subtitle\">Cosmetic dentistry costs in MedtourIran</h3>\n<p class=\"paragraph-medium paragraph-black template-p\">You can search for cosmetic dentistry prices in the world, Iran and MedtourIran. After a short while you will notice that MedtourIran prices are the most suitable due to its good services and skilled doctors.In MedtourIran we serve you with the best services. We refer to some of our dental procedures at MedtourIran.</p>\n<p class=\"paragraph-medium paragraph-black template-p\">&nbsp;Hollywood smile in Tehran: $100 <strong><span style=\"color: #00ffff;\"><a style=\"color: #00ffff; text-decoration: underline;\" title=\"Affordable price\" href=\"https://medtouriran.com/en/packages/13/hollywood-smile\" target=\"_blank\" rel=\"noopener\">Book Now</a></span></strong></p>\n<p class=\"paragraph-medium paragraph-black template-p\">&nbsp;Hollywood smile in Mashhad: $119 <span style=\"color: #00ffff;\"><a style=\"color: #00ffff;\" title=\"Affordable price\" href=\"https://medtouriran.com/en/packages/13/hollywood-smile\" target=\"_blank\" rel=\"noopener\"><strong>Book Now</strong></a></span></p>\n<p class=\"paragraph-medium paragraph-black template-p\">&nbsp;Dental implant in Tehran: $497 <span style=\"color: #00ffff;\"><strong><a style=\"color: #00ffff; text-decoration: underline;\" title=\"Affordable price\" href=\"https://medtouriran.com/en/packages/3/dental-implant\" target=\"_blank\" rel=\"noopener\">Book Now</a></strong></span></p>\n<p class=\"paragraph-medium paragraph-black template-p\">&nbsp;Dental implants in Mashhad:$450 <span style=\"color: #00ffff;\"><a style=\"color: #00ffff;\" title=\"Affordable price\" href=\"https://medtouriran.com/en/packages/3/dental-implant\" target=\"_blank\" rel=\"noopener\"><strong>Book Now</strong></a></span></p>\n</div>','posts/November2019/KNT7E2aOXblCOU8Ix5H4.png','cosmetic-dentistry','','','PUBLISHED',0,'2019-11-20 06:32:48','2019-11-23 14:21:00','posts/November2019/Qu4kSFbF0JjNGSsj8Wwd.jpg'),(18,2,12,'Ear cosmetic surgery','','','','posts/November2019/E5i5oaumzcyXbE3clUlI.png','ear-cosmetic-surgery','','','PUBLISHED',0,'2019-11-20 08:43:56','2019-11-23 14:06:04','posts/November2019/paAl3ttNQ45LgZoUWyDF.jpg'),(19,2,12,'Breast cosmetic surgery','','','','posts/November2019/pPqfNHu5BrS9510DDs78.png','breast-cosmetic-surgery','','','PUBLISHED',0,'2019-11-20 11:48:45','2019-11-23 14:01:17',NULL);
/*!40000 ALTER TABLE `posts` ENABLE KEYS */;
UNLOCK TABLES;

--
-- Table structure for table `requests`
--

DROP TABLE IF EXISTS `requests`;
/*!40101 SET @saved_cs_client     = @@character_set_client */;
/*!40101 SET character_set_client = utf8 */;
CREATE TABLE `requests` (
  `id` int(10) unsigned NOT NULL AUTO_INCREMENT,
  `first_name` varchar(191) COLLATE utf8mb4_unicode_ci DEFAULT NULL,
  `last_name` varchar(191) COLLATE utf8mb4_unicode_ci DEFAULT NULL,
  `country_code` varchar(191) COLLATE utf8mb4_unicode_ci DEFAULT NULL,
  `phone` varchar(191) COLLATE utf8mb4_unicode_ci DEFAULT NULL,
  `email` varchar(255) COLLATE utf8mb4_unicode_ci DEFAULT NULL,
  `category_id` int(10) unsigned DEFAULT NULL,
  `created_at` timestamp NULL DEFAULT NULL,
  `updated_at` timestamp NULL DEFAULT NULL,
  `message` text COLLATE utf8mb4_unicode_ci,
  `doctor_id` int(10) unsigned DEFAULT NULL,
  `date` varchar(255) COLLATE utf8mb4_unicode_ci DEFAULT NULL,
  `package_id` int(10) unsigned DEFAULT NULL,
  PRIMARY KEY (`id`)
) ENGINE=InnoDB AUTO_INCREMENT=70 DEFAULT CHARSET=utf8mb4 COLLATE=utf8mb4_unicode_ci;
/*!40101 SET character_set_client = @saved_cs_client */;

--
-- Dumping data for table `requests`
--

LOCK TABLES `requests` WRITE;
/*!40000 ALTER TABLE `requests` DISABLE KEYS */;
INSERT INTO `requests` VALUES (49,'Lucas',NULL,'United States','Lucas Weber','United States',NULL,'2019-09-23 18:12:06','2019-09-23 18:12:06','Good Day,\r\n\r\nLucas Weber Here from World Class Solutions, wondering \r\ncan we publish your blog post over here? We are looking to \r\npublish new content and would love to hear about any new products,\r\nor new subjects regarding your website here at medtouriran.com .\r\n\r\nYou can submit your post directly to us here:\r\n\r\nwww.worldclass-solutions.space\r\n\r\nGenerally, it can be any general article with a minimum of 500 words, and the more words, the better.\r\n\r\nPlease let me know,\r\nCheers\r\nLucas',NULL,NULL,NULL),(50,'Косц https://medtouriran.com/en 1',NULL,'Косц https://medtouriran.com/en 1','111111','valerie.kucher@mail.ru',NULL,'2019-10-08 19:37:48','2019-10-08 19:37:48','Косц https://medtouriran.com/en 1',NULL,NULL,NULL),(51,'Daria',NULL,'Russia','+79139440225',NULL,NULL,'2019-10-09 10:33:58','2019-10-09 10:33:58',NULL,NULL,NULL,NULL),(54,'Eric',NULL,'USA','Eric','USA',NULL,'2019-10-13 11:27:13','2019-10-13 11:27:13','Hello medtouriran.com,\r\n\r\nPeople ask, “why does TalkWithCustomer work so well?”\r\n\r\nIt’s simple.\r\n\r\nTalkWithCustomer enables you to connect with a prospective customer at EXACTLY the Perfect Time.\r\n\r\n- NOT one week, two weeks, three weeks after they’ve checked out your website medtouriran.com.\r\n- NOT with a form letter style email that looks like it was written by a bot.\r\n- NOT with a robocall that could come at any time out of the blue.\r\n\r\nTalkWithCustomer connects you to that person within seconds of THEM asking to hear from YOU.\r\n\r\nThey kick off the conversation.\r\n\r\nThey take that first step.\r\n\r\nThey ask to hear from you regarding what you have to offer and how it can make their life better. \r\n\r\nAnd it happens almost immediately. In real time. While they’re still looking over your website medtouriran.com, trying to make up their mind whether you are right for them.\r\n\r\nWhen you connect with them at that very moment it’s the ultimate in Perfect Timing – as one famous marketer put it, “you’re entering the conversation already going on in their mind.”\r\n\r\nYou can’t find a better opportunity than that.\r\n\r\nAnd you can’t find an easier way to seize that chance than TalkWithCustomer. \r\n\r\nCLICK HERE http://www.talkwithcustomer.com now to take a free, 14-day test drive and see what a difference “Perfect Timing” can make to your business.\r\n\r\nSincerely,\r\nEric\r\n\r\nPS:  If you’re wondering whether NOW is the perfect time to try TalkWithCustomer, ask yourself this:\r\n“Will doing what I’m already doing now produce up to 100X more leads?”\r\nBecause those are the kinds of results we know TalkWithCustomer can deliver.  \r\nIt shouldn’t even be a question, especially since it will cost you ZERO to give it a try. \r\nCLICK HERE http://www.talkwithcustomer.com to start your free 14-day test drive today.\r\n\r\nIf you\'d like to unsubscribe click here http://liveserveronline.com/talkwithcustomer.aspx?d=medtouriran.com',NULL,NULL,NULL),(55,'masoud akbarian',NULL,'emirate','09121054433','masoudakbarian20@gmail.com',NULL,'2019-10-14 09:52:38','2019-10-14 09:52:38',NULL,NULL,NULL,32),(56,'Unknown',NULL,'C','0000000000','Sdgolshan@gmail.com',NULL,'2019-10-18 03:04:52','2019-10-18 03:04:52','I am looking to get cosmetic surgery in Tehran. Can you reference the best surgeon specializing in cosmetic- particularly breast. \r\nThank you.',NULL,NULL,NULL),(61,'Eric',NULL,'US','416-385-3200','US',NULL,'2019-10-25 20:05:55','2019-10-25 20:05:55','Hey,\r\n\r\nYou have a website medtouriran.com, right?\r\n\r\nOf course you do. I am looking at your website now.\r\n\r\nIt gets traffic every day – that you’re probably spending $2 / $4 / $10 or more a click to get.  Not including all of the work you put into creating social media, videos, blog posts, emails, and so on.\r\n\r\nSo you’re investing seriously in getting people to that site.\r\n\r\nBut how’s it working?  Great? Okay?  Not so much?\r\n\r\nIf that answer could be better, then it’s likely you’re putting a lot of time, effort, and money into an approach that’s not paying off like it should.\r\n\r\nNow… imagine doubling your lead conversion in just minutes… In fact, I’ll go even better.\r\n \r\nYou could actually get up to 100X more conversions!\r\n\r\nI’m not making this up.  As Chris Smith, best-selling author of The Conversion Code says: Speed is essential - there is a 100x decrease in Leads when a Lead is contacted within 14 minutes vs being contacted within 5 minutes.\r\n\r\nHe’s backed up by a study at MIT that found the odds of contacting a lead will increase by 100 times if attempted in 5 minutes or less.\r\n\r\nAgain, out of the 100s of visitors to your website, how many actually call to become clients?\r\n\r\nWell, you can significantly increase the number of calls you get – with ZERO extra effort.\r\n\r\nTalkWithCustomer makes it easy, simple, and fast – in fact, you can start getting more calls today… and at absolutely no charge to you.\r\n\r\nCLICK HERE http://www.talkwithcustomer.com now to take a free, 14-day test drive to find out how.\r\n\r\nSincerely,\r\nEric\r\n\r\nPS: Don’t just take my word for it, TalkWithCustomer works:\r\nEMA has been looking for ways to reach out to an audience. TalkWithCustomer so far is the most direct call of action. It has produced above average closing ratios and we are thrilled. Thank you for providing a real and effective tool to generate REAL leads. - P MontesDeOca.\r\nBest of all, act now to get a no-cost 14-Day Test Drive – our gift to you just for giving TalkWithCustomer a try. \r\nCLICK HERE http://www.talkwithcustomer.com to start converting up to 100X more leads today!\r\n\r\nIf you\'d like to unsubscribe click here http://liveserveronline.com/talkwithcustomer.aspx?d=medtouriran.com',NULL,NULL,NULL),(62,'kate',NULL,'us','+14553366728','kate@gmail.com',NULL,'2019-11-13 07:03:01','2019-11-13 07:03:01',NULL,NULL,NULL,42),(63,'BPlKLTveubdVQWjN',NULL,'zAZlHvCFUQqa','9118557954','simsjohn649@gmail.com',NULL,'2019-11-14 17:20:46','2019-11-14 17:20:46','ItwEjgrnkmZ',NULL,NULL,NULL),(64,'hGIPSeOyLo',NULL,'lvpSfiFThXo','9261837533','simsjohn649@gmail.com',NULL,'2019-11-14 17:20:49','2019-11-14 17:20:49','hPKkDSQqHopwFm',NULL,NULL,NULL),(65,'itoZBEVLCxb',NULL,'dYTVsyGXnlwpJuQh','4311560767','simsjohn649@gmail.com',NULL,'2019-11-14 17:21:02','2019-11-14 17:21:02','oHQSgebyIVFarB',NULL,NULL,NULL),(66,'HKntfFwGoTUcZvWQ',NULL,'FrwqpdSsHUBX','7148447251','simsjohn649@gmail.com',NULL,'2019-11-14 17:21:03','2019-11-14 17:21:03','IFSmUjWChBHTwbP',NULL,NULL,NULL),(67,'jBpZiVeNJTRcXG',NULL,'fxHbBWonP','6056240254','simsjohn649@gmail.com',NULL,'2019-11-14 17:21:14','2019-11-14 17:21:14','jIyxBmNAfYzLtsFU',NULL,NULL,NULL),(68,'UCAZIysXe',NULL,'GTzFbxWmChdI','5944821175','simsjohn649@gmail.com',NULL,'2019-11-14 17:21:29','2019-11-14 17:21:29','pbGfvIRaHFN',NULL,NULL,NULL),(69,'masoud',NULL,'uae','+989120000000','mamad@gma.com',NULL,'2019-11-16 11:41:24','2019-11-16 11:41:24',NULL,NULL,NULL,27);
/*!40000 ALTER TABLE `requests` ENABLE KEYS */;
UNLOCK TABLES;

--
-- Table structure for table `reviews`
--

DROP TABLE IF EXISTS `reviews`;
/*!40101 SET @saved_cs_client     = @@character_set_client */;
/*!40101 SET character_set_client = utf8 */;
CREATE TABLE `reviews` (
  `id` int(10) unsigned NOT NULL AUTO_INCREMENT,
  `name` varchar(255) COLLATE utf8mb4_unicode_ci NOT NULL,
  `email` varchar(255) COLLATE utf8mb4_unicode_ci NOT NULL,
  `comment` mediumtext COLLATE utf8mb4_unicode_ci,
  `reviewable_id` int(11) DEFAULT NULL,
  `reviewable_type` varchar(255) COLLATE utf8mb4_unicode_ci DEFAULT NULL,
  `locale` varchar(255) COLLATE utf8mb4_unicode_ci DEFAULT NULL,
  `active` tinyint(4) DEFAULT '0',
  `created_at` timestamp NULL DEFAULT NULL,
  `updated_at` timestamp NULL DEFAULT NULL,
  PRIMARY KEY (`id`)
) ENGINE=InnoDB AUTO_INCREMENT=9 DEFAULT CHARSET=utf8mb4 COLLATE=utf8mb4_unicode_ci;
/*!40101 SET character_set_client = @saved_cs_client */;

--
-- Dumping data for table `reviews`
--

LOCK TABLES `reviews` WRITE;
/*!40000 ALTER TABLE `reviews` DISABLE KEYS */;
INSERT INTO `reviews` VALUES (2,'Masoud Reyhanian','mrhn2005@gmail.com','tes fdf fdsf df',7,'App\\Models\\Post','en',0,'2019-07-05 12:25:52','2019-07-05 12:25:52'),(3,'Masoud Reyhanian','mrhn2005@gmail.com','df fdsf fsd dsf',1,'App\\Models\\Hotel','en',0,'2019-07-05 13:19:10','2019-07-05 13:19:10'),(4,'Mohammad Nikooei','mecheng1390@yahoo.com','scscs',13,'App\\Models\\Package','en',0,'2019-09-08 05:56:21','2019-09-08 05:56:21'),(5,'lxoqrSGROze','simsjohn649@gmail.com','GSbVeqDJvC',9,'App\\Models\\Post','en',0,'2019-11-14 17:21:52','2019-11-14 17:21:52'),(6,'gBtTfRCzbOcK','simsjohn649@gmail.com','rGklXvHsQT',9,'App\\Models\\Post','en',0,'2019-11-14 17:21:55','2019-11-14 17:21:55'),(7,'xyZgiVSc','simsjohn649@gmail.com','MIzAZSXn',12,'App\\Models\\Post','ar',0,'2019-11-14 17:22:04','2019-11-14 17:22:04'),(8,'WvkhBzsUwPFIiMo','simsjohn649@gmail.com','GCdesFlcyTV',12,'App\\Models\\Post','ar',0,'2019-11-14 17:22:06','2019-11-14 17:22:06');
/*!40000 ALTER TABLE `reviews` ENABLE KEYS */;
UNLOCK TABLES;

--
-- Table structure for table `roles`
--

DROP TABLE IF EXISTS `roles`;
/*!40101 SET @saved_cs_client     = @@character_set_client */;
/*!40101 SET character_set_client = utf8 */;
CREATE TABLE `roles` (
  `id` int(10) unsigned NOT NULL AUTO_INCREMENT,
  `name` varchar(191) COLLATE utf8mb4_unicode_ci NOT NULL,
  `display_name` varchar(191) COLLATE utf8mb4_unicode_ci NOT NULL,
  `created_at` timestamp NULL DEFAULT NULL,
  `updated_at` timestamp NULL DEFAULT NULL,
  PRIMARY KEY (`id`),
  UNIQUE KEY `roles_name_unique` (`name`)
) ENGINE=InnoDB AUTO_INCREMENT=4 DEFAULT CHARSET=utf8mb4 COLLATE=utf8mb4_unicode_ci;
/*!40101 SET character_set_client = @saved_cs_client */;

--
-- Dumping data for table `roles`
--

LOCK TABLES `roles` WRITE;
/*!40000 ALTER TABLE `roles` DISABLE KEYS */;
INSERT INTO `roles` VALUES (1,'admin','Administrator','2018-12-15 19:38:01','2018-12-15 19:38:01'),(2,'user','Normal User','2018-12-15 19:38:01','2018-12-15 19:38:01'),(3,'Owner','Owner','2019-01-11 21:23:23','2019-01-22 12:38:01');
/*!40000 ALTER TABLE `roles` ENABLE KEYS */;
UNLOCK TABLES;

--
-- Table structure for table `settings`
--

DROP TABLE IF EXISTS `settings`;
/*!40101 SET @saved_cs_client     = @@character_set_client */;
/*!40101 SET character_set_client = utf8 */;
CREATE TABLE `settings` (
  `id` int(10) unsigned NOT NULL AUTO_INCREMENT,
  `key` varchar(191) COLLATE utf8mb4_unicode_ci DEFAULT NULL,
  `display_name` varchar(191) COLLATE utf8mb4_unicode_ci NOT NULL,
  `value` text COLLATE utf8mb4_unicode_ci,
  `details` text COLLATE utf8mb4_unicode_ci,
  `type` varchar(191) COLLATE utf8mb4_unicode_ci NOT NULL,
  `order` int(11) NOT NULL DEFAULT '1',
  `group` varchar(191) COLLATE utf8mb4_unicode_ci DEFAULT NULL,
  PRIMARY KEY (`id`),
  UNIQUE KEY `settings_key_unique` (`key`)
) ENGINE=InnoDB AUTO_INCREMENT=28 DEFAULT CHARSET=utf8mb4 COLLATE=utf8mb4_unicode_ci;
/*!40101 SET character_set_client = @saved_cs_client */;

--
-- Dumping data for table `settings`
--

LOCK TABLES `settings` WRITE;
/*!40000 ALTER TABLE `settings` DISABLE KEYS */;
INSERT INTO `settings` VALUES (1,'en.title','Site Title','MedtourIran: A professional medical tourism provider in Iran','','text',1,'en'),(2,'site.description','Site Description','Site Description','','text',2,'Site'),(3,'site.logo','Site Logo','settings/April2019/k2SzAl0n9xMM3vicCOz8.png','','image',3,'Site'),(4,'site.google_analytics_tracking_id','Google Analytics Tracking ID','294562765821-01uuigrki9rdgps5m3n87cgh5b5fq7co.apps.googleusercontent.com','','text',4,'Site'),(5,'admin.bg_image','Admin Background Image','','','image',5,'Admin'),(6,'site.title','Admin Title','medtouriran','','text',1,'Site'),(7,'admin.description','Admin Description','MedTourIran','','text',2,'Admin'),(8,'admin.loader','Admin Loader','','','image',3,'Admin'),(9,'admin.icon_image','Admin Icon Image','settings/August2019/mloPoR1RsiYfXREEv4md.png','','image',4,'Admin'),(10,'admin.google_analytics_client_id','Google Analytics Client ID (used for admin dashboard)','655244161638-vep0p6a9to8qjvtvuk20b516oqradidp.apps.googleusercontent.com','','text',1,'Admin'),(11,'ar.title','Arabic Title','مدتورایران: مزود السياحة الطبية المهنية في إيران',NULL,'text',13,'ar'),(12,'en.phone','Phone Number','+982166166320',NULL,'text',7,'en'),(13,'site.email','Email','info@medtouriran.com',NULL,'text',8,'Site'),(15,'site.menu_font','Menu font size','12',NULL,'text',9,'Site'),(16,'en.about','About footer','MedtourIran provides the qualified and affordable services for medical tourists in Iran. Our mission is to provide a memorable service to medical tourists, and our slogan is: One Click to Health.',NULL,'text_area',10,'en'),(17,'ar.about','About footer','مدتورایران توفر الخدمات المؤهلة وبأسعار معقولة للسياحة الطبية في إيران. مهمتنا هي توفير خدمة لا تنسى للسياح العلاجيين ، وشعارنا هو: نقرة واحدة الى الصحة.',NULL,'text_area',11,'ar'),(18,'en.address','Address','Main office:  Tehran, Sharif Technology Services Complex,Sharif University of Technology\r\n\r\n            Mashhad office: Mashhad, Imam Khomeini 14 Street, Mirage 6/1, House No. 146/1, Second floor ( Tel-Mashhad office: +98 902 500 9799)\r\n\r\n             Shiraz office: Shiraz, Eram st, House No. 24/1, First floor,',NULL,'text_area',12,'en'),(19,'ar.address','Address','طهران ، جامعة شريف للتكنولوجيا، خدمات تكنولوجيا متكاملة',NULL,'text_area',14,'ar'),(22,'ar.phone','Phone number','+9821 6616 6320',NULL,'text',11,'ar'),(23,'site.phone','phone','+98-912-024-6319',NULL,'text',15,'Site'),(24,'site.site_video','video','jzxqFjPYdhs',NULL,'text',16,'Site'),(25,'en.meta_desc','Meta description','MedtourIran provides the qualified and affordable services for medical tourists in Iran. Our mission is to provide a memorable service to medical tourists, and our slogan is: One Click to Health.',NULL,'text_area',17,'en'),(26,'ar.meta_desc','Meta description','مدتورایران توفر الخدمات المؤهلة وبأسعار معقولة للسياحة الطبية في إيران. مهمتنا هي توفير خدمة لا تنسى للسياح العلاجيين ، وشعارنا هو: نقرة واحدة الى الصحة.',NULL,'text_area',18,'ar'),(27,'ku.title','Kurdish title','MedtourIran: A professional medical tourism provider in Iran',NULL,'text',19,'ku');
/*!40000 ALTER TABLE `settings` ENABLE KEYS */;
UNLOCK TABLES;

--
-- Table structure for table `socials`
--

DROP TABLE IF EXISTS `socials`;
/*!40101 SET @saved_cs_client     = @@character_set_client */;
/*!40101 SET character_set_client = utf8 */;
CREATE TABLE `socials` (
  `id` int(10) unsigned NOT NULL AUTO_INCREMENT,
  `title` varchar(255) COLLATE utf8mb4_unicode_ci DEFAULT NULL,
  `icon` varchar(255) COLLATE utf8mb4_unicode_ci NOT NULL,
  `link` varchar(255) COLLATE utf8mb4_unicode_ci DEFAULT NULL,
  `order` int(10) unsigned DEFAULT NULL,
  `created_at` timestamp NULL DEFAULT NULL,
  `updated_at` timestamp NULL DEFAULT NULL,
  PRIMARY KEY (`id`)
) ENGINE=InnoDB AUTO_INCREMENT=6 DEFAULT CHARSET=utf8mb4 COLLATE=utf8mb4_unicode_ci;
/*!40101 SET character_set_client = @saved_cs_client */;

--
-- Dumping data for table `socials`
--

LOCK TABLES `socials` WRITE;
/*!40000 ALTER TABLE `socials` DISABLE KEYS */;
INSERT INTO `socials` VALUES (1,'Facebook','fab fa-facebook-f','https://www.facebook.com/MedtourIran',1,'2019-01-04 08:42:02','2019-09-20 14:00:40'),(2,'Youtube','fab fa-youtube','https://www.youtube.com/channel/UCPNFj1yPGM2qehDfqPVR0bg',2,'2019-01-04 08:43:52','2019-09-20 13:58:24'),(3,'Twitter','fab fa-twitter','https://twitter.com/Medtouriran',3,'2019-01-04 08:44:42','2019-09-20 13:59:09'),(4,'Pinterest','fab fa-pinterest','https://www.pinterest.com/medtouriran/',4,'2019-01-04 08:46:07','2019-09-20 13:59:23'),(5,'Instagram','fab fa-instagram','https://www.instagram.com/medtouriran.arabic/',1,'2019-01-04 08:47:30','2019-09-20 13:59:34');
/*!40000 ALTER TABLE `socials` ENABLE KEYS */;
UNLOCK TABLES;

--
-- Table structure for table `subscribers`
--

DROP TABLE IF EXISTS `subscribers`;
/*!40101 SET @saved_cs_client     = @@character_set_client */;
/*!40101 SET character_set_client = utf8 */;
CREATE TABLE `subscribers` (
  `id` int(10) unsigned NOT NULL AUTO_INCREMENT,
  `email` varchar(255) COLLATE utf8mb4_unicode_ci NOT NULL,
  `created_at` timestamp NULL DEFAULT NULL,
  `updated_at` timestamp NULL DEFAULT NULL,
  PRIMARY KEY (`id`)
) ENGINE=InnoDB AUTO_INCREMENT=84 DEFAULT CHARSET=utf8mb4 COLLATE=utf8mb4_unicode_ci;
/*!40101 SET character_set_client = @saved_cs_client */;

--
-- Dumping data for table `subscribers`
--

LOCK TABLES `subscribers` WRITE;
/*!40000 ALTER TABLE `subscribers` DISABLE KEYS */;
INSERT INTO `subscribers` VALUES (1,'mrhn2005@gmail.com','2019-07-07 15:13:08','2019-07-07 15:13:08'),(2,'sabine1959@gmx.at','2019-09-18 14:04:44','2019-09-18 14:04:44'),(3,'joe.omorodion@btinternet.com','2019-09-20 03:49:37','2019-09-20 03:49:37'),(4,'mrace760@aol.com','2019-09-20 05:45:46','2019-09-20 05:45:46'),(5,'taeviskolz@gmail.com','2019-09-20 11:12:42','2019-09-20 11:12:42'),(6,'dennis@imagesnstone.com','2019-09-20 21:01:56','2019-09-20 21:01:56'),(7,'paypal@pinternet.ro','2019-09-21 01:22:12','2019-09-21 01:22:12'),(8,'abrownmedf@charter.net','2019-09-21 05:05:24','2019-09-21 05:05:24'),(9,'paypal@pinternet.ro','2019-09-21 07:22:04','2019-09-21 07:22:04'),(10,'brenda@plazamanagementny.com','2019-09-21 08:04:41','2019-09-21 08:04:41'),(11,'adam@paverdecor.com','2019-09-21 19:45:45','2019-09-21 19:45:45'),(12,'twinbaileye@gmail.com','2019-09-21 20:10:03','2019-09-21 20:10:03'),(13,'brownmejr@comcast.net','2019-09-22 20:32:02','2019-09-22 20:32:02'),(14,'belakflo@yahoo.com','2019-09-22 22:24:30','2019-09-22 22:24:30'),(15,'bonnyohaya@yahoo.com','2019-09-23 05:26:50','2019-09-23 05:26:50'),(16,'emily.chasse.melin@gmail.com','2019-09-23 05:32:39','2019-09-23 05:32:39'),(17,'3715spring@gmail.com','2019-09-23 13:11:56','2019-09-23 13:11:56'),(18,'bkbieneman@gmail.com','2019-09-23 19:12:31','2019-09-23 19:12:31'),(19,'bjansen20@yahoo.com','2019-09-23 22:52:12','2019-09-23 22:52:12'),(20,'rzaidi1816@yahoo.com','2019-09-24 02:25:36','2019-09-24 02:25:36'),(21,'edward.kim@gmail.com','2019-09-25 02:51:22','2019-09-25 02:51:22'),(22,'notyours22000@yahoo.com','2019-09-25 06:01:01','2019-09-25 06:01:01'),(23,'julesgrass@gmail.com','2019-09-25 09:07:45','2019-09-25 09:07:45'),(24,'firsticequeen@hotmail.com','2019-09-25 17:33:27','2019-09-25 17:33:27'),(25,'yogiprice@gmail.com','2019-09-26 08:06:43','2019-09-26 08:06:43'),(26,'bboyrapp@comcast.net','2019-09-27 06:56:12','2019-09-27 06:56:12'),(27,'taxlady46@att.net','2019-09-27 06:56:16','2019-09-27 06:56:16'),(28,'eball310@yahoo.com','2019-09-27 14:17:31','2019-09-27 14:17:31'),(29,'amragusa1@att.net','2019-09-27 16:25:52','2019-09-27 16:25:52'),(30,'dlevis828@gmail.com','2019-09-27 17:38:46','2019-09-27 17:38:46'),(31,'xxrentfan325xx@yahoo.com','2019-09-27 17:58:53','2019-09-27 17:58:53'),(32,'zacapa11@comcast.net','2019-09-27 18:08:33','2019-09-27 18:08:33'),(33,'fularmendariz@outlook.com','2019-09-27 19:12:07','2019-09-27 19:12:07'),(34,'gloversforever225@gmail.com','2019-09-27 21:49:43','2019-09-27 21:49:43'),(35,'pcalvarez57@comcast.net','2019-09-27 21:56:00','2019-09-27 21:56:00'),(36,'lisa.sims@ncsl.org','2019-09-29 18:22:56','2019-09-29 18:22:56'),(37,'ziche77@gmail.com','2019-10-01 00:38:32','2019-10-01 00:38:32'),(38,'janlazzari@gmail.com','2019-10-01 21:56:59','2019-10-01 21:56:59'),(39,'robertwillis@msn.com','2019-10-01 21:59:24','2019-10-01 21:59:24'),(40,'azntigerboi_25@hotmail.com','2019-10-02 02:50:45','2019-10-02 02:50:45'),(41,'okamikeyfan@sbcglobal.net','2019-10-02 08:20:16','2019-10-02 08:20:16'),(42,'amministrazione@bamadistribuzione.it','2019-10-02 11:59:21','2019-10-02 11:59:21'),(43,'greg_bangs@hotmail.com','2019-10-02 13:18:23','2019-10-02 13:18:23'),(44,'tchuldzhyan@gmail.com','2019-10-02 15:38:57','2019-10-02 15:38:57'),(45,'kat0624@comcast.net','2019-10-02 17:16:01','2019-10-02 17:16:01'),(46,'jeremiah_saenz@yahoo.com','2019-10-05 18:11:46','2019-10-05 18:11:46'),(47,'lucmaene@hotmail.com','2019-10-05 20:08:49','2019-10-05 20:08:49'),(48,'cmiller.cpt@icloud.com','2019-10-05 22:13:52','2019-10-05 22:13:52'),(49,'ensley523@gmail.com','2019-10-07 02:58:23','2019-10-07 02:58:23'),(50,'fusadair@hotmail.com','2019-10-07 10:08:33','2019-10-07 10:08:33'),(51,'chance95b1@cox.net','2019-10-07 10:11:07','2019-10-07 10:11:07'),(52,'valerie.kucher@mail.ru','2019-10-08 19:37:50','2019-10-08 19:37:50'),(53,'corey@beartoothmasonryinc.com','2019-10-09 10:59:09','2019-10-09 10:59:09'),(54,'allifish1@sbcglobal.net','2019-10-09 17:22:34','2019-10-09 17:22:34'),(55,'alycowen@yahoo.com','2019-10-09 18:40:36','2019-10-09 18:40:36'),(56,'jw@adeg-winkler.at','2019-10-09 19:17:51','2019-10-09 19:17:51'),(57,'mbachhav@wesleyan.edu','2019-10-10 01:32:07','2019-10-10 01:32:07'),(58,'jimkourd@optusnet.com.au','2019-10-10 02:58:11','2019-10-10 02:58:11'),(59,'bdriscoll56@yahoo.com','2019-10-10 09:36:51','2019-10-10 09:36:51'),(60,'iloveray3@gmail.com','2019-10-10 11:35:29','2019-10-10 11:35:29'),(61,'okamikeyfan@sbcglobal.net','2019-10-10 14:35:00','2019-10-10 14:35:00'),(62,'g.thome@t-online.de','2019-10-10 17:05:15','2019-10-10 17:05:15'),(63,'nikooei.mohammad2017@gmail.com','2019-10-13 06:35:26','2019-10-13 06:35:26'),(64,'robertwillis@msn.com','2019-10-13 10:51:06','2019-10-13 10:51:06'),(65,'doggz1@gmail.com','2019-10-13 20:30:17','2019-10-13 20:30:17'),(66,'timothyobrist@gmail.com','2019-10-15 21:45:21','2019-10-15 21:45:21'),(67,'dhyma@aol.com','2019-10-16 02:23:36','2019-10-16 02:23:36'),(68,'loriencorbelletti@gmail.com','2019-10-16 03:21:17','2019-10-16 03:21:17'),(69,'cmirsal@gmail.com','2019-10-16 04:38:54','2019-10-16 04:38:54'),(70,'iceglobalnetwork-info@theice.com','2019-10-16 05:31:54','2019-10-16 05:31:54'),(71,'mforsyth@rocketmail.com','2019-10-16 14:05:11','2019-10-16 14:05:11'),(72,'bulb-x@hotmail.com','2019-10-17 19:47:35','2019-10-17 19:47:35'),(73,'adam.stein@yahoo.com','2019-10-18 02:16:25','2019-10-18 02:16:25'),(74,'ejray102@aol.com','2019-10-19 01:19:02','2019-10-19 01:19:02'),(75,'ejray102@aol.com','2019-10-19 07:50:48','2019-10-19 07:50:48'),(76,'gasmanmr@gmail.com','2019-10-26 20:18:51','2019-10-26 20:18:51'),(77,'kbedenfield@yahoo.com','2019-10-27 02:40:29','2019-10-27 02:40:29'),(78,'simsjohn649@gmail.com','2019-11-14 17:20:53','2019-11-14 17:20:53'),(79,'simsjohn649@gmail.com','2019-11-14 17:20:55','2019-11-14 17:20:55'),(80,'simsjohn649@gmail.com','2019-11-14 17:21:08','2019-11-14 17:21:08'),(81,'simsjohn649@gmail.com','2019-11-14 17:21:10','2019-11-14 17:21:10'),(82,'simsjohn649@gmail.com','2019-11-14 17:21:31','2019-11-14 17:21:31'),(83,'simsjohn649@gmail.com','2019-11-14 17:21:35','2019-11-14 17:21:35');
/*!40000 ALTER TABLE `subscribers` ENABLE KEYS */;
UNLOCK TABLES;

--
-- Table structure for table `tag_post`
--

DROP TABLE IF EXISTS `tag_post`;
/*!40101 SET @saved_cs_client     = @@character_set_client */;
/*!40101 SET character_set_client = utf8 */;
CREATE TABLE `tag_post` (
  `id` int(10) unsigned NOT NULL AUTO_INCREMENT,
  `tag_id` int(10) unsigned NOT NULL,
  `post_id` int(10) unsigned NOT NULL,
  `created_at` timestamp NULL DEFAULT NULL,
  `updated_at` timestamp NULL DEFAULT NULL,
  PRIMARY KEY (`id`)
) ENGINE=InnoDB AUTO_INCREMENT=38 DEFAULT CHARSET=utf8mb4 COLLATE=utf8mb4_unicode_ci;
/*!40101 SET character_set_client = @saved_cs_client */;

--
-- Dumping data for table `tag_post`
--

LOCK TABLES `tag_post` WRITE;
/*!40000 ALTER TABLE `tag_post` DISABLE KEYS */;
INSERT INTO `tag_post` VALUES (1,1,7,NULL,NULL),(2,2,7,NULL,NULL),(3,3,7,NULL,NULL),(4,1,6,NULL,NULL),(5,2,6,NULL,NULL),(6,2,1,NULL,NULL),(7,2,10,NULL,NULL),(8,3,10,NULL,NULL),(9,1,11,NULL,NULL),(10,2,11,NULL,NULL),(11,3,11,NULL,NULL),(12,4,11,NULL,NULL),(13,5,11,NULL,NULL),(14,6,11,NULL,NULL),(15,7,11,NULL,NULL),(17,3,12,NULL,NULL),(18,8,12,NULL,NULL),(19,9,12,NULL,NULL),(20,10,12,NULL,NULL),(21,14,13,NULL,NULL),(22,15,13,NULL,NULL),(23,16,13,NULL,NULL),(24,17,13,NULL,NULL),(25,18,13,NULL,NULL),(26,19,13,NULL,NULL),(27,20,13,NULL,NULL),(28,4,14,NULL,NULL),(29,20,14,NULL,NULL),(30,21,14,NULL,NULL),(31,22,14,NULL,NULL),(32,23,14,NULL,NULL),(33,24,14,NULL,NULL),(34,25,16,NULL,NULL),(35,26,16,NULL,NULL),(36,27,16,NULL,NULL),(37,28,16,NULL,NULL);
/*!40000 ALTER TABLE `tag_post` ENABLE KEYS */;
UNLOCK TABLES;

--
-- Table structure for table `tags`
--

DROP TABLE IF EXISTS `tags`;
/*!40101 SET @saved_cs_client     = @@character_set_client */;
/*!40101 SET character_set_client = utf8 */;
CREATE TABLE `tags` (
  `id` int(10) unsigned NOT NULL AUTO_INCREMENT,
  `title` varchar(255) COLLATE utf8mb4_unicode_ci NOT NULL,
  `slug` varchar(255) COLLATE utf8mb4_unicode_ci DEFAULT NULL,
  `created_at` timestamp NULL DEFAULT NULL,
  `updated_at` timestamp NULL DEFAULT NULL,
  PRIMARY KEY (`id`)
) ENGINE=InnoDB AUTO_INCREMENT=29 DEFAULT CHARSET=utf8mb4 COLLATE=utf8mb4_unicode_ci;
/*!40101 SET character_set_client = @saved_cs_client */;

--
-- Dumping data for table `tags`
--

LOCK TABLES `tags` WRITE;
/*!40000 ALTER TABLE `tags` DISABLE KEYS */;
INSERT INTO `tags` VALUES (3,'surgery','surgery','2019-07-08 00:45:14','2019-07-08 00:45:14'),(4,'Cosmetic','cosmetic','2019-08-23 18:32:35','2019-08-23 18:32:35'),(5,'Mashhad','mashhad','2019-08-23 18:33:52','2019-08-23 18:33:52'),(6,'Tehran','tehran','2019-08-23 18:34:26','2019-08-23 18:34:26'),(7,'Shiraz','shiraz','2019-08-23 18:34:46','2019-08-23 18:34:46'),(8,'eye surgery','jrahh-ala-n','2019-11-13 10:15:00','2019-11-16 10:13:18'),(9,'Lasik eye surgery ','lasik-eye-surgery','2019-11-13 10:19:00','2019-11-16 09:59:03'),(10,'cataract surgery in iran','cataract-surgery-in-iran','2019-11-13 10:20:00','2019-11-16 09:56:31'),(11,'Eye diseases','eye-diseases','2019-11-16 09:55:43','2019-11-16 09:55:43'),(13,'glaucoma surgery','glaucoma-surgery','2019-11-16 10:05:00','2019-11-16 10:07:43'),(14,'Heart disease ','heart-disease','2019-11-16 10:13:00','2019-11-20 06:07:27'),(15,'treatment of heart disease in Iran','treatment-of-heart-disease-in-iran','2019-11-16 10:14:00','2019-11-20 06:07:51'),(16,'Arrhythmias and symptoms','arrhythmias-and-symptoms','2019-11-16 10:14:35','2019-11-16 10:14:35'),(17,'Congenital heart defects ','congenital-heart-defects','2019-11-16 10:14:54','2019-11-16 10:14:54'),(18,'Heart valve surgery','heart-valve-surgery','2019-11-16 10:15:00','2019-11-20 06:07:00'),(19,'Heart valve replacement','heart-valve-replacement','2019-11-16 10:16:00','2019-11-20 06:06:34'),(20,'Medtouriran','mdtwriyran','2019-11-16 10:17:00','2019-11-20 06:05:49'),(21,'Hair transplant ','amlyh-zraah-alshar','2019-11-20 06:03:05','2019-11-20 06:03:05'),(22,'Hair transplant in Iran','hair-transplant-in-iran','2019-11-20 06:08:26','2019-11-20 06:08:26'),(23,'Hair transplant cost','hair-transplant-cost','2019-11-20 06:09:27','2019-11-20 06:09:27'),(24,'Hair transplant for men and women','hair-transplant-for-men-and-women','2019-11-20 06:10:01','2019-11-20 06:10:01'),(25,'Rhinoplasty','rhinoplasty','2019-11-26 07:54:08','2019-11-26 07:54:08'),(26,'Rhinoplasty in Iran','rhinoplasty-in-iran','2019-11-26 07:55:00','2019-11-26 07:55:00'),(27,'Rhinoplasty cost','rhinoplasty-cost','2019-11-26 07:55:33','2019-11-26 07:55:33'),(28,'Cosmetic surgery in iran','cosmetic-surgery-in-iran','2019-11-26 07:55:57','2019-11-26 07:55:57');
/*!40000 ALTER TABLE `tags` ENABLE KEYS */;
UNLOCK TABLES;

--
-- Table structure for table `testimonials`
--

DROP TABLE IF EXISTS `testimonials`;
/*!40101 SET @saved_cs_client     = @@character_set_client */;
/*!40101 SET character_set_client = utf8 */;
CREATE TABLE `testimonials` (
  `id` int(10) unsigned NOT NULL AUTO_INCREMENT,
  `name` varchar(191) COLLATE utf8mb4_unicode_ci NOT NULL,
  `position` varchar(191) COLLATE utf8mb4_unicode_ci DEFAULT NULL,
  `quote` text COLLATE utf8mb4_unicode_ci NOT NULL,
  `avatar` varchar(191) COLLATE utf8mb4_unicode_ci DEFAULT NULL,
  `created_at` timestamp NULL DEFAULT NULL,
  `updated_at` timestamp NULL DEFAULT NULL,
  `language` varchar(191) COLLATE utf8mb4_unicode_ci DEFAULT NULL,
  PRIMARY KEY (`id`)
) ENGINE=InnoDB DEFAULT CHARSET=utf8mb4 COLLATE=utf8mb4_unicode_ci;
/*!40101 SET character_set_client = @saved_cs_client */;

--
-- Dumping data for table `testimonials`
--

LOCK TABLES `testimonials` WRITE;
/*!40000 ALTER TABLE `testimonials` DISABLE KEYS */;
/*!40000 ALTER TABLE `testimonials` ENABLE KEYS */;
UNLOCK TABLES;

--
-- Table structure for table `timelines`
--

DROP TABLE IF EXISTS `timelines`;
/*!40101 SET @saved_cs_client     = @@character_set_client */;
/*!40101 SET character_set_client = utf8 */;
CREATE TABLE `timelines` (
  `id` int(10) unsigned NOT NULL AUTO_INCREMENT,
  `description` tinytext COLLATE utf8mb4_unicode_ci NOT NULL,
  `icon` varchar(255) COLLATE utf8mb4_unicode_ci DEFAULT NULL,
  `order` int(11) DEFAULT NULL,
  `title` varchar(255) COLLATE utf8mb4_unicode_ci NOT NULL,
  `created_at` timestamp NULL DEFAULT NULL,
  `updated_at` timestamp NULL DEFAULT NULL,
  PRIMARY KEY (`id`)
) ENGINE=InnoDB AUTO_INCREMENT=4 DEFAULT CHARSET=utf8mb4 COLLATE=utf8mb4_unicode_ci;
/*!40101 SET character_set_client = @saved_cs_client */;

--
-- Dumping data for table `timelines`
--

LOCK TABLES `timelines` WRITE;
/*!40000 ALTER TABLE `timelines` DISABLE KEYS */;
INSERT INTO `timelines` VALUES (1,'After picking up from the airport, you will be transferred to the hotel to take a break there. You will then be taken to the medical center (or doctor\'s office) and meet with your doctor to determine the details of your treatment.','fa fa-users',1,'FIRST DAY','2019-06-30 03:40:00','2019-11-19 07:17:24'),(2,'Under the recommendation of your doctor, you will be taken to the medical center at the appointment time and your treatment will begin. On this day, most of your treatment will be done.','fa fa-hotel',2,'SECOND DAY','2019-06-30 03:40:00','2019-11-19 07:14:15'),(3,'If you need to have a rest at the medical center, you will be provided with the best facilities and proper nursing services to get the full recovery.','fa fa-car',3,'THIRD DAY','2019-06-30 03:42:00','2019-11-19 07:12:38');
/*!40000 ALTER TABLE `timelines` ENABLE KEYS */;
UNLOCK TABLES;

--
-- Table structure for table `translations`
--

DROP TABLE IF EXISTS `translations`;
/*!40101 SET @saved_cs_client     = @@character_set_client */;
/*!40101 SET character_set_client = utf8 */;
CREATE TABLE `translations` (
  `id` int(10) unsigned NOT NULL AUTO_INCREMENT,
  `table_name` varchar(191) COLLATE utf8mb4_unicode_ci NOT NULL,
  `column_name` varchar(191) COLLATE utf8mb4_unicode_ci NOT NULL,
  `foreign_key` int(10) unsigned NOT NULL,
  `locale` varchar(191) COLLATE utf8mb4_unicode_ci NOT NULL,
  `value` text COLLATE utf8mb4_unicode_ci NOT NULL,
  `created_at` timestamp NULL DEFAULT NULL,
  `updated_at` timestamp NULL DEFAULT NULL,
  PRIMARY KEY (`id`),
  UNIQUE KEY `translations_table_name_column_name_foreign_key_locale_unique` (`table_name`,`column_name`,`foreign_key`,`locale`)
) ENGINE=InnoDB AUTO_INCREMENT=1335 DEFAULT CHARSET=utf8mb4 COLLATE=utf8mb4_unicode_ci;
/*!40101 SET character_set_client = @saved_cs_client */;

--
-- Dumping data for table `translations`
--

LOCK TABLES `translations` WRITE;
/*!40000 ALTER TABLE `translations` DISABLE KEYS */;
INSERT INTO `translations` VALUES (1,'data_types','display_name_singular',5,'pt','Post','2018-12-15 19:38:02','2018-12-15 19:38:02'),(2,'data_types','display_name_singular',6,'pt','Página','2018-12-15 19:38:02','2018-12-15 19:38:02'),(3,'data_types','display_name_singular',1,'pt','Utilizador','2018-12-15 19:38:02','2018-12-15 19:38:02'),(4,'data_types','display_name_singular',4,'pt','Categoria','2018-12-15 19:38:02','2018-12-15 19:38:02'),(5,'data_types','display_name_singular',2,'pt','Menu','2018-12-15 19:38:02','2018-12-15 19:38:02'),(6,'data_types','display_name_singular',3,'pt','Função','2018-12-15 19:38:02','2018-12-15 19:38:02'),(7,'data_types','display_name_plural',5,'pt','Posts','2018-12-15 19:38:02','2018-12-15 19:38:02'),(8,'data_types','display_name_plural',6,'pt','Páginas','2018-12-15 19:38:02','2018-12-15 19:38:02'),(9,'data_types','display_name_plural',1,'pt','Utilizadores','2018-12-15 19:38:02','2018-12-15 19:38:02'),(10,'data_types','display_name_plural',4,'pt','Categorias','2018-12-15 19:38:02','2018-12-15 19:38:02'),(11,'data_types','display_name_plural',2,'pt','Menus','2018-12-15 19:38:02','2018-12-15 19:38:02'),(12,'data_types','display_name_plural',3,'pt','Funções','2018-12-15 19:38:02','2018-12-15 19:38:02'),(13,'categories','slug',1,'pt','categoria-1','2018-12-15 19:38:02','2018-12-15 19:38:02'),(14,'categories','name',1,'pt','Categoria 1','2018-12-15 19:38:02','2018-12-15 19:38:02'),(15,'categories','slug',2,'pt','categoria-2','2018-12-15 19:38:02','2018-12-15 19:38:02'),(16,'categories','name',2,'pt','Categoria 2','2018-12-15 19:38:02','2018-12-15 19:38:02'),(17,'pages','title',1,'pt','Olá Mundo','2018-12-15 19:38:02','2018-12-15 19:38:02'),(18,'pages','slug',1,'pt','ola-mundo','2018-12-15 19:38:02','2018-12-15 19:38:02'),(19,'pages','body',1,'pt','<p>Olá Mundo. Scallywag grog swab Cat o\'nine tails scuttle rigging hardtack cable nipper Yellow Jack. Handsomely spirits knave lad killick landlubber or just lubber deadlights chantey pinnace crack Jennys tea cup. Provost long clothes black spot Yellow Jack bilged on her anchor league lateen sail case shot lee tackle.</p>\r\n<p>Ballast spirits fluke topmast me quarterdeck schooner landlubber or just lubber gabion belaying pin. Pinnace stern galleon starboard warp carouser to go on account dance the hempen jig jolly boat measured fer yer chains. Man-of-war fire in the hole nipperkin handsomely doubloon barkadeer Brethren of the Coast gibbet driver squiffy.</p>','2018-12-15 19:38:02','2018-12-15 19:38:02'),(20,'menu_items','title',1,'pt','Painel de Controle','2018-12-15 19:38:02','2018-12-15 19:38:02'),(21,'menu_items','title',2,'pt','Media','2018-12-15 19:38:03','2018-12-15 19:38:03'),(22,'menu_items','title',12,'pt','Publicações','2018-12-15 19:38:03','2018-12-15 19:38:03'),(23,'menu_items','title',3,'pt','Utilizadores','2018-12-15 19:38:03','2018-12-15 19:38:03'),(24,'menu_items','title',11,'pt','Categorias','2018-12-15 19:38:03','2018-12-15 19:38:03'),(25,'menu_items','title',13,'pt','Páginas','2018-12-15 19:38:03','2018-12-15 19:38:03'),(26,'menu_items','title',4,'pt','Funções','2018-12-15 19:38:03','2018-12-15 19:38:03'),(27,'menu_items','title',5,'pt','Ferramentas','2018-12-15 19:38:03','2018-12-15 19:38:03'),(28,'menu_items','title',6,'pt','Menus','2018-12-15 19:38:03','2018-12-15 19:38:03'),(29,'menu_items','title',7,'pt','Base de dados','2018-12-15 19:38:03','2018-12-15 19:38:03'),(30,'menu_items','title',10,'pt','Configurações','2018-12-15 19:38:03','2018-12-15 19:38:03'),(31,'menu_items','title',15,'ar','السياحة طبية','2018-12-16 14:39:58','2019-03-03 10:08:08'),(34,'menu_items','title',18,'ar','المدونة','2018-12-16 14:59:24','2019-01-23 14:48:00'),(35,'menu_items','title',19,'ar','اتصل بنا','2018-12-16 15:00:23','2019-01-26 20:46:47'),(37,'menu_items','title',20,'pt,','','2019-01-02 19:44:41','2019-01-02 19:44:41'),(39,'categories','slug',1,'pt,','category-1','2019-01-03 13:35:23','2019-01-03 13:35:23'),(40,'categories','name',1,'ar','Category 1','2019-01-03 13:35:23','2019-01-03 13:35:23'),(41,'categories','name',1,'pt,','Category 1','2019-01-03 13:35:23','2019-01-03 13:35:23'),(43,'categories','slug',2,'pt,','category-2','2019-01-03 14:05:03','2019-01-03 14:05:03'),(44,'categories','name',2,'ar','Category 2','2019-01-03 14:05:03','2019-01-03 14:05:03'),(45,'categories','name',2,'pt,','Category 2','2019-01-03 14:05:03','2019-01-03 14:05:03'),(47,'categories','slug',3,'pt,','','2019-01-03 14:06:54','2019-01-03 14:06:54'),(48,'categories','name',3,'ar','Plastic surgery','2019-01-03 14:06:54','2019-01-03 14:06:54'),(49,'categories','name',3,'pt,','','2019-01-03 14:06:54','2019-01-03 14:06:54'),(51,'categories','slug',4,'pt,','','2019-01-03 14:07:20','2019-01-03 14:07:20'),(52,'categories','name',4,'ar','','2019-01-03 14:07:20','2019-01-03 14:07:20'),(53,'categories','name',4,'pt,','','2019-01-03 14:07:20','2019-01-03 14:07:20'),(55,'categories','slug',5,'pt,','','2019-01-03 14:07:51','2019-01-03 14:07:51'),(56,'categories','name',5,'ar','','2019-01-03 14:07:51','2019-01-03 14:07:51'),(57,'categories','name',5,'pt,','','2019-01-03 14:07:51','2019-01-03 14:07:51'),(59,'categories','slug',6,'pt,','','2019-01-03 14:08:16','2019-01-03 14:08:16'),(60,'categories','name',6,'ar','','2019-01-03 14:08:16','2019-01-03 14:08:16'),(61,'categories','name',6,'pt,','','2019-01-03 14:08:16','2019-01-03 14:08:16'),(62,'menu_items','title',21,'ar','عروضنا','2019-01-03 14:46:02','2019-01-23 14:51:29'),(63,'menu_items','title',21,'pt,','','2019-01-03 14:46:02','2019-01-03 14:46:02'),(64,'data_types','display_name_singular',4,'ar','Category','2019-01-03 21:40:06','2019-01-03 21:40:06'),(65,'data_types','display_name_singular',4,'pt,','Category','2019-01-03 21:40:06','2019-01-03 21:40:06'),(66,'data_types','display_name_plural',4,'ar','Categories','2019-01-03 21:40:06','2019-01-03 21:40:06'),(67,'data_types','display_name_plural',4,'pt,','Categories','2019-01-03 21:40:06','2019-01-03 21:40:06'),(69,'categories','title',6,'pt,','Eye care','2019-01-03 21:41:09','2019-01-03 21:41:09'),(70,'data_types','display_name_singular',9,'ar','Social Network','2019-01-04 08:39:28','2019-01-04 08:39:28'),(71,'data_types','display_name_singular',9,'pt,','Social Network','2019-01-04 08:39:28','2019-01-04 08:39:28'),(72,'data_types','display_name_plural',9,'ar','Social Networks','2019-01-04 08:39:28','2019-01-04 08:39:28'),(73,'data_types','display_name_plural',9,'pt,','Social Networks','2019-01-04 08:39:28','2019-01-04 08:39:28'),(74,'socials','link',2,'ar','https://www.youtube.com/channel/UCPNFj1yPGM2qehDfqPVR0bg','2019-01-04 08:43:52','2019-05-04 06:14:03'),(75,'socials','link',2,'pt,','','2019-01-04 08:43:52','2019-01-04 08:43:52'),(76,'socials','link',3,'ar','https://twitter.com/Medtouriran','2019-01-04 08:44:42','2019-08-25 03:21:52'),(77,'socials','link',3,'pt,','','2019-01-04 08:44:42','2019-01-04 08:44:42'),(78,'socials','link',4,'ar','https://www.pinterest.com/medtouriran/','2019-01-04 08:46:07','2019-05-04 06:13:27'),(79,'socials','link',4,'pt,','','2019-01-04 08:46:07','2019-01-04 08:46:07'),(80,'socials','link',5,'ar','https://www.instagram.com/medtouriran.arabic/','2019-01-04 08:47:30','2019-05-16 12:37:53'),(81,'socials','link',5,'pt,','','2019-01-04 08:47:30','2019-01-04 08:47:30'),(82,'menu_items','title',23,'ar','','2019-01-04 09:45:18','2019-01-04 09:45:18'),(83,'menu_items','title',23,'pt,','','2019-01-04 09:45:18','2019-01-04 09:45:18'),(84,'benefits','body',2,'ar','يتم تقييم الخدمات من قبل السياح الطبيين المؤهلين','2019-01-04 12:51:43','2019-03-03 11:21:05'),(85,'benefits','body',2,'pt,','','2019-01-04 12:51:43','2019-01-04 12:51:43'),(86,'benefits','title',2,'ar','خدمات عالية الجودة','2019-01-04 12:51:43','2019-01-27 17:50:18'),(87,'benefits','title',2,'pt,','','2019-01-04 12:51:43','2019-01-04 12:51:43'),(88,'benefits','body',3,'ar','نحن نوفر حتى 70٪ من رسوم استخدامكم لخدماتنا','2019-01-04 12:52:40','2019-01-27 17:48:11'),(89,'benefits','body',3,'pt,','','2019-01-04 12:52:40','2019-01-04 12:52:40'),(90,'benefits','title',3,'ar','توفير المال','2019-01-04 12:52:40','2019-01-27 17:48:11'),(91,'benefits','title',3,'pt,','','2019-01-04 12:52:40','2019-01-04 12:52:40'),(92,'benefits','body',4,'ar','نبقي عائلتك  مضطلعة على احوالك','2019-01-04 13:03:46','2019-03-03 11:14:01'),(93,'benefits','body',4,'pt,','','2019-01-04 13:03:46','2019-01-04 13:03:46'),(94,'benefits','title',4,'ar','عملية يمكن تتبعها','2019-01-04 13:03:46','2019-03-03 11:14:01'),(95,'benefits','title',4,'pt,','','2019-01-04 13:03:46','2019-01-04 13:03:46'),(96,'benefits','body',5,'ar','هناك العروض الذهبية / الفضية / البرونزية  لتأمين راحتکم\n','2019-01-04 13:06:09','2019-03-03 11:16:22'),(97,'benefits','body',5,'pt,','','2019-01-04 13:06:09','2019-01-04 13:06:09'),(98,'benefits','title',5,'ar','عروض مرنة','2019-01-04 13:06:09','2019-01-27 17:46:30'),(99,'benefits','title',5,'pt,','','2019-01-04 13:06:09','2019-01-04 13:06:09'),(100,'benefits','body',6,'ar','مستشارينا الطبيون على تواصل معكم على مدار الساعة طوال أيام الأسبوع \n','2019-01-04 13:08:39','2019-03-03 11:20:21'),(101,'benefits','body',6,'pt,','','2019-01-04 13:08:39','2019-01-04 13:08:39'),(102,'benefits','title',6,'ar','الخدمات المستمرة','2019-01-04 13:08:39','2019-01-27 17:43:24'),(103,'benefits','title',6,'pt,','','2019-01-04 13:08:39','2019-01-04 13:08:39'),(105,'posts','title',5,'pt,','','2019-01-08 18:59:07','2019-01-08 18:59:07'),(107,'posts','seo_title',5,'pt,','','2019-01-08 18:59:07','2019-01-08 18:59:07'),(109,'posts','excerpt',5,'pt,','','2019-01-08 18:59:07','2019-01-08 18:59:07'),(111,'posts','body',5,'pt,','','2019-01-08 18:59:07','2019-01-08 18:59:07'),(113,'posts','slug',5,'pt,','','2019-01-08 18:59:08','2019-01-08 18:59:08'),(115,'posts','meta_description',5,'pt,','','2019-01-08 18:59:08','2019-01-08 18:59:08'),(117,'posts','meta_keywords',5,'pt,','','2019-01-08 18:59:08','2019-01-08 18:59:08'),(118,'pages','title',2,'ar','من نحن','2019-01-08 19:36:52','2019-02-04 06:58:19'),(119,'pages','title',2,'pt,','','2019-01-08 19:36:52','2019-01-08 19:36:52'),(120,'pages','slug',2,'ar','drbarh-ma','2019-01-08 19:36:52','2019-01-09 07:18:27'),(121,'pages','slug',2,'pt,','','2019-01-08 19:36:52','2019-01-08 19:36:52'),(122,'pages','body',2,'ar','<p>مدتورایران توفر الخدمات المؤهلة و بأسعار معقولة للسياحة الطبية في إيران. مهمتنا هي توفير خدمة لا تنسى للسياح العلاجيين ، وشعارنا هو: نقرة واحدة الى الصحة.</p>','2019-01-08 19:36:52','2019-04-19 04:57:46'),(123,'pages','body',2,'pt,','','2019-01-08 19:36:52','2019-01-08 19:36:52'),(124,'menu_items','title',25,'ar','من نحن','2019-01-08 20:19:45','2019-01-26 20:45:55'),(125,'menu_items','title',25,'pt,','','2019-01-08 20:19:45','2019-01-08 20:19:45'),(147,'data_types','display_name_singular',12,'ar','Banner','2019-01-10 10:02:36','2019-01-10 10:02:36'),(148,'data_types','display_name_plural',12,'ar','Banners','2019-01-10 10:02:36','2019-01-10 10:02:36'),(149,'menu_items','title',26,'ar','Banners','2019-01-10 10:04:19','2019-01-10 10:04:19'),(150,'banners','title',3,'ar','الخدمات المستمرة','2019-01-10 10:31:15','2019-01-27 17:38:39'),(151,'banners','subtitle',3,'ar','استشارة علاجیة عبر برامج التواصل الاجتماعي','2019-01-10 10:31:15','2019-03-03 10:45:11'),(152,'banners','link',3,'ar','/','2019-01-10 10:31:15','2019-01-10 10:46:47'),(153,'banners','title',2,'ar','نقرة واحدة للصحة','2019-01-10 10:47:30','2019-03-04 04:26:38'),(154,'banners','subtitle',2,'ar','جرّب سفراَ طبياَ ممتعاَ في إيران','2019-01-10 10:47:30','2019-03-03 10:37:42'),(155,'banners','link',2,'ar','route(\'home\')','2019-01-10 10:47:30','2019-01-10 10:47:30'),(156,'data_types','display_name_singular',13,'ar','Request','2019-01-10 13:49:29','2019-01-10 13:49:29'),(157,'data_types','display_name_plural',13,'ar','Requests','2019-01-10 13:49:29','2019-01-10 13:49:29'),(173,'menu_items','title',28,'ar','السفر الى ايران','2019-01-23 02:05:43','2019-01-23 14:49:41'),(174,'menu_items','title',29,'ar','خدماتنا','2019-01-23 02:18:17','2019-01-23 14:52:32'),(177,'menu_items','title',32,'ar','أسئلة متداولة','2019-01-23 05:59:45','2019-03-03 10:21:56'),(178,'menu_items','title',33,'ar','تأشيرة إيران','2019-01-23 06:11:51','2019-03-03 10:25:28'),(180,'menu_items','title',35,'ar','الأطباء','2019-01-23 06:14:52','2019-01-26 20:55:32'),(181,'menu_items','title',36,'ar','المراكز الطبية','2019-01-23 06:15:21','2019-01-26 20:55:09'),(182,'menu_items','title',37,'ar','الفنادق','2019-01-23 06:16:05','2019-01-26 20:55:58'),(185,'menu_items','title',40,'ar','جراحة تجميلية','2019-01-23 06:18:47','2019-01-26 20:49:22'),(186,'menu_items','title',41,'ar','تجميل الأنف','2019-01-23 06:19:28','2019-01-26 20:49:55'),(187,'menu_items','title',42,'ar','زراعة الشعر','2019-01-23 06:20:06','2019-01-26 20:50:22'),(188,'menu_items','title',43,'ar','جراحة انقاص الوزن','2019-01-23 06:21:06','2019-01-26 20:50:56'),(189,'menu_items','title',44,'ar','طب الأسنان التجميلي','2019-01-23 06:21:36','2019-01-26 20:51:22'),(190,'menu_items','title',45,'ar','التجميل بدون جراحة','2019-01-23 06:22:36','2019-01-26 20:52:37'),(191,'menu_items','title',46,'ar','طب الأسنان','2019-01-23 06:23:21','2019-01-26 20:53:48'),(192,'menu_items','title',47,'ar','طب العيون','2019-01-23 06:23:58','2019-01-26 20:54:05'),(193,'menu_items','title',48,'ar','علاج العقم','2019-01-23 06:24:31','2019-01-26 20:54:44'),(194,'pages','title',3,'ar','Travel to Iran','2019-01-25 02:56:43','2019-02-04 06:25:12'),(195,'pages','slug',3,'ar','Travel-to-Iran','2019-01-25 02:56:43','2019-02-04 06:25:12'),(196,'pages','body',3,'ar','','2019-01-25 02:56:43','2019-01-25 02:56:43'),(214,'benefits','body',1,'ar','تحتوي العروض على جميع تفاصيل الخدمات.','2019-01-26 22:00:32','2019-03-03 10:55:28'),(215,'benefits','title',1,'ar','الوضوح في الأسعار والخدمات','2019-01-26 22:00:32','2019-01-27 17:40:22'),(229,'data_types','display_name_singular',15,'ar','Partner','2019-02-02 23:44:23','2019-02-02 23:44:23'),(230,'data_types','display_name_plural',15,'ar','Partners','2019-02-02 23:44:23','2019-02-02 23:44:23'),(231,'menu_items','title',49,'ar','Partners','2019-02-03 00:40:26','2019-02-03 00:40:26'),(232,'data_types','display_name_singular',16,'ar','Link','2019-02-03 01:33:28','2019-02-03 01:33:28'),(233,'data_types','display_name_plural',16,'ar','Links','2019-02-03 01:33:28','2019-02-03 01:33:28'),(234,'menu_items','title',50,'ar','Links','2019-02-03 01:35:39','2019-02-03 01:35:39'),(235,'links','link',1,'ar','/ar/page/about-us','2019-02-03 01:40:49','2019-02-03 01:40:49'),(236,'links','title',1,'ar','من نحن','2019-02-03 01:40:49','2019-03-17 12:05:14'),(237,'socials','link',1,'ar','https://www.facebook.com/MedtourIran','2019-02-03 13:35:21','2019-03-28 06:05:27'),(238,'pages','title',6,'ar','المراكز الطبية','2019-02-04 04:52:46','2019-02-04 07:01:49'),(239,'pages','slug',6,'ar','Our-medical-centers','2019-02-04 04:52:46','2019-02-04 06:23:25'),(240,'pages','body',6,'ar','<div class=\"my-tabs\">&nbsp;</div>\n<section class=\"c67263\">\n<div class=\"col-xl-6 col-lg-6 col-md-6 col-sm-6 c35426\">\n<div class=\"col-md-12\">\n<div class=\"container\">\n<h4 id=\"i04tfp2\" data-type=\"header\">&nbsp;</h4>\n<div class=\"row\">\n<div class=\"col-4\">\n<h4 id=\"iw4mbaw\" data-type=\"header\">العلاج</h4>\n<select id=\"single_select\" class=\"custom-select\">\n<option value=\"1\">Rhinoplasty</option>\n<option value=\"2\">Dental health</option>\n<option value=\"3\">Hair transplant</option>\n</select></div>\n<div class=\"col-4\">\n<h4 id=\"i8qtgdd\" data-type=\"header\">موقع</h4>\n<select class=\"custom-select\">\n<option value=\"1\">Tehran</option>\n<option value=\"2\">Shiraz</option>\n<option value=\"3\">Mashhad</option>\n</select></div>\n</div>\n</div>\n</div>\n</div>\n</section>\n<section class=\"c68264\">\n<div class=\"card-group\">&nbsp;</div>\n</section>\n<div class=\"row c74646\">&nbsp;</div>\n<section class=\"c108987\">\n<div class=\"card-group\">\n<div class=\"card\"><img class=\"card-img-top\" src=\"/storage/pages/March2019/Gandhi.jpg\" alt=\"Card image cap\" width=\"400\" height=\"300\" data-type=\"image\" />\n<div class=\"card-body\">\n<h5 class=\"card-title\" style=\"direction: rtl;\" data-type=\"header\">&nbsp; مستشفي غاندي (طهران)</h5>\n<p class=\"card-text\" style=\"direction: rtl;\" data-type=\"paragraph\"><strong>مرافق المركز الطبي:&nbsp;</strong>يوفر كل العلاج للمرضى.</p>\n<button class=\"btn btn-primary\" type=\"button\">المزید</button></div>\n</div>\n<div class=\"card\"><img class=\"card-img-top\" src=\"/storage/pages/March2019/atieh.jpeg\" alt=\"Card image cap\" width=\"400\" height=\"300\" data-type=\"image\" />\n<div class=\"card-body\">\n<h5 class=\"card-title\" style=\"direction: rtl;\" data-type=\"header\">&nbsp;مستشفي أتيه (طهران)</h5>\n<p class=\"card-text\" style=\"direction: rtl;\" data-type=\"paragraph\"><strong>مرافق المركز الطبي:&nbsp;</strong>يوفر كل العلاج للمرضى.</p>\n<div>&nbsp;</div>\n<button class=\"btn btn-primary\" type=\"button\">المزید</button></div>\n</div>\n<div class=\"card\"><img class=\"card-img-top\" src=\"/storage/pages/March2019/erfan.jpg\" alt=\"Card image cap\" width=\"400\" height=\"300\" data-type=\"image\" />\n<div class=\"card-body\">\n<h5 class=\"card-title\" style=\"direction: rtl;\" data-type=\"header\">&nbsp;مستشفي عرفان (طهران)</h5>\n<p class=\"card-text\" style=\"direction: rtl;\" data-type=\"paragraph\"><strong>مرافق المركز الطبي:&nbsp;</strong>يوفر كل العلاج للمرضى.&nbsp;</p>\n<button class=\"btn btn-primary\" type=\"button\">المزید</button></div>\n</div>\n</div>\n<div class=\"card-group\">\n<div class=\"card\"><img class=\"card-img-top\" src=\"/storage/pages/March2019/WhatsApp Image 2019-02-14 at 10.22.104.jpeg\" alt=\"Card image cap\" width=\"400\" height=\"300\" data-type=\"image\" />\n<div class=\"card-body\">\n<h5 class=\"card-title\" style=\"direction: rtl;\" data-type=\"header\">مركز العين البصير (شيراز)</h5>\n<p class=\"card-text\" style=\"direction: rtl;\" data-type=\"paragraph\"><strong>مرافق المركز الطبي:&nbsp;</strong>يوفر علاج العين للمرضى.</p>\n<button class=\"btn btn-primary\" type=\"button\">المزید</button></div>\n</div>\n<div class=\"card\"><img class=\"card-img-top\" src=\"/storage/pages/March2019/khodadoost.jpg\" alt=\"Card image cap\" width=\"400\" height=\"300\" data-type=\"image\" />\n<div class=\"card-body\">\n<h5 class=\"card-title\" style=\"direction: rtl;\" data-type=\"header\">مركز العين الدوكتور خدادوست (شيراز)</h5>\n<p class=\"card-text\" style=\"direction: rtl;\" data-type=\"paragraph\"><strong>مرافق المركز الطبي:&nbsp;</strong>يوفر علاج العين للمرضى.&nbsp;&nbsp;</p>\n<button class=\"btn btn-primary\" type=\"button\">المزید</button></div>\n</div>\n<div class=\"card\"><img class=\"card-img-top\" src=\"/storage/pages/March2019/central.jpg\" alt=\"Card image cap\" width=\"400\" height=\"300\" data-type=\"image\" />\n<div class=\"card-body\">\n<h5 class=\"card-title\" style=\"direction: rtl;\" data-type=\"header\">المستشفي المركزي (شيراز)</h5>\n<p class=\"card-text\" style=\"direction: rtl;\" data-type=\"paragraph\"><strong>مرافق المركز الطبي:&nbsp;</strong>يوفر كل العلاج للمرضى.</p>\n<button class=\"btn btn-primary\" type=\"button\">المزید</button></div>\n</div>\n</div>\n</section>\n<div class=\"row c115482\">&nbsp;</div>','2019-02-04 04:52:46','2019-04-01 11:12:25'),(241,'pages','title',7,'ar','الأطباء','2019-02-04 04:53:48','2019-02-04 07:01:21'),(242,'pages','slug',7,'ar','our-doctors','2019-02-04 04:53:48','2019-02-04 06:22:55'),(243,'pages','body',7,'ar','','2019-02-04 04:53:48','2019-02-04 04:53:48'),(244,'pages','title',8,'ar','الفنادق','2019-02-04 04:54:30','2019-02-04 07:00:48'),(245,'pages','slug',8,'ar','our-hotels','2019-02-04 04:54:30','2019-02-04 06:22:25'),(246,'pages','body',8,'ar','<div class=\"movie-card\">\n<div class=\"container\">\n<div class=\"my-tabs\">\n<div id=\"nav-tabContent\" class=\"tab-content\">\n<div id=\"nav-home\" class=\"tab-pane fade show active\" role=\"tabpanel\" aria-labelledby=\"nav-home-tab\">&nbsp;</div>\n</div>\n</div>\n<section class=\"c67263\">\n<div class=\"col-xl-6 col-lg-6 col-md-6 col-sm-6 c35426\">\n<div class=\"col-md-12\">\n<div class=\"container\">\n<div class=\"row\">\n<div class=\"col-4\">\n<h4 id=\"iw4mbaw\" data-type=\"header\">اختر نوع السکن</h4>\n<select id=\"single_select\" class=\"custom-select\">\n<option value=\"1\">فندق</option>\n<option value=\"2\">شقه</option>\n</select></div>\n<div class=\"col-4\">\n<h4 id=\"i8qtgdd\" data-type=\"header\">اختر موقع السکن&nbsp;</h4>\n<select class=\"custom-select\">\n<option value=\"1\">طهران</option>\n<option value=\"2\">شیراز</option>\n</select></div>\n</div>\n</div>\n</div>\n</div>\n</section>\n<div class=\"row\">&nbsp;</div>\n</div>\n</div>\n<section class=\"c68264\">\n<div class=\"card-group\">&nbsp;</div>\n</section>\n<div class=\"row c74646\">&nbsp;</div>\n<section class=\"c108987\">\n<div class=\"card-group\">\n<div class=\"card\"><img class=\"card-img-top\" title=\"فندق آرامیس\" src=\"/storage/pages/March2019/aramis1.jpg\" alt=\"Card image cap\" width=\"400\" height=\"300\" data-type=\"image\" />\n<div class=\"card-body\">\n<h5 class=\"card-title\" style=\"direction: rtl;\" data-type=\"header\">فندق آرامیس (طهران)</h5>\n<p class=\"card-text\" style=\"direction: rtl;\" data-type=\"paragraph\"><strong>مرافق الفندق:</strong>&nbsp;مصعد ، قاعة مؤتمرات ، غرفة اجتماعات ، إنذار الحريق ، صالة رياضية ، غسيل الملابس ، غرفة الصلاة ، تصفيف الشعر ، أجهزة الصراف الآلي ، مقهى ، موقف سيارات</p>\n<button class=\"btn btn-primary\" type=\"button\">المزيد</button></div>\n</div>\n<div class=\"card\"><img class=\"card-img-top\" title=\"فندق بارسيان اوين (طهران)\" src=\"/storage/pages/March2019/Parsian evin.jpg\" alt=\"Card image cap\" width=\"400\" height=\"300\" data-type=\"image\" />\n<div class=\"card-body\">\n<h5 class=\"card-title\" style=\"direction: rtl;\" data-type=\"header\">فندق بارسيان اوين (طهران)</h5>\n<p class=\"card-text\" style=\"direction: rtl;\" data-type=\"paragraph\"><strong>مرافق الفندق:</strong> مصعد ، قاعة مؤتمرات ، غرفة اجتماعات ، إنذار الحريق ، صالة رياضية ، غسيل الملابس ، غرفة الصلاة ، تصفيف الشعر ، أجهزة الصراف الآلي ، مقهى ، موقف سيارات.</p>\n<div>&nbsp;</div>\n<button class=\"btn btn-primary\" type=\"button\">المزيد</button></div>\n</div>\n<div class=\"card\"><img class=\"card-img-top\" title=\"فندق استقلال (طهران)\" src=\"/storage/pages/March2019/esteghlal1.jpg\" alt=\"Card image cap\" width=\"400\" height=\"300\" data-type=\"image\" />\n<div class=\"card-body\">\n<h5 class=\"card-title\" style=\"direction: rtl;\" data-type=\"header\"><span style=\"font-size: 14px;\">فندق استقلال (طهران)</span></h5>\n<p class=\"card-text\" style=\"direction: rtl;\" data-type=\"paragraph\"><strong>مرافق الفندق:</strong> مصعد ، قاعة مؤتمرات ، غرفة اجتماعات ، إنذار الحريق ، صالة رياضية ، غسيل الملابس ، غرفة الصلاة ، تصفيف الشعر ، أجهزة الصراف الآلي ، مقهى ، موقف سيارات</p>\n<button class=\"btn btn-primary\" type=\"button\">المزيد</button></div>\n</div>\n</div>\n<div class=\"card-group\">\n<div class=\"card\"><img class=\"card-img-top\" title=\"فندق زنىيه (شيراز)\" src=\"/storage/pages/March2019/12.jpeg\" alt=\"Card image cap\" width=\"400\" height=\"300\" data-type=\"image\" />\n<div class=\"card-body\">\n<h5 class=\"card-title\" style=\"direction: rtl;\" data-type=\"header\"><span style=\"font-size: 14px;\">فندق زنىيه (شيراز)</span></h5>\n<p class=\"card-text\" style=\"direction: rtl;\" data-type=\"paragraph\"><strong>مرافق الفندق:</strong>&nbsp;مصعد ، قاعة مؤتمرات ، غرفة اجتماعات ، إنذار الحريق ، صالة رياضية ، غسيل الملابس ، غرفة الصلاة ، تصفيف الشعر ، أجهزة الصراف الآلي ، مقهى ، موقف سيارات.</p>\n<button class=\"btn btn-primary\" type=\"button\">المزيد</button></div>\n</div>\n<div class=\"card\"><img class=\"card-img-top\" title=\"فندق هما (شيراز)\" src=\"/storage/pages/March2019/Homa (shiraz)1.jpg\" alt=\"Card image cap\" width=\"400\" height=\"300\" data-type=\"image\" />\n<div class=\"card-body\">\n<h5 class=\"card-title\" style=\"direction: rtl;\" data-type=\"header\"><span style=\"font-size: 14px;\">فندق هما (شيراز)</span></h5>\n<p class=\"card-text\" style=\"direction: rtl;\" data-type=\"paragraph\"><strong>مرافق الفندق:</strong>&nbsp;مصعد ، قاعة مؤتمرات ، غرفة اجتماعات ، إنذار الحريق ، صالة رياضية ، غسيل الملابس ، غرفة الصلاة ، تصفيف الشعر ، أجهزة الصراف الآلي ، مقهى ، موقف سيارات.</p>\n<div>&nbsp;</div>\n<button class=\"btn btn-primary\" type=\"button\">المزيد</button></div>\n</div>\n<div class=\"card\"><img class=\"card-img-top\" title=\"فندق ارك (شيراز)\" src=\"/storage/pages/March2019/arg hotel (shiraz)1.jpg\" alt=\"Card image cap\" width=\"400\" height=\"300\" data-type=\"image\" />\n<div class=\"card-body\">\n<h5 class=\"card-title\" style=\"direction: rtl;\" data-type=\"header\"><span style=\"font-size: 14px;\">فندق ارك (شيراز)</span></h5>\n<p class=\"card-text\" style=\"direction: rtl;\" data-type=\"paragraph\"><strong>مرافق الفندق:</strong>&nbsp;مصعد ، قاعة مؤتمرات ، غرفة اجتماعات ، إنذار الحريق ، صالة رياضية ، غسيل الملابس ، غرفة الصلاة ، تصفيف الشعر ، أجهزة الصراف الآلي ، مقهى ، موقف سيارات&nbsp;</p>\n<button class=\"btn btn-primary\" type=\"button\">المزيد</button></div>\n</div>\n</div>\n</section>\n<div class=\"row c115482\">&nbsp;</div>\n<div class=\"description\">\n<div class=\"column2\"><!-- end avatars --></div>\n<!-- end column2 --></div>\n<!-- end description -->\n<p>&nbsp;</p>\n<!-- end container -->\n<p>&nbsp;</p>\n<!-- end movie-card -->','2019-02-04 04:54:30','2019-04-01 10:52:11'),(247,'pages','title',9,'ar','اشارة سريعة','2019-02-04 05:05:35','2019-02-04 07:00:19'),(248,'pages','slug',9,'ar','quick-quotes','2019-02-04 05:05:35','2019-03-02 09:23:41'),(249,'pages','body',9,'ar','','2019-02-04 05:05:35','2019-02-04 05:05:35'),(250,'pages','title',10,'ar','أسئلة مكررة','2019-02-04 05:06:32','2019-02-04 06:59:41'),(251,'pages','slug',10,'ar','FAQ','2019-02-04 05:06:32','2019-02-04 05:58:57'),(252,'pages','body',10,'ar','<section class=\"faq\">\n<div class=\"container\">\n<div class=\"row\">\n<div class=\"col-md-6\">\n<h1>Test</h1>\n<div id=\"accordion1\" class=\"panel-group\" role=\"tablist\" aria-multiselectable=\"true\">\n<div class=\"panel panel-default\">\n<div id=\"heading1\" class=\"panel-heading\" role=\"tab\">\n<h4 class=\"panel-title\"><a class=\"collapsed\" role=\"button\" href=\"faq-page.html#collapse1\" data-toggle=\"collapse\" data-parent=\"#accordion1\" aria-expanded=\"false\" aria-controls=\"collapse1\">كيف يمكنني حجز علاج طبي؟</a></h4>\n</div>\n<div id=\"collapse1\" class=\"panel-collapse collapse\" role=\"tabpanel\" aria-labelledby=\"heading1\">\n<div class=\"panel panel-default\">\n<div id=\"collapse1\" class=\"panel-collapse collapse\" role=\"tabpanel\" aria-labelledby=\"heading1\">\n<div class=\"panel panel-default\">\n<div id=\"collapse2\" class=\"panel-collapse collapse\" role=\"tabpanel\" aria-labelledby=\"heading2\">\n<div class=\"panel-body\">Sint diceret in usu. Cu duo exerci regione neglegentur, scripta alterum facilis has cu. Admodum probatus periculis nam eu, primis patrioque vim et. Utinam scaevola eum in. Etiam causae intellegebat id has, ei usu doming reprehendunt.&nbsp;</div>\n</div>\n</div>\n</div>\n</div>\n</div>\n</div>\n<div class=\"panel panel-default\">\n<div id=\"heading2\" class=\"panel-heading\" role=\"tab\">\n<h4 class=\"panel-title\"><a class=\"collapsed\" role=\"button\" href=\"faq-page.html#collapse2\" data-toggle=\"collapse\" data-parent=\"#accordion1\" aria-expanded=\"false\" aria-controls=\"collapse2\"> Sint diceret in usu. Cu duo exerci regione neglegentur. </a></h4>\n</div>\n<div id=\"collapse2\" class=\"panel-collapse collapse\" role=\"tabpanel\" aria-labelledby=\"heading2\">\n<div class=\"panel-body\">Sint diceret in usu. Cu duo exerci regione neglegentur, scripta alterum facilis has cu. Admodum probatus periculis nam eu, primis patrioque vim et. Utinam scaevola eum in. Etiam causae intellegebat id has, ei usu doming reprehendunt.</div>\n</div>\n</div>\n<div class=\"panel panel-default\">\n<div id=\"heading3\" class=\"panel-heading\" role=\"tab\">\n<h4 class=\"panel-title\"><a class=\"collapsed\" role=\"button\" href=\"faq-page.html#collapse3\" data-toggle=\"collapse\" data-parent=\"#accordion1\" aria-expanded=\"false\" aria-controls=\"collapse3\"> Vim at nobis veritus cotidieque, mei ex modo dicta. </a></h4>\n</div>\n<div id=\"collapse3\" class=\"panel-collapse collapse\" role=\"tabpanel\" aria-labelledby=\"heading3\">\n<div class=\"panel-body\">Vim at nobis veritus cotidieque, mei ex modo dicta. Tollit labores ad pri, his et ubique admodum, at consul officiis cotidieque has. An altera fierent consequat qui, cu elitr legere ridens ius. Vocibus hendrerit usu cu, ad eam case tation ancillae. Ut cum invenire suavitate, error tempor at sit.</div>\n</div>\n</div>\n<div class=\"panel panel-default\">\n<div id=\"heading4\" class=\"panel-heading\" role=\"tab\">\n<h4 class=\"panel-title\"><a class=\"collapsed\" role=\"button\" href=\"faq-page.html#collapse4\" data-toggle=\"collapse\" data-parent=\"#accordion1\" aria-expanded=\"false\" aria-controls=\"collapse4\"> Pri wisi civibus at, propriae epicurei id his. </a></h4>\n</div>\n<div id=\"collapse4\" class=\"panel-collapse collapse\" role=\"tabpanel\" aria-labelledby=\"heading4\">\n<div class=\"panel-body\">Pri wisi civibus at, propriae epicurei id his. Et dico quidam has, et mea illud euripidis temporibus. Esse minimum ius ea. Duo recusabo deseruisse ex, te quaestio hendrerit pri. Unum etiam graeco has at. Wisi vidit eligendi sed at, ad qui vide nulla virtute. Duo ei justo dicam.</div>\n</div>\n</div>\n</div>\n<h1>Membership</h1>\n<div id=\"accordion2\" class=\"panel-group\" role=\"tablist\" aria-multiselectable=\"true\">\n<div class=\"panel panel-default\">\n<div id=\"heading5\" class=\"panel-heading\" role=\"tab\">\n<h4 class=\"panel-title\"><a class=\"collapsed\" role=\"button\" href=\"faq-page.html#collapse5\" data-toggle=\"collapse\" data-parent=\"#accordion2\" aria-expanded=\"false\" aria-controls=\"collapse5\"> Lorem ipsum dolor sit amet, summo pericula eam ea. </a></h4>\n</div>\n<div id=\"collapse5\" class=\"panel-collapse collapse\" role=\"tabpanel\" aria-labelledby=\"heading5\">\n<div class=\"panel-body\">Lorem ipsum dolor sit amet, summo pericula eam ea. Eu vel erant libris. Ad utroque mediocrem consequuntur eam. Agam nobis assueverit et est. Ex pri animal repudiandae necessitatibus, at cum facete iisque.</div>\n</div>\n</div>\n<div class=\"panel panel-default\">\n<div id=\"heading6\" class=\"panel-heading\" role=\"tab\">\n<h4 class=\"panel-title\"><a class=\"collapsed\" role=\"button\" href=\"faq-page.html#collapse6\" data-toggle=\"collapse\" data-parent=\"#accordion2\" aria-expanded=\"false\" aria-controls=\"collapse6\"> Sint diceret in usu. Cu duo exerci regione neglegentur. </a></h4>\n</div>\n<div id=\"collapse6\" class=\"panel-collapse collapse\" role=\"tabpanel\" aria-labelledby=\"heading6\">\n<div class=\"panel-body\">Sint diceret in usu. Cu duo exerci regione neglegentur, scripta alterum facilis has cu. Admodum probatus periculis nam eu, primis patrioque vim et. Utinam scaevola eum in. Etiam causae intellegebat id has, ei usu doming reprehendunt.</div>\n</div>\n</div>\n<div class=\"panel panel-default\">\n<div id=\"heading7\" class=\"panel-heading\" role=\"tab\">\n<h4 class=\"panel-title\"><a class=\"collapsed\" role=\"button\" href=\"faq-page.html#collapse7\" data-toggle=\"collapse\" data-parent=\"#accordion2\" aria-expanded=\"false\" aria-controls=\"collapse7\"> Vim at nobis veritus cotidieque, mei ex modo dicta. </a></h4>\n</div>\n<div id=\"collapse7\" class=\"panel-collapse collapse\" role=\"tabpanel\" aria-labelledby=\"heading7\">\n<div class=\"panel-body\">Vim at nobis veritus cotidieque, mei ex modo dicta. Tollit labores ad pri, his et ubique admodum, at consul officiis cotidieque has. An altera fierent consequat qui, cu elitr legere ridens ius. Vocibus hendrerit usu cu, ad eam case tation ancillae. Ut cum invenire suavitate, error tempor at sit.</div>\n</div>\n</div>\n<div class=\"panel panel-default\">\n<div id=\"heading8\" class=\"panel-heading\" role=\"tab\">\n<h4 class=\"panel-title\"><a class=\"collapsed\" role=\"button\" href=\"faq-page.html#collapse8\" data-toggle=\"collapse\" data-parent=\"#accordion2\" aria-expanded=\"false\" aria-controls=\"collapse8\"> Pri wisi civibus at, propriae epicurei id his. </a></h4>\n</div>\n<div id=\"collapse8\" class=\"panel-collapse collapse\" role=\"tabpanel\" aria-labelledby=\"heading8\">\n<div class=\"panel-body\">Pri wisi civibus at, propriae epicurei id his. Et dico quidam has, et mea illud euripidis temporibus. Esse minimum ius ea. Duo recusabo deseruisse ex, te quaestio hendrerit pri. Unum etiam graeco has at. Wisi vidit eligendi sed at, ad qui vide nulla virtute. Duo ei justo dicam.</div>\n</div>\n</div>\n</div>\n</div>\n<div class=\"col-md-6\">\n<h1>Lab Tests</h1>\n<div id=\"accordion3\" class=\"panel-group\" role=\"tablist\" aria-multiselectable=\"true\">\n<div class=\"panel panel-default\">\n<div id=\"heading9\" class=\"panel-heading\" role=\"tab\">\n<h4 class=\"panel-title\"><a class=\"collapsed\" role=\"button\" href=\"faq-page.html#collapse9\" data-toggle=\"collapse\" data-parent=\"#accordion3\" aria-expanded=\"false\" aria-controls=\"collapse9\"> Lorem ipsum dolor sit amet, summo pericula eam ea. </a></h4>\n</div>\n<div id=\"collapse9\" class=\"panel-collapse collapse\" role=\"tabpanel\" aria-labelledby=\"heading9\">\n<div class=\"panel-body\">Lorem ipsum dolor sit amet, summo pericula eam ea. Eu vel erant libris. Ad utroque mediocrem consequuntur eam. Agam nobis assueverit et est. Ex pri animal repudiandae necessitatibus, at cum facete iisque.</div>\n</div>\n</div>\n<div class=\"panel panel-default\">\n<div id=\"heading10\" class=\"panel-heading\" role=\"tab\">\n<h4 class=\"panel-title\"><a class=\"collapsed\" role=\"button\" href=\"faq-page.html#collapse10\" data-toggle=\"collapse\" data-parent=\"#accordion3\" aria-expanded=\"false\" aria-controls=\"collapse10\"> Sint diceret in usu. Cu duo exerci regione neglegentur. </a></h4>\n</div>\n<div id=\"collapse10\" class=\"panel-collapse collapse\" role=\"tabpanel\" aria-labelledby=\"heading10\">\n<div class=\"panel-body\">Sint diceret in usu. Cu duo exerci regione neglegentur, scripta alterum facilis has cu. Admodum probatus periculis nam eu, primis patrioque vim et. Utinam scaevola eum in. Etiam causae intellegebat id has, ei usu doming reprehendunt.</div>\n</div>\n</div>\n<div class=\"panel panel-default\">\n<div id=\"heading11\" class=\"panel-heading\" role=\"tab\">\n<h4 class=\"panel-title\"><a class=\"collapsed\" role=\"button\" href=\"faq-page.html#collapse11\" data-toggle=\"collapse\" data-parent=\"#accordion3\" aria-expanded=\"false\" aria-controls=\"collapse11\"> Vim at nobis veritus cotidieque, mei ex modo dicta. </a></h4>\n</div>\n<div id=\"collapse11\" class=\"panel-collapse collapse\" role=\"tabpanel\" aria-labelledby=\"heading11\">\n<div class=\"panel-body\">Vim at nobis veritus cotidieque, mei ex modo dicta. Tollit labores ad pri, his et ubique admodum, at consul officiis cotidieque has. An altera fierent consequat qui, cu elitr legere ridens ius. Vocibus hendrerit usu cu, ad eam case tation ancillae. Ut cum invenire suavitate, error tempor at sit.</div>\n</div>\n</div>\n<div class=\"panel panel-default\">\n<div id=\"heading12\" class=\"panel-heading\" role=\"tab\">\n<h4 class=\"panel-title\"><a class=\"collapsed\" role=\"button\" href=\"faq-page.html#collapse12\" data-toggle=\"collapse\" data-parent=\"#accordion3\" aria-expanded=\"false\" aria-controls=\"collapse12\"> Pri wisi civibus at, propriae epicurei id his. </a></h4>\n</div>\n<div id=\"collapse12\" class=\"panel-collapse collapse\" role=\"tabpanel\" aria-labelledby=\"heading12\">\n<div class=\"panel-body\">Pri wisi civibus at, propriae epicurei id his. Et dico quidam has, et mea illud euripidis temporibus. Esse minimum ius ea. Duo recusabo deseruisse ex, te quaestio hendrerit pri. Unum etiam graeco has at. Wisi vidit eligendi sed at, ad qui vide nulla virtute. Duo ei justo dicam.</div>\n</div>\n</div>\n</div>\n<h1>Clinical Service</h1>\n<div id=\"accordion4\" class=\"panel-group\" role=\"tablist\" aria-multiselectable=\"true\">\n<div class=\"panel panel-default\">\n<div id=\"heading13\" class=\"panel-heading\" role=\"tab\">\n<h4 class=\"panel-title\"><a class=\"collapsed\" role=\"button\" href=\"faq-page.html#collapse13\" data-toggle=\"collapse\" data-parent=\"#accordion4\" aria-expanded=\"false\" aria-controls=\"collapse13\"> Lorem ipsum dolor sit amet, summo pericula eam ea. </a></h4>\n</div>\n<div id=\"collapse13\" class=\"panel-collapse collapse\" role=\"tabpanel\" aria-labelledby=\"heading13\">\n<div class=\"panel-body\">Lorem ipsum dolor sit amet, summo pericula eam ea. Eu vel erant libris. Ad utroque mediocrem consequuntur eam. Agam nobis assueverit et est. Ex pri animal repudiandae necessitatibus, at cum facete iisque.</div>\n</div>\n</div>\n<div class=\"panel panel-default\">\n<div id=\"heading14\" class=\"panel-heading\" role=\"tab\">\n<h4 class=\"panel-title\"><a class=\"collapsed\" role=\"button\" href=\"faq-page.html#collapse14\" data-toggle=\"collapse\" data-parent=\"#accordion4\" aria-expanded=\"false\" aria-controls=\"collapse14\"> Sint diceret in usu. Cu duo exerci regione neglegentur. </a></h4>\n</div>\n<div id=\"collapse14\" class=\"panel-collapse collapse\" role=\"tabpanel\" aria-labelledby=\"heading14\">\n<div class=\"panel-body\">Sint diceret in usu. Cu duo exerci regione neglegentur, scripta alterum facilis has cu. Admodum probatus periculis nam eu, primis patrioque vim et. Utinam scaevola eum in. Etiam causae intellegebat id has, ei usu doming reprehendunt.</div>\n</div>\n</div>\n<div class=\"panel panel-default\">\n<div id=\"heading15\" class=\"panel-heading\" role=\"tab\">\n<h4 class=\"panel-title\"><a class=\"collapsed\" role=\"button\" href=\"faq-page.html#collapse15\" data-toggle=\"collapse\" data-parent=\"#accordion4\" aria-expanded=\"false\" aria-controls=\"collapse15\"> Vim at nobis veritus cotidieque, mei ex modo dicta. </a></h4>\n</div>\n<div id=\"collapse15\" class=\"panel-collapse collapse\" role=\"tabpanel\" aria-labelledby=\"heading15\">\n<div class=\"panel-body\">Vim at nobis veritus cotidieque, mei ex modo dicta. Tollit labores ad pri, his et ubique admodum, at consul officiis cotidieque has. An altera fierent consequat qui, cu elitr legere ridens ius. Vocibus hendrerit usu cu, ad eam case tation ancillae. Ut cum invenire suavitate, error tempor at sit.</div>\n</div>\n</div>\n<div class=\"panel panel-default\">\n<div id=\"heading16\" class=\"panel-heading\" role=\"tab\">\n<h4 class=\"panel-title\"><a class=\"collapsed\" role=\"button\" href=\"faq-page.html#collapse16\" data-toggle=\"collapse\" data-parent=\"#accordion4\" aria-expanded=\"false\" aria-controls=\"collapse16\"> Pri wisi civibus at, propriae epicurei id his. </a></h4>\n</div>\n<div id=\"collapse16\" class=\"panel-collapse collapse\" role=\"tabpanel\" aria-labelledby=\"heading16\">\n<div class=\"panel-body\">Pri wisi civibus at, propriae epicurei id his. Et dico quidam has, et mea illud euripidis temporibus. Esse minimum ius ea. Duo recusabo deseruisse ex, te quaestio hendrerit pri. Unum etiam graeco has at. Wisi vidit eligendi sed at, ad qui vide nulla virtute. Duo ei justo dicam.</div>\n</div>\n</div>\n</div>\n</div>\n</div>\n</div>\n</section>','2019-02-04 05:06:32','2019-03-28 06:56:26'),(256,'pages','title',12,'ar','اتصل بنا','2019-02-04 06:46:17','2019-02-04 06:47:45'),(257,'pages','slug',12,'ar','اتصل-بنا','2019-02-04 06:46:17','2019-02-04 06:47:45'),(258,'pages','body',12,'ar','','2019-02-04 06:46:17','2019-02-04 06:46:17'),(259,'pages','title',13,'ar','','2019-02-05 06:06:34','2019-02-05 06:06:34'),(260,'pages','slug',13,'ar','','2019-02-05 06:06:34','2019-02-05 06:06:34'),(261,'pages','body',13,'ar','','2019-02-05 06:06:34','2019-02-05 06:06:34'),(262,'data_types','display_name_singular',17,'ar','Doctor','2019-02-08 19:19:56','2019-02-08 19:19:56'),(263,'data_types','display_name_plural',17,'ar','Doctors','2019-02-08 19:19:56','2019-02-08 19:19:56'),(264,'menu_items','title',51,'ar','Doctors','2019-02-08 19:24:43','2019-02-08 19:24:43'),(265,'data_types','display_name_singular',18,'ar','Doctor\'s Socials','2019-02-08 19:32:17','2019-02-08 19:32:17'),(266,'data_types','display_name_plural',18,'ar','Networks','2019-02-08 19:32:17','2019-02-08 19:32:17'),(267,'menu_items','title',52,'ar','Networks','2019-02-08 19:33:56','2019-02-08 19:33:56'),(273,'doctors','name',2,'ar','الدكتور عبدالرضا جميليان','2019-02-11 11:07:57','2019-05-02 18:17:21'),(274,'doctors','about',2,'ar','<p style=\"box-sizing: border-box; margin: 0px 0px 10px; padding: 0px; border: 0px; outline: none; color: #656464; font-family: \'Open Sans\', sans-serif; font-size: 13px;\">&nbsp;</p>\n<p class=\"MsoNormal\" dir=\"RTL\"><strong><span lang=\"AR-SA\" style=\"font-family: Arial, sans-serif;\">التخصصات</span></strong></p>\n<p class=\"MsoNormal\" dir=\"RTL\"><span lang=\"AR-SA\" style=\"font-family: \'Arial\',\'sans-serif\'; mso-ascii-theme-font: minor-bidi; mso-hansi-theme-font: minor-bidi; mso-bidi-theme-font: minor-bidi; color: #333333; mso-bidi-language: AR-SA;\">الدكتور جميليان هو أخصائي تقويم أسنان وصاحب براءة اختراع</span><span dir=\"LTR\" style=\"font-family: \'Arial\',\'sans-serif\'; mso-ascii-theme-font: minor-bidi; mso-hansi-theme-font: minor-bidi; mso-bidi-theme-font: minor-bidi; color: #333333; mso-bidi-language: AR-SA;\"> USPTO </span><span lang=\"AR-SA\" style=\"font-family: \'Arial\',\'sans-serif\'; mso-ascii-theme-font: minor-bidi; mso-hansi-theme-font: minor-bidi; mso-bidi-theme-font: minor-bidi; color: #333333; mso-bidi-language: AR-SA;\">العالمي يضمن في: طريقة ونظام &nbsp;لعلاج النقص الفكي باستخدام </span><span dir=\"LTR\" style=\"font-family: \'Arial\',\'sans-serif\'; mso-ascii-theme-font: minor-bidi; mso-hansi-theme-font: minor-bidi; mso-bidi-theme-font: minor-bidi; color: #333333; mso-bidi-language: AR-SA;\">Miniscrews</span></p>\n<p class=\"MsoNormal\" dir=\"RTL\">&nbsp;</p>\n<p class=\"MsoNormal\" dir=\"RTL\"><strong><span lang=\"AR-SA\" style=\"font-family: \'Arial\',\'sans-serif\'; mso-ascii-theme-font: minor-bidi; mso-hansi-theme-font: minor-bidi; mso-bidi-theme-font: minor-bidi; color: #333333; mso-bidi-language: AR-SA;\">التعليم والتدريب</span></strong></p>\n<p class=\"MsoNormal\" dir=\"RTL\" style=\"mso-outline-level: 2; margin: 7.5pt 0in 3.75pt 0in;\">&nbsp;&nbsp;<span lang=\"AR-SA\" style=\"font-family: \'Arial\',\'sans-serif\'; mso-ascii-theme-font: minor-bidi; mso-hansi-theme-font: minor-bidi; mso-bidi-theme-font: minor-bidi; color: #333333; mso-bidi-language: AR-SA;\"><span dir=\"RTL\" lang=\"AR-SA\" style=\"font-size: 10pt; color: #656464;\">شهادة جراحة الأسنان&nbsp;</span></span><span style=\"color: #656464; font-family: Arial, sans-serif; font-size: 10pt;\">&nbsp;(D.D.S.)&nbsp;</span><span style=\"font-size: 13.3333px; color: #656464; font-family: Arial, sans-serif;\">من جامعة شهيد بهشتي للعلوم الطبية في عام 1991</span></p>\n<p class=\"MsoNormal\" dir=\"RTL\" style=\"mso-outline-level: 2; margin: 7.5pt 0in 3.75pt 0in;\"><span style=\"font-size: 13.3333px; color: #656464; font-family: Arial, sans-serif;\"><span dir=\"RTL\" lang=\"AR-SA\" style=\"font-size: 10pt; font-family: Arial, sans-serif;\">&nbsp;شهادة تقويم الأسنان من جامعة شهيد بهشتي للعلوم الطبية عام 1998</span></span></p>\n<p class=\"MsoNormal\" dir=\"RTL\" style=\"mso-outline-level: 2; margin: 7.5pt 0in 3.75pt 0in;\"><span style=\"font-size: 13.3333px; color: #656464; font-family: Arial, sans-serif;\"><span dir=\"RTL\" lang=\"AR-SA\" style=\"font-size: 10pt; font-family: Arial, sans-serif;\"><span dir=\"RTL\" lang=\"AR-SA\" style=\"font-size: 10pt; font-family: Arial, sans-serif;\">&nbsp;رفقة (عضو) جراحة الفك ومتلازمات القحفي جامعة الشهيد بهشتي للعلوم الطبية في عام 2011</span></span></span></p>\n<p class=\"MsoNormal\" dir=\"RTL\" style=\"mso-outline-level: 2; margin: 7.5pt 0in 3.75pt 0in;\">&nbsp;</p>\n<p class=\"MsoNormal\" dir=\"RTL\" style=\"mso-outline-level: 2; margin: 7.5pt 0in 3.75pt 0in;\">&nbsp;<strong><span lang=\"AR-SA\" style=\"font-family: \'Arial\',\'sans-serif\'; mso-ascii-theme-font: minor-bidi; mso-hansi-theme-font: minor-bidi; mso-bidi-theme-font: minor-bidi; color: #333333; mso-bidi-language: AR-SA;\">الخبرة و شهادات المجلس</span></strong></p>\n<p class=\"MsoNormal\" dir=\"RTL\" style=\"mso-outline-level: 2; margin: 7.5pt 0in 3.75pt 0in;\"><span style=\"color: #333333; font-family: \'Open Sans\', sans-serif; font-size: 16px;\">&nbsp; </span><span style=\"font-family: Arial, sans-serif;\">الدكتور جميليان هو عضو بارز في مجلس تقويم الأسنان الإيراني والأوروبي ، ويشتهر بإبداعاته الرائعة في تصميم الطرائق العلاجية لمرضى سوء الإطباق من الدرجة الثالثة.</span></p>\n<p class=\"MsoNormal\" dir=\"RTL\" style=\"mso-outline-level: 2; margin: 7.5pt 0in 3.75pt 0in;\">&nbsp;</p>\n<p class=\"MsoNormal\" dir=\"RTL\" style=\"mso-outline-level: 2; margin: 7.5pt 0in 3.75pt 0in;\"><strong><span lang=\"AR-SA\" style=\"font-family: \'Arial\',\'sans-serif\'; mso-ascii-theme-font: minor-bidi; mso-hansi-theme-font: minor-bidi; mso-bidi-theme-font: minor-bidi; color: #333333; mso-bidi-language: AR-SA;\">العضويات المهنية</span></strong>&nbsp;</p>\n<ul style=\"text-align: right;\" type=\"disc\">\n<li class=\"MsoNormal\" dir=\"RTL\" style=\"color: #444444; mso-margin-top-alt: auto; mso-margin-bottom-alt: auto; mso-list: l0 level1 lfo1; tab-stops: list .5in;\"><span lang=\"AR-SA\" style=\"font-size: 10.5pt; font-family: \'Arial\',\'sans-serif\'; mso-ascii-theme-font: minor-bidi; mso-hansi-theme-font: minor-bidi; mso-bidi-theme-font: minor-bidi; mso-bidi-language: AR-SA;\">&nbsp; الاتحاد العالمي لتقويم الأسنان</span></li>\n<li class=\"MsoNormal\" dir=\"RTL\" style=\"color: #444444; mso-margin-top-alt: auto; mso-margin-bottom-alt: auto; mso-list: l0 level1 lfo1; tab-stops: list .5in;\"><span lang=\"AR-SA\" style=\"font-size: 10.5pt; font-family: \'Arial\',\'sans-serif\'; mso-ascii-theme-font: minor-bidi; mso-hansi-theme-font: minor-bidi; mso-bidi-theme-font: minor-bidi; mso-bidi-language: AR-SA;\">&nbsp; الرابطة الأمريكية لتقويم الأسنان</span></li>\n<li class=\"MsoNormal\" dir=\"RTL\" style=\"color: #444444; mso-margin-top-alt: auto; mso-margin-bottom-alt: auto; mso-list: l0 level1 lfo1; tab-stops: list .5in;\"><span lang=\"AR-SA\" style=\"font-size: 10.5pt; font-family: \'Arial\',\'sans-serif\'; mso-ascii-theme-font: minor-bidi; mso-hansi-theme-font: minor-bidi; mso-bidi-theme-font: minor-bidi; mso-bidi-language: AR-SA;\">&nbsp; الجمعية الأوروبية لتقويم الأسنان</span></li>\n<li class=\"MsoNormal\" dir=\"RTL\" style=\"color: #444444; mso-margin-top-alt: auto; mso-margin-bottom-alt: auto; mso-list: l0 level1 lfo1; tab-stops: list .5in;\"><span lang=\"AR-SA\" style=\"font-size: 10.5pt; font-family: \'Arial\',\'sans-serif\'; mso-ascii-theme-font: minor-bidi; mso-hansi-theme-font: minor-bidi; mso-bidi-theme-font: minor-bidi; mso-bidi-language: AR-SA;\">&nbsp; الرابطة الإيرانية لتقويم الأسنان</span></li>\n</ul>\n<p class=\"MsoNormal\" dir=\"RTL\" style=\"margin: 7.5pt 0in 3.75pt; text-align: right;\">&nbsp;</p>\n<p class=\"MsoNormal\" dir=\"RTL\" style=\"margin: 7.5pt 0in 3.75pt; text-align: right;\"><strong><span lang=\"AR-SA\" style=\"font-family: \'Arial\',\'sans-serif\'; mso-ascii-theme-font: minor-bidi; mso-hansi-theme-font: minor-bidi; mso-bidi-theme-font: minor-bidi; color: #333333; mso-bidi-language: AR-SA;\">اللغات</span></strong></p>\n<ul type=\"disc\">\n<li class=\"MsoNormal\" dir=\"RTL\" style=\"color: #444444; text-align: right;\"><span lang=\"AR-SA\" style=\"font-size: 10.5pt; font-family: \'Arial\',\'sans-serif\'; mso-ascii-theme-font: minor-bidi; mso-hansi-theme-font: minor-bidi; mso-bidi-theme-font: minor-bidi; mso-bidi-language: AR-SA;\">&nbsp;الانجليزية</span></li>\n<li class=\"MsoNormal\" dir=\"RTL\" style=\"color: #444444; text-align: right;\"><span lang=\"AR-SA\" style=\"font-size: 10.5pt; font-family: \'Arial\',\'sans-serif\'; mso-ascii-theme-font: minor-bidi; mso-hansi-theme-font: minor-bidi; mso-bidi-theme-font: minor-bidi; mso-bidi-language: AR-SA;\">&nbsp;الفارسية</span></li>\n</ul>','2019-02-11 11:07:57','2019-05-04 06:22:14'),(275,'doctors','testimonal',2,'ar','<p><iframe title=\"Medtouriran-Jamilian5\" src=\"https://www.youtube.com/embed/qkLgamwEKKk?wmode=opaque&amp;theme=dark\" width=\"570\" height=\"321\" frameborder=\"0\" allowfullscreen=\"\"></iframe></p>','2019-02-11 11:07:57','2019-05-04 06:05:24'),(276,'doctors','address',2,'ar','','2019-02-11 11:07:57','2019-02-11 11:07:57'),(281,'doctors','name',4,'ar','الدكتور بهرام بادامجي','2019-02-14 10:00:49','2019-08-13 01:36:07'),(282,'doctors','about',4,'ar','.الدكتور بهرام بادامجي هو واحد من الأطباء الأوائل في إيران الذين يتمتعون بتجربة كاملة وشاملة في التنظير والأورام الحميدة الأنفية. في سجل الدكتور بهرام بادامجي ، تم العثور على أكثر من 3000 حالة من جراحة الأنف وجراحة الأنف التجميلية. وهو عضو في جمعية أمراض الأنف الإيرانية وجمعية أبحاث الأنف ، وقد شارك في العديد من المؤتمرات والمؤتمرات الدولية في إيران وأوروبا باستخدام أحدث الأساليب الجراحية في هذا المجال للحفاظ على رضا المرضى عن طريق الحفاظ على وظائف الأعضاء الطبيعية.','2019-02-14 10:00:49','2019-10-30 05:56:36'),(283,'doctors','testimonal',4,'ar','','2019-02-14 10:00:49','2019-02-14 10:00:49'),(284,'doctors','address',4,'ar','','2019-02-14 10:00:49','2019-02-14 10:00:49'),(302,'menu_items','title',53,'ar','أعضاء شركتنا','2019-02-24 07:37:01','2019-03-03 10:24:21'),(303,'data_types','display_name_singular',6,'ar','Page','2019-02-24 08:37:40','2019-02-24 08:37:40'),(304,'data_types','display_name_plural',6,'ar','Pages','2019-02-24 08:37:40','2019-02-24 08:37:40'),(305,'data_types','display_name_singular',21,'ar','Package','2019-02-24 21:22:42','2019-02-24 21:22:42'),(306,'data_types','display_name_plural',21,'ar','Packages','2019-02-24 21:22:42','2019-02-24 21:22:42'),(313,'menu_items','title',55,'ar','Testimonials','2019-02-24 22:10:54','2019-02-24 22:10:54'),(314,'menu_items','title',56,'ar','Packages','2019-02-24 22:11:44','2019-02-24 22:11:44'),(315,'packages','title',2,'ar',' تجميل الأنف','2019-02-25 12:43:17','2019-07-31 00:49:10'),(316,'packages','subtitle',2,'ar','طهران','2019-02-25 12:43:17','2019-03-03 11:35:47'),(317,'packages','timeline',2,'ar','','2019-02-25 12:43:17','2019-02-25 12:43:17'),(318,'packages','description',2,'ar','<p>rerger</p>','2019-02-25 12:43:17','2019-07-31 00:49:10'),(319,'packages','before_price',2,'ar','From','2019-02-25 12:43:17','2019-02-27 05:53:25'),(320,'packages','after_price',2,'ar','','2019-02-25 12:43:17','2019-02-25 12:43:17'),(321,'packages','title',1,'ar','زراعة الشعر','2019-02-25 12:59:49','2019-02-27 05:54:27'),(322,'packages','subtitle',1,'ar',' طهران','2019-02-25 12:59:49','2019-03-03 11:35:59'),(323,'packages','timeline',1,'ar','<p>test</p>','2019-02-25 12:59:49','2019-02-25 12:59:49'),(324,'packages','description',1,'ar','<p>test</p>','2019-02-25 12:59:49','2019-02-25 12:59:49'),(325,'packages','before_price',1,'ar','from','2019-02-25 12:59:49','2019-02-25 12:59:49'),(326,'packages','after_price',1,'ar','','2019-02-25 12:59:49','2019-02-27 05:54:27'),(327,'packages','title',3,'ar','زرع الأسنان','2019-02-25 13:03:24','2019-02-27 05:50:59'),(328,'packages','subtitle',3,'ar','طهران','2019-02-25 13:03:24','2019-03-03 11:35:33'),(329,'packages','timeline',3,'ar','','2019-02-25 13:03:24','2019-02-25 13:03:24'),(330,'packages','description',3,'ar','','2019-02-25 13:03:24','2019-02-25 13:03:24'),(331,'packages','before_price',3,'ar','ابتداءً من','2019-02-25 13:03:24','2019-07-31 00:11:59'),(332,'packages','after_price',3,'ar','per tooth','2019-02-25 13:03:24','2019-02-27 05:50:59'),(336,'packages','options',1,'ar','تأشيرة دخول;\nنقل داخل طهران;\nالإقامة;\nمترجم;\nمتابعة;\nمشاهدة معالم المدينة','2019-02-25 18:22:33','2019-02-27 07:51:46'),(337,'packages','options',3,'ar','تأشيرة دخول;\nنقل داخل طهران;\nالإقامة ;\nمترجم;\nمتابعة;\nمشاهدة معالم المدينة','2019-02-26 07:47:39','2019-02-27 07:50:45'),(338,'packages','options',2,'ar','تأشيرة دخول;\nنقل داخل طهران;\nالإقامة;\nمترجم;\nمتابعة;\nمشاهدة معالم المدينة','2019-02-27 05:39:51','2019-02-27 07:51:03'),(339,'data_types','display_name_singular',20,'ar','Testimonial','2019-03-01 19:24:07','2019-03-01 19:24:07'),(340,'data_types','display_name_plural',20,'ar','Testimonials','2019-03-01 19:24:07','2019-03-01 19:24:07'),(341,'pages','excerpt',9,'ar','Med Tour Iran','2019-03-01 19:46:24','2019-03-02 09:23:41'),(343,'pages','excerpt',12,'ar','العربیه','2019-03-04 04:33:30','2019-03-04 04:33:30'),(344,'pages','excerpt',2,'ar','','2019-03-04 04:34:47','2019-03-04 04:34:47'),(345,'pages','excerpt',6,'ar','our medical centers','2019-03-06 05:22:39','2019-03-06 05:22:39'),(346,'doctors','name',6,'ar','الدكتور بهزاد عليزاده','2019-03-16 02:22:26','2019-05-02 18:18:04'),(347,'doctors','about',6,'ar','','2019-03-16 02:22:26','2019-03-16 02:22:26'),(348,'doctors','testimonal',6,'ar','','2019-03-16 02:22:26','2019-03-16 02:22:26'),(349,'doctors','address',6,'ar','','2019-03-16 02:22:26','2019-03-16 02:22:26'),(354,'pages','excerpt',8,'ar','','2019-03-16 13:11:30','2019-03-16 13:11:30'),(355,'pages','title',15,'ar','أعضاء شركتنا','2019-03-17 17:31:17','2019-03-18 07:13:06'),(356,'pages','slug',15,'ar','aadhaa-shrktna','2019-03-17 17:31:17','2019-03-18 07:13:06'),(357,'pages','body',15,'ar','<p style=\"text-align: left;\">&nbsp;</p>\n<!------ Include the above in your HEAD tag ---------->\n<p style=\"text-align: left;\">&nbsp;</p>\n<div class=\"container\" style=\"text-align: left;\">\n<div class=\"row\">\n<div class=\"col-md-10 col-md-offset-1\">\n<div class=\"col-lg-12\">\n<h6 class=\"description\" style=\"text-align: left;\">&nbsp;</h6>\n<div class=\"row pt-md\">\n<div class=\"col-lg-3 col-md-3 col-sm-4 col-xs-12 profile\" style=\"text-align: left;\">\n<div class=\"img-box\"><img class=\"img-responsive\" src=\"/storage/pages/March2019/mohammad taghi7.jpg\" width=\"600\" height=\"700\" /></div>\n<h1 style=\"text-align: center;\"><span style=\"font-size: 12pt; color: #000000;\">محمد زرين كلاه</span></h1>\n<h2 style=\"text-align: center;\"><span style=\"font-size: 14pt; color: #3366ff;\"><strong>مؤسس</strong></span></h2>\n<p>&nbsp;</p>\n</div>\n<div class=\"col-lg-3 col-md-3 col-sm-4 col-xs-12 profile\" style=\"text-align: left;\">\n<div class=\"img-box\"><img class=\"img-responsive\" src=\"/storage/pages/March2019/mohammad5.jpg\" width=\"600\" height=\"700\" /></div>\n<h1 style=\"text-align: center;\"><span style=\"font-size: 12pt; color: #000000;\">محمد نيكويي</span></h1>\n<h2 style=\"text-align: center;\"><span style=\"font-size: 14pt;\"><strong><span style=\"color: #3366ff;\">شريك مؤسس&nbsp;</span></strong></span></h2>\n<p>&nbsp;</p>\n</div>\n<div class=\"col-lg-3 col-md-3 col-sm-4 col-xs-12 profile\" style=\"text-align: left;\">\n<div class=\"img-box\"><img class=\"img-responsive\" src=\"/storage/pages/March2019/alireza5.jpg\" width=\"600\" height=\"700\" /></div>\n<h1 style=\"text-align: center;\"><span style=\"font-size: 12pt; color: #000000;\">عليرضا تقديسي</span></h1>\n<h2 style=\"text-align: center;\"><span style=\"font-size: 14pt;\"><strong><span style=\"color: #3366ff;\">مديرانتاج المحتوي</span></strong></span></h2>\n<p>&nbsp;</p>\n</div>\n<div class=\"col-lg-3 col-md-3 col-sm-4 col-xs-12 profile\" style=\"text-align: left;\">\n<div class=\"img-box\"><img class=\"img-responsive\" src=\"/storage/pages/March2019/masoud24.jpg\" width=\"600\" height=\"700\" /></div>\n<h1 style=\"text-align: center;\"><span style=\"font-size: 12pt; color: #000000;\">&nbsp;دكتورمسعود ساجدي</span></h1>\n<h2 style=\"text-align: center;\"><span style=\"color: #3366ff; font-size: 14pt;\">مديرالفريق الطبي</span></h2>\n<p>&nbsp;</p>\n</div>\n<div class=\"col-lg-3 col-md-3 col-sm-4 col-xs-12 profile\" style=\"text-align: left;\">\n<div class=\"img-box\"><img class=\"img-responsive\" src=\"/storage/pages/March2019/tavakkol4.jpg\" width=\"600\" height=\"700\" /></div>\n<h1 style=\"text-align: center;\"><span style=\"font-size: 12pt; color: #000000;\">دكتورشيوا توكل</span></h1>\n<h2 style=\"text-align: center;\"><span style=\"color: #3366ff;\"><strong><span style=\"font-size: 14pt;\">عضوالفريق الطبي</span></strong></span></h2>\n<p>&nbsp;</p>\n</div>\n<div class=\"col-lg-3 col-md-3 col-sm-4 col-xs-12 profile\" style=\"text-align: left;\">\n<div class=\"img-box\"><img class=\"img-responsive\" src=\"/storage/pages/March2019/dehghan4.jpg\" width=\"600\" height=\"700\" /></div>\n<h1 style=\"text-align: center;\"><span style=\"font-size: 12pt; color: #000000;\">دكتورأناهيتا دهقان</span></h1>\n<h2 style=\"text-align: center;\"><strong><span style=\"font-size: 14pt; color: #3366ff;\">عضوالفريق الطبي</span></strong></h2>\n<p>&nbsp;</p>\n</div>\n</div>\n</div>\n</div>\n</div>\n</div>','2019-03-17 17:31:17','2019-03-31 08:47:11'),(358,'pages','excerpt',15,'ar','','2019-03-17 17:31:17','2019-03-17 17:31:17'),(359,'pages','excerpt',10,'ar','FAQ','2019-03-28 06:47:48','2019-03-28 06:47:48'),(360,'pages','excerpt',3,'ar','Explaining Iran capabilities','2019-04-06 10:22:55','2019-04-06 10:22:55'),(361,'pages','excerpt',13,'ar','Gallery','2019-04-15 11:11:14','2019-04-15 11:11:14'),(362,'doctors','name',8,'ar','الدكتور ميرمحمد صادقي','2019-05-02 18:00:44','2019-05-02 18:14:22'),(363,'doctors','about',8,'ar','<p style=\"text-align: right;\">&nbsp;</p>\n<p class=\"MsoNormal\" dir=\"RTL\" style=\"mso-outline-level: 2; margin: 7.5pt 0in 3.75pt 0in;\"><strong><span lang=\"AR-SA\" style=\"font-family: \'Arial\',\'sans-serif\'; mso-ascii-theme-font: minor-bidi; mso-hansi-theme-font: minor-bidi; mso-bidi-theme-font: minor-bidi; color: #333333; mso-bidi-language: AR-SA;\">التخصصات</span></strong></p>\n<p class=\"MsoNormal\" dir=\"RTL\"><span lang=\"AR-SA\" style=\"font-size: 10.0pt; font-family: \'Arial\',\'sans-serif\'; mso-ascii-theme-font: minor-bidi; mso-hansi-theme-font: minor-bidi; mso-bidi-theme-font: minor-bidi; color: #656464; mso-bidi-language: AR-SA;\">الدكتور ميرمحمد صادقي هو جراح و اخصائي طب العيون. تخصص الدكتور يغطي كل من: زراعة عدسة العين, جراحة عدسة </span><span dir=\"LTR\" style=\"font-size: 10.0pt; font-family: \'Arial\',\'sans-serif\'; mso-ascii-theme-font: minor-bidi; mso-hansi-theme-font: minor-bidi; mso-bidi-theme-font: minor-bidi; color: #656464;\">Artesian</span><span lang=\"AR-SA\" style=\"font-size: 10.0pt; font-family: \'Arial\',\'sans-serif\'; mso-ascii-theme-font: minor-bidi; mso-hansi-theme-font: minor-bidi; mso-bidi-theme-font: minor-bidi; color: #656464; mso-bidi-language: AR-SA;\">, جراحة عتامة العين (الساد اي الماء الابيض) (خاصة باستخدام جهاز الفاكو المتطور تكنولوجيا) و الليزيك و ايضا فمتو الليزيك.</span>&nbsp;</p>\n<p class=\"MsoNormal\" dir=\"RTL\" style=\"mso-margin-top-alt: auto; mso-margin-bottom-alt: auto;\"><strong><span lang=\"AR-SA\" style=\"font-family: \'Arial\',\'sans-serif\'; mso-ascii-theme-font: minor-bidi; mso-hansi-theme-font: minor-bidi; mso-bidi-theme-font: minor-bidi; color: #333333; mso-bidi-language: AR-SA;\">التعلم و التدريب</span></strong></p>\n<p class=\"MsoNormal\" dir=\"RTL\" style=\"margin-bottom: 7.5pt;\"><span lang=\"AR-SA\" style=\"font-size: 10.0pt; font-family: \'Arial\',\'sans-serif\'; mso-ascii-theme-font: minor-bidi; mso-hansi-theme-font: minor-bidi; mso-bidi-theme-font: minor-bidi; color: #656464; mso-bidi-language: AR-SA;\"><span style=\"mso-spacerun: yes;\">&nbsp; </span>الجراحة التجميلية<span style=\"mso-spacerun: yes;\">&nbsp; </span>و جراحة تجميل الوجه (لعشرة اشهر), جامعة ايران للعلوم الطبية, طهران. 2005</span></p>\n<p class=\"MsoNormal\" dir=\"RTL\" style=\"mso-outline-level: 2; margin: 7.5pt 0in 3.75pt 0in;\"><strong><span lang=\"AR-SA\" style=\"font-family: \'Arial\',\'sans-serif\'; mso-ascii-theme-font: minor-bidi; mso-hansi-theme-font: minor-bidi; mso-bidi-theme-font: minor-bidi; color: #333333; mso-bidi-language: AR-SA;\">الخبرة و شهادات المجلس</span></strong></p>\n<p class=\"MsoNormal\" dir=\"RTL\" style=\"mso-outline-level: 2; margin: 7.5pt 0in 3.75pt 0in;\"><span lang=\"AR-SA\" style=\"font-family: \'Arial\',\'sans-serif\'; mso-ascii-theme-font: minor-bidi; mso-hansi-theme-font: minor-bidi; mso-bidi-theme-font: minor-bidi; color: #333333; mso-bidi-language: AR-SA;\">رفقة الجراحة التجميلية, الليزيك و فمتو</span></p>\n<p class=\"MsoNormal\" dir=\"RTL\" style=\"mso-outline-level: 2; margin: 7.5pt 0in 3.75pt 0in;\"><span lang=\"AR-SA\" style=\"font-family: \'Arial\',\'sans-serif\'; mso-ascii-theme-font: minor-bidi; mso-hansi-theme-font: minor-bidi; mso-bidi-theme-font: minor-bidi; color: #333333; mso-bidi-language: AR-SA;\">المؤتمر التاسع والعشرون للجمعية الأوروبية لجراحات الساد وجراحة الانكسار ، فيينا ، النمسا ، سبتمبر 2011</span></p>\n<p class=\"MsoNormal\" dir=\"RTL\" style=\"mso-outline-level: 2; margin: 7.5pt 0in 3.75pt 0in;\"><span lang=\"AR-SA\" style=\"font-family: \'Arial\',\'sans-serif\'; mso-ascii-theme-font: minor-bidi; mso-hansi-theme-font: minor-bidi; mso-bidi-theme-font: minor-bidi; color: #444444; mso-bidi-language: AR-SA;\">المؤتمر السابع والعشرون للجمعية الأوروبية لجراحي الساد والإنكسار ، برشلونة ، إسبانيا ، سبتمبر 2009</span></p>\n<p class=\"MsoNormal\" dir=\"RTL\" style=\"mso-outline-level: 2; margin: 7.5pt 0in 3.75pt 0in;\"><span lang=\"AR-SA\" style=\"font-family: \'Arial\',\'sans-serif\'; mso-ascii-theme-font: minor-bidi; mso-hansi-theme-font: minor-bidi; mso-bidi-theme-font: minor-bidi; color: #333333; mso-bidi-language: AR-SA;\">المؤتمر الخامس والعشرون للجمعية الأوروبية لجراحي الساد والإنكسار ، ستوكهولم ، السويد ، سبتمبر 2007</span></p>\n<p class=\"MsoNormal\" dir=\"RTL\" style=\"mso-outline-level: 2; margin: 7.5pt 0in 3.75pt 0in;\"><span lang=\"AR-SA\" style=\"font-family: \'Arial\',\'sans-serif\'; mso-ascii-theme-font: minor-bidi; mso-hansi-theme-font: minor-bidi; mso-bidi-theme-font: minor-bidi; color: #333333; mso-bidi-language: AR-SA;\">المؤتمر الرابع والعشرون للجمعية الأوروبية لجراحي الساد والإنكسار ، لندن ، المملكة المتحدة ، سبتمبر 2006</span></p>\n<p class=\"MsoNormal\" dir=\"RTL\" style=\"mso-margin-top-alt: auto; mso-margin-bottom-alt: auto; text-align: justify;\"><span lang=\"AR-SA\" style=\"font-family: \'Arial\',\'sans-serif\'; mso-ascii-theme-font: minor-bidi; mso-hansi-theme-font: minor-bidi; mso-bidi-theme-font: minor-bidi; color: #444444; mso-bidi-language: AR-SA;\">المؤتمر الثالث والعشرون للجمعية الأوروبية لجراحة الساد والإنكسار ، لشبونة ، البرتغال ، سبتمبر 2005</span></p>\n<p class=\"MsoNormal\" dir=\"RTL\" style=\"mso-margin-top-alt: auto; mso-margin-bottom-alt: auto;\"><span style=\"font-family: \'Arial\',\'sans-serif\'; mso-ascii-theme-font: minor-bidi; mso-hansi-theme-font: minor-bidi; mso-bidi-theme-font: minor-bidi; color: #444444; mso-bidi-language: AR-SA;\"><span style=\"mso-spacerun: yes;\">&nbsp;</span><span lang=\"AR-SA\">ندوة </span></span><span dir=\"LTR\" style=\"font-family: \'Arial\',\'sans-serif\'; mso-ascii-theme-font: minor-bidi; mso-hansi-theme-font: minor-bidi; mso-bidi-theme-font: minor-bidi; color: #444444; mso-bidi-language: AR-SA;\">NIDEK</span><span style=\"font-family: \'Arial\',\'sans-serif\'; mso-ascii-theme-font: minor-bidi; mso-hansi-theme-font: minor-bidi; mso-bidi-theme-font: minor-bidi; color: #444444; mso-bidi-language: AR-SA;\"> <span lang=\"AR-SA\">لجراحة الانكسار ، دبي ، الإمارات العربية المتحدة ، أبريل 2005</span></span></p>\n<p class=\"MsoNormal\" dir=\"RTL\" style=\"mso-margin-top-alt: auto; mso-margin-bottom-alt: auto;\"><span style=\"font-family: \'Arial\',\'sans-serif\'; mso-ascii-theme-font: minor-bidi; mso-hansi-theme-font: minor-bidi; mso-bidi-theme-font: minor-bidi; color: #444444; mso-bidi-language: AR-SA;\"><span style=\"mso-spacerun: yes;\">&nbsp;</span><span lang=\"AR-SA\">المؤتمر الإيراني الرابع عشر لطب العيون ، الجمعية الإيرانية لطب العيون ، طهران ، إيران ، ديسمبر 2004</span></span></p>\n<p class=\"MsoNormal\" dir=\"RTL\" style=\"mso-margin-top-alt: auto; mso-margin-bottom-alt: auto;\"><span style=\"font-family: \'Arial\',\'sans-serif\'; mso-ascii-theme-font: minor-bidi; mso-hansi-theme-font: minor-bidi; mso-bidi-theme-font: minor-bidi; color: #444444; mso-bidi-language: AR-SA;\"><span style=\"mso-spacerun: yes;\">&nbsp;</span><span lang=\"AR-SA\">المؤتمر الحادي والعشرون للجمعية الأوروبية لجراحة الساد وجراحة الانكسار ، ميونيخ ، ألمانيا ، سبتمبر 2003.</span></span></p>\n<p class=\"MsoNormal\" dir=\"RTL\" style=\"mso-margin-top-alt: auto; mso-margin-bottom-alt: auto;\"><span style=\"font-family: \'Arial\',\'sans-serif\'; mso-ascii-theme-font: minor-bidi; mso-hansi-theme-font: minor-bidi; mso-bidi-theme-font: minor-bidi; color: #444444; mso-bidi-language: AR-SA;\"><span style=\"mso-spacerun: yes;\">&nbsp;</span><span lang=\"AR-SA\">المؤتمر التاسع عشر للجمعية الأوروبية لجراحات الساد وجراحة الانكسار ، أمستردام ، هولندا ، سبتمبر 2001.</span></span></p>\n<p class=\"MsoNormal\" dir=\"RTL\" style=\"mso-outline-level: 2; margin: 7.5pt 0in 3.75pt 0in;\"><strong><span lang=\"AR-SA\" style=\"font-family: \'Arial\',\'sans-serif\'; mso-ascii-theme-font: minor-bidi; mso-hansi-theme-font: minor-bidi; mso-bidi-theme-font: minor-bidi; color: #333333; mso-bidi-language: AR-SA;\">العضويات المهنية</span></strong></p>\n<p style=\"text-align: right;\"><span dir=\"RTL\" lang=\"AR-SA\" style=\"font-size: 12.0pt; font-family: \'Arial\',\'sans-serif\'; mso-ascii-theme-font: minor-bidi; mso-fareast-font-family: \'Times New Roman\'; mso-hansi-theme-font: minor-bidi; mso-bidi-theme-font: minor-bidi; color: #333333; mso-ansi-language: EN-US; mso-fareast-language: EN-US; mso-bidi-language: AR-SA;\">عضو في الرابطة الأوروبية لرابطة جراحي الساد والإنكسار ESCRS من عام 200 حتى الان</span></p>\n<p style=\"text-align: right;\"><span dir=\"RTL\" lang=\"AR-SA\" style=\"font-size: 12.0pt; font-family: \'Arial\',\'sans-serif\'; mso-ascii-theme-font: minor-bidi; mso-fareast-font-family: \'Times New Roman\'; mso-hansi-theme-font: minor-bidi; mso-bidi-theme-font: minor-bidi; color: #333333; mso-ansi-language: EN-US; mso-fareast-language: EN-US; mso-bidi-language: AR-SA;\"><span dir=\"RTL\" lang=\"AR-SA\" style=\"font-size: 12pt;\">عضو في الأكاديمية الأمريكية لطب العيون (AAO) منذ عام 2009</span></span></p>\n<p class=\"MsoNormal\" dir=\"RTL\" style=\"mso-outline-level: 2; margin: 7.5pt 0in 3.75pt 0in;\"><strong><span lang=\"AR-SA\" style=\"font-family: \'Arial\',\'sans-serif\'; mso-ascii-theme-font: minor-bidi; mso-hansi-theme-font: minor-bidi; mso-bidi-theme-font: minor-bidi; color: #333333; mso-bidi-language: AR-SA;\">اللغات</span></strong></p>\n<p class=\"MsoNormal\" dir=\"RTL\" style=\"mso-outline-level: 2; margin: 7.5pt 0in 3.75pt 0in;\"><span lang=\"AR-SA\" style=\"font-family: \'Arial\',\'sans-serif\'; mso-ascii-theme-font: minor-bidi; mso-hansi-theme-font: minor-bidi; mso-bidi-theme-font: minor-bidi; color: #333333; mso-bidi-language: AR-SA;\">الانجليزية</span></p>\n<p class=\"MsoNormal\" dir=\"RTL\" style=\"mso-outline-level: 2; margin: 7.5pt 0in 3.75pt 0in;\"><span lang=\"AR-SA\" style=\"font-family: \'Arial\',\'sans-serif\'; mso-ascii-theme-font: minor-bidi; mso-hansi-theme-font: minor-bidi; mso-bidi-theme-font: minor-bidi; color: #333333; mso-bidi-language: AR-SA;\">الفارسية</span></p>','2019-05-02 18:00:44','2019-05-11 08:07:51'),(364,'doctors','testimonal',8,'ar','','2019-05-02 18:00:44','2019-05-02 18:00:44'),(365,'doctors','address',8,'ar','','2019-05-02 18:00:44','2019-05-02 18:00:44'),(366,'doctors','name',9,'ar','الدكتور احمد عظيم زاده','2019-05-03 02:49:52','2019-08-13 01:21:50'),(367,'doctors','about',9,'ar','.','2019-05-03 02:49:52','2019-08-13 01:23:19'),(368,'doctors','testimonal',9,'ar','','2019-05-03 02:49:52','2019-05-03 02:49:52'),(369,'doctors','address',9,'ar','','2019-05-03 02:49:52','2019-05-03 02:49:52'),(373,'doctors','address',10,'ar','','2019-05-03 03:27:59','2019-05-03 03:27:59'),(374,'doctors','name',11,'ar','الدكتورة الهام امام جمعه','2019-05-03 04:40:30','2019-11-23 19:57:41'),(375,'doctors','about',11,'ar','','2019-05-03 04:40:30','2019-05-03 04:40:30'),(376,'doctors','testimonal',11,'ar','','2019-05-03 04:40:30','2019-05-03 04:40:30'),(377,'doctors','address',11,'ar','','2019-05-03 04:40:30','2019-05-03 04:40:30'),(385,'doctors','name',12,'ar','الدكتور اكبر مهرافزان','2019-05-12 09:11:32','2019-10-12 05:28:25'),(386,'doctors','about',12,'ar','Lorem ipsum dolor sit amet, consectetur adipisicing elit. Sit minus, modi adipisci nesciunt, illum atque temporibus cupiditate blanditiis quo illo cumque doloribus laborum rem neque dolorum, ipsa officiis fugiat expedita.Perspiciatis facere magnam reiciendis modi ratione asperiores fugit minus dolores dignissimos cum.','2019-05-12 09:11:32','2019-07-03 09:08:48'),(387,'doctors','testimonal',12,'ar','','2019-05-12 09:11:32','2019-05-12 09:11:32'),(388,'doctors','address',12,'ar','','2019-05-12 09:11:32','2019-05-12 09:11:32'),(400,'data_types','display_name_singular',23,'ar','Package Timeline','2019-06-30 02:34:14','2019-06-30 02:34:14'),(401,'data_types','display_name_plural',23,'ar','Package Timelines','2019-06-30 02:34:14','2019-06-30 02:34:14'),(402,'packages','testimonial',3,'ar','LRaks4ZDqvw;\ntgbNymZ7vqY','2019-06-30 10:45:07','2019-07-31 00:11:59'),(403,'data_types','display_name_singular',26,'ar','Hotel','2019-07-01 01:03:36','2019-07-01 01:03:36'),(404,'data_types','display_name_plural',26,'ar','Hotels','2019-07-01 01:03:36','2019-07-01 01:03:36'),(405,'hotels','title',1,'ar','فندق اسپیناس پالاس','2019-07-01 11:26:54','2019-07-27 05:07:14'),(406,'hotels','description',1,'ar','<p class=\"MsoNormal\" dir=\"RTL\" style=\"line-height: 150%;\"><strong><span lang=\"AR-SA\" style=\"font-size: 14.0pt; line-height: 150%; mso-ascii-font-family: \'Calibri Light\'; mso-ascii-theme-font: major-latin; mso-hansi-font-family: \'Calibri Light\'; mso-hansi-theme-font: major-latin; mso-bidi-language: AR-SA;\">قصر اسبيناس ستارا</span></strong></p>\n<p class=\"paragraph-medium paragraph-black text-left\" style=\"box-sizing: border-box; margin: 0px 0px 10px; padding: 0px; line-height: 1.6; font-size: 16px; font-family: Montserrat, sans-serif; color: #777777;\">&nbsp;</p>\n<p class=\"MsoNormal\" dir=\"RTL\" style=\"line-height: 150%;\"><span lang=\"AR-SA\">يقع قصر اسبيناس ستارا في المنطقة الشمالية من طهران، كما يتمثل هذا القصر كالجوهرة الخفية في جنة هادئة. يقدم هذا الفندق مجموعة متنوعة من الخدمات الفاخرة ، مع توقعات مختلفة. يتمتع هذا الفندق بالهندسة المعمارية المعاصرة وإعجابه بالهندسة المعمارية المذهلة في الماضي و بهذا يظهر نفسه معتبرا اذواق جميع الأعمار. ربما لهذا السبب تم اختيار الاسم كـ \"قصر\". كما يعد هذا القصر المذهل واحدًا من أرقى المباني في طهران ، حيث يضم ردهة رائعة ومساحات عامة مذهلة وغرفًا مجهزة بشكل خاص. كل توقعات فندق خمس نجوم هي الأنسب لهذا الفندق.</span></p>','2019-07-01 11:26:54','2019-08-10 05:36:13'),(407,'doctors','education',12,'ar','{\n    \"1\": {\n        \"name\": \"Universty of world for Medicine\",\n        \"degree\": \"Bachelor of Medicine(BM)\",\n        \"date\": \"Dec 1991\"\n    },\n    \"2\": {\n        \"name\": \"Universty of world for Medicine1\",\n        \"degree\": \"Bachelor of Medicine(BM)1\",\n        \"date\": \"Dec 1991 1\"\n    }\n}','2019-07-03 09:56:43','2019-08-10 05:35:00'),(408,'doctors','skills',12,'ar','{\n    \"1\": {\n        \"skill\": \"Brain Surgery\",\n        \"percent\": \"75\"\n    },\n    \"2\": {\n        \"skill\": \"Heart Surgery\",\n        \"percent\": \"65\"\n    },\n    \"3\": {\n        \"skill\": \"Trauma Surgery\",\n        \"percent\": \"85\"\n    },\n    \"4\": {\n        \"skill\": \"Central Surgery\",\n        \"percent\": \"89\"\n    },\n    \"5\": {\n        \"skill\": \"Weekly Consultancy\",\n        \"percent\": \"55\"\n    }\n}','2019-07-03 09:56:43','2019-08-10 05:35:00'),(411,'data_types','display_name_singular',29,'ar','Video Review','2019-07-04 15:16:56','2019-07-04 15:16:56'),(412,'data_types','display_name_plural',29,'ar','Video Reviews','2019-07-04 15:16:56','2019-07-04 15:16:56'),(413,'data_types','display_name_singular',24,'ar','City','2019-07-05 07:52:23','2019-07-05 07:52:23'),(414,'data_types','display_name_plural',24,'ar','Cities','2019-07-05 07:52:23','2019-07-05 07:52:23'),(415,'cities','title',3,'ar','شيراز','2019-07-05 08:04:15','2019-08-13 06:31:37'),(416,'data_types','display_name_singular',30,'ar','Member','2019-07-05 08:50:31','2019-07-05 08:50:31'),(417,'data_types','display_name_plural',30,'ar','Members','2019-07-05 08:50:31','2019-07-05 08:50:31'),(418,'data_types','display_name_singular',32,'ar','Review','2019-07-05 12:06:17','2019-07-05 12:06:17'),(419,'data_types','display_name_plural',32,'ar','Reviews','2019-07-05 12:06:17','2019-07-05 12:06:17'),(420,'data_types','display_name_singular',10,'ar','Benefit','2019-07-07 14:25:52','2019-07-07 14:25:52'),(421,'data_types','display_name_plural',10,'ar','Benefits','2019-07-07 14:25:52','2019-07-07 14:25:52'),(422,'data_types','display_name_singular',5,'ar','Post','2019-07-08 00:46:00','2019-07-08 00:46:00'),(423,'data_types','display_name_plural',5,'ar','Posts','2019-07-08 00:46:00','2019-07-08 00:46:00'),(427,'categories','slug',15,'ar','orthopedics','2019-07-09 08:57:08','2019-08-10 04:03:26'),(428,'categories','title',15,'ar','طب العظام','2019-07-09 08:57:08','2019-08-10 04:03:26'),(429,'categories','excerpt',15,'ar','هو أحد التخصصات الفرعية للطب التي تركز على الجهاز العضلي الهيكلي (وهو نظام يمكّن الإنسان من التحرك). يمكن لجراحي العظام استخدام الأساليب الجراحية وغير الجراحية لعلاج الحالات المختلفة. ','2019-07-09 08:57:08','2019-08-28 06:35:55'),(433,'categories','slug',17,'ar','cardiology','2019-07-09 09:38:21','2019-07-09 09:38:21'),(434,'categories','title',17,'ar','طب القلب','2019-07-09 09:38:21','2019-08-10 02:21:41'),(435,'categories','excerpt',17,'ar','أمراض القلب هي واحدة من التخصصات الفرعية الطب ، مع التركيز على أمراض القلب والجهاز الدوري (نظام القلب والأوعية الدموية). أطباء القلب هم أطباء متخصصون في هذا المجال. ','2019-07-09 09:38:21','2019-09-03 04:46:01'),(436,'categories','slug',19,'ar','الأنف-و-الحنجرة','2019-07-09 09:48:04','2019-08-30 10:54:36'),(437,'categories','title',19,'ar','أمراض الأنف و الأذن و الحنجرة','2019-07-09 09:48:04','2019-08-30 10:54:36'),(438,'categories','excerpt',19,'ar','يعتبر الأنف والأذن والحنجرة أحد التخصصات الفرعية الجراحية للطب ، حيث يركز على حالات الأذن والأنف والحنجرة. لتسهيل الأمور ، يطلق عليها \"الأنف والأذن والحنجرة\" والأطباء المتخصصون في هذا المجال يطلق عليهم أطباء الأنف والأذن والحنجرة. كما يتم تضمين هياكل الرأس والعنق في هذا المجال. بعض التخصصات الفرعية في الأنف والحنجرة هي\nجراحة الرأس والرقبة\nطب الأنف والأذن والحنجرة\nطب الأنف\nعلم أمراض الحنجرة\nطب الأطفال\nجراحة الغدة الدرقية والغدة الدرقية (وهو العلاج الجراحي لأورام الغدة الدرقية والغدة الدرقية)\nجراحة تجميل الوجه\nإستئصال اللوزتين\nتعتبر حالات السمع والتوازن والبلع والكلام ومشاكل التنفس والنوم والحساسية والجيوب الأنفية وسرطان الرأس والرقبة واضطرابات الجلد وحتى الجراحة التجميلية في الوجه بعض الحالات التي يعالجها أخصائيو \"الأنف والأذن والحنجرة\". \n','2019-07-09 09:48:04','2019-08-30 10:50:17'),(439,'categories','slug',20,'ar','العناية-بالعين','2019-07-09 09:51:11','2019-08-23 21:10:34'),(440,'categories','title',20,'ar','العناية بالعين','2019-07-09 09:51:11','2019-08-23 21:10:34'),(441,'categories','body',20,'ar','<div id=\"template-content\" class=\"mceTmpl\">\n<ul>\n<li><a href=\"#a1\">ما هي العناية بالعين؟</a></li>\n<li><a href=\"#a2\">تعد جراحة العين بالليزر حلاً شائعًا </a></li>\n<li><a href=\"#a3\">لماذا ایران؟</a></li>\n<li><a href=\"#a4\">الاحتياطات</a></li>\n<li><a href=\"#a5\">مضاعفات</a></li>\n<li><a href=\"#a6\">فحص عين</a></li>\n</ul>\n<h3 id=\"a1\" class=\"template-subtitle\">ما هي العناية بالعين؟</h3>\n<p class=\"paragraph-medium paragraph-black template-p\">العين هي عضو مهم للغاية وهش في جسمك وتحتاج إلى عناية شديدة. هناك عدد من اضطرابات الرؤية مثل قصر النظر، طول النظر والاستکماتيزم. لهذا السبب يحتاج الجميع إلى فحوصات منتظمة لتشخيص الأخطاء المحتملة في عيونهم من خلال فحص العين واتخاذ إجراءات لحلها باستخدام النظارات أو العدسات اللاصقة أو إجراء عملية جراحية. اليوم ، تم تحسين جراحة العين بعدة طرق ويمكن استخدامها لعلاج مشاكل العين.</p>\n<h3 id=\"a2\" class=\"template-subtitle\">تعد جراحة العين بالليزر حلاً شائعًا</h3>\n<p class=\"paragraph-medium paragraph-black template-p\">تعد جراحة العين بالليزر حلاً شائعًا يمكن أن يصحح قصر النظر والبعد والاستکماتيزم عن طريق إعادة تشكيل سطح العين.</p>\n<p class=\"paragraph-medium paragraph-black template-p\">عملیة لیزیک (بمساعدة القرنية الموضعية بالليزر في الموقع) هي طريقة لتصحيح الرؤية بالليزر يمكنها تحسين رؤيتك من خلال تغيير شكل القرنية وتشبه اللیزک.</p>\n<p class=\"paragraph-medium paragraph-black template-p\">يجب عليك استشارة طبيب عيون ذي خبرة لاختيار الخيار الأفضل وفقًا لحالة عينيك. إعتام عدسة العين هو حالة من حالات العين التي تحدث عادة مع الشيخوخة ، وغالبا ما ينظر إليها بين كبار السن. بسبب سحابة عدسة العين ، لا يمكن تصحيح إعتام عدسة العين باستخدام النظارات أو الليزك. في هذه الحالة ، يتم استخدام جراحة الساد الحديثة وهي جراحة شائعة للعين وغالبًا ما يمكنها استعادة رؤيتك. تتوفر أنواع مختلفة من عمليات جراحية العين للمرضى وهي مسؤولية خبير جراحي العيون في تحديد أفضل الإجراءات المناسبة لك.</p>\n<h3 id=\"a3\" class=\"template-subtitle\">لماذا ایران؟</h3>\n<p class=\"paragraph-medium paragraph-black template-p\">على الرغم من أن بعض المشكلات تتعلق بكيفية شفاء المريض بعد العملية ، إلا أن اختيار الجراح المتمرس يعتبر دائمًا عاملاً هامًا في هذه العملية. يقال إن إيران لديها:</p>\n<ul class=\"template-ul\">\n<li>أخصائيي جراحات وأخصائيي عيون ذوي تعليم جيد جدًا وذوي خبرة عالية يمكنهم مساعدة المرضى على الحصول على الرؤية المطلوبة بعد جراحة العيون.</li>\n<li>عيادات ومستشفيات مجهزة تجهيزًا جيدًا تستخدم تقنيات متقدمة لعلاجات العين.</li>\n<li>أسعار معقولة</li>\n<li>جودة عالية ونسبة نجاح عالية لعلاجات العين</li>\n</ul>\n<p class=\"paragraph-medium paragraph-black template-p\">اذا كنت تبحث عن علاجات للعناية بالعيون في الخارج واخترت إيران لإجراء العملية الجراحية الخاصة بك ، فيمكن أن توفر لك مدتورالایرانیه علاجات العيون باستخدام أحدث التقنيات وبأسعار معقولة. علاوة على ذلك ، يمكنك الذهاب لمشاهدة معالم المدينة وزيارة المعالم التاريخية والطبيعية في العاصمة طهران ، أثناء وجودك في المدينة.</p>\n<h3 id=\"a4\" class=\"template-subtitle\">الاحتياطات</h3>\n<p class=\"paragraph-medium paragraph-black template-p\">هناك عدد من الأشياء التي تحتاج إلى القيام بها قبل وبعد جراحة العين والتي هي نفسها إلى حد ما في أنواع مختلفة من جراحات العين. إذا كنت تخطط للحصول على عملیة لیزیک (على وجه الخصوص) ، تذكر:</p>\n<ul class=\"template-ul\">\n<li>قم بإزالة جميع الماكياج في الليلة السابقة للجراحة</li>\n<li>اطلب من شخص ما أن يعود بك إلى المنزل بعد الجراحة</li>\n<li>إذا كنت تتناول دواءً محددًا ، فاستشر طبيبك لمعرفة ما إذا كان يُسمح لك بمواصلة تناوله قبل أو بعد جراحة العيون.</li>\n</ul>\n<h3 id=\"a5\" class=\"template-subtitle\">مضاعفات</h3>\n<p class=\"paragraph-medium paragraph-black template-p\">هناك بعض الأساطير حول الليزك التي قد تكون سمعت عنها. على سبيل المثال ، يعتقد بعض الناس أنه يمكنك التغاضي عن جراحة الليزك. في حين أن هذا غير صحيح ولم يحدث مثل هذا الشيء لأي شخص. هناك بعض الآثار الجانبية التي عادة ما تكون مؤقتة:</p>\n<ul class=\"template-ul\">\n<ul class=\"template-ul\">\n<li>عيون جافة</li>\n<li>وهج</li>\n<li>مشاكل الرؤية الليلية</li>\n<li>رؤية الهالات حول الصور</li>\n<li>عدم الحصول على النتائج المتوقعة (الإفراط أو التصحيحات)</li>\n</ul>\n</ul>\n<p class=\"paragraph-medium paragraph-black template-p\">اتخاذ احتياطات السلامة اللازمة يمكن أن تقلل من الآثار الجانبية لجراحة العيون. علاوة على ذلك ، هناك بعض خيارات العلاج التي يمكن أن تساعدك في إدارة هذه المشاكل بنجاح.</p>\n<h3 id=\"a6\" class=\"template-subtitle\">فحص عين</h3>\n<p class=\"paragraph-medium paragraph-black template-p\">مثلما هو مهم لرعاية جسمك ، تحتاج أيضًا إلى فحص عينيك بانتظام لتشخيص أمراض العين المحتملة وبدء العلاج المناسب في أسرع وقت ممكن. لذلك ، خذ العناية بالعين بجدية ولا تؤجل موعدك مع طبيب العيون.</p>\n</div>','2019-07-09 09:51:11','2019-08-23 21:10:34'),(450,'categories','body',17,'ar','<div id=\"template-content\" class=\"mceTmpl\">\n<ul>\n<li><a href=\"#a1\">طب القلب</a></li>\n<li><a href=\"#a2\">القسطرة&nbsp;</a></li>\n<li><a href=\"#a3\">عملية قلب مفتوح&nbsp;</a></li>\n<li><a href=\"#a4\">الاجتثاث بالقسطرة&nbsp;</a></li>\n<li><a href=\"#a5\">جراحة صمام القلب</a></li>\n<li><a href=\"#a6\">تخطيط صدى القلب&nbsp;</a></li>\n<li><a href=\"#a7\">جراحة الشريان الأبهر&nbsp;</a></li>\n</ul>\n<h3 id=\"a1\" class=\"template-subtitle\">طب القلب</h3>\n<p class=\"paragraph-medium paragraph-black template-p\">أمراض القلب هي واحدة من التخصصات الفرعية الطب ، مع التركيز على أمراض القلب والجهاز الدوري (نظام القلب والأوعية الدموية). أطباء القلب هم أطباء متخصصون في هذا المجال. تشمل أمراض القلب:</p>\n<ul class=\"template-ul\">\n<li>القسطرة</li>\n<li>جراحة القلب المفتوح(CABG)</li>\n<li>القسطرة بالاجتثاث</li>\n<li>جراحة صمام القلب</li>\n<li>تخطيط صدى القلب</li>\n<li>جراحة الشريان الأبه</li>\n</ul>\n<h3 id=\"a2\" class=\"template-subtitle\">القسطرة&nbsp;</h3>\n<p class=\"paragraph-medium paragraph-black template-p\">يعرف جراحة الأوعية الدموية أيضًا باسم جراحة الأوعية البالونية أو جراحة الأوعية التاجية. جراحة الأوعية هو الإجراء الذي يتم في الأساس لتوسيع أو فتح عروق القلب المسدودة. في هذه الجراحة ، يتم إدخال <strong>قسطرة</strong> بالون في الوريد الضيق أو المسدود وتضخيمها بحجم معين. يجبر البالون الوريد على التوسع ويحسن تدفق الدم. قد يتم إدخال الدعامة (أنبوب معدني أو بلاستيكي) للتأكد من بقاء الأوردة مفتوحة ومن ثم يتم سحب البالون.</p>\n<h3 id=\"a3\" class=\"template-subtitle\">عملية قلب مفتوح&nbsp;</h3>\n<p class=\"paragraph-medium paragraph-black template-p\"><strong>جراحة القلب المفتوح</strong> أو جراحة الشريان التاجي <strong>(CABG)</strong> هي أكثر أنواع جراحة القلب شيوعًا التي تُجرى على البالغين. تتم هذه العملية على الأشخاص الذين يعانون من مرض الشريان التاجي (عندما تصبح الأوردة الدموية ضيقة وصعبة). تتم هذه الجراحة أيضًا لإصلاح أو استبدال صمامات القلب أو إصلاح المناطق التالفة من القلب.</p>\n<h3 id=\"a4\" class=\"template-subtitle\">الاجتثاث بالقسطرة&nbsp;</h3>\n<p class=\"paragraph-medium paragraph-black template-p\">يُطلق على تذرية <strong>القسطرة</strong> أيضًا استئصال الترددات الراديوية ويتم ذلك لعلاج عدم انتظام ضربات القلب باستخدام موجات التردد اللاسلكي. يتم إجراء تذرية القسطرة عندما لا يكون الدواء فعالاً. يستخدم الجراحون موجات التردد اللاسلكي لتدمير مساحة صغيرة من أنسجة القلب التي تسبب دقات قلب غير منتظمة. التذرية بالترددات الراديوية هي أيضًا طريقة آمنة وفعالة للتعامل مع بعض أشكال الألم.</p>\n<h3 id=\"a5\" class=\"template-subtitle\">جراحة صمام القلب</h3>\n<p class=\"paragraph-medium paragraph-black template-p\">هناك أربعة صمامات في القلب ، ولكل منها أسماء مختلفة. في حالة عدم عمل أحد هذه الصمامات بشكل صحيح ، ستكون هناك حاجة لجراحة صمام القلب. أثناء الجراحة ، يمكن للجراح إما إصلاح أو استبدال صمامات القلب بناءً على حالة المريض. يمكن استخدام إجراء جراحي مختلف لجراحة صمام القلب مثل جراحة القلب المفتوح أو جراحة القلب التوغلية.</p>\n<h3 id=\"a6\" class=\"template-subtitle\">تخطيط صدى القلب&nbsp;</h3>\n<p class=\"paragraph-medium paragraph-black template-p\"><strong>تخطيط صدى القلب</strong> الذي يعرف أيضًا باسم صدى القلب أو مجرد صدى يقوم بشكل أساسي بإنشاء صورة للقلب. في تخطيط صدى القلب يستخدم الموجات فوق الصوتية لإنشاء هذه الصور. هذه الطريقة هي واحدة من الاختبارات التشخيصية الأكثر استخدامًا في أمراض القلب. يوفر ايكو القلب معلومات كثيرة مفيدة مثل شكل أو حجم القلب ويسمح للأطباء بمراقبة القلب تمامًا.</p>\n<h3 id=\"a7\" class=\"template-subtitle\">جراحة الشريان الأبهر&nbsp;</h3>\n<p class=\"paragraph-medium paragraph-black template-p\">الشريان الأبهر هو وعاء الدموي الرئيسية التي تنقل الدم من القلب إلى بقية الجسم. إذا أصبح الشريان الأورطي ضعيفًا بطريقة ما ، فقد يؤدي ضغط تدفق الدم إلى تضخمه وهو ما يسمى تمدد الأوعية الدموية. إذا كان تمدد الأوعية الدموية صغيرًا ، فيمكن علاجه بالأدوية ولكن أكبرها يحتاج إلى جراحة. يتم علاج معظم اضطرابات الأبهر باستخدام الإصلاح الجراحي المفتوح.</p>\n</div>','2019-07-10 00:37:13','2019-09-03 04:47:31'),(452,'categories','slug',22,'ar','female-fertility','2019-07-10 07:45:05','2019-08-31 06:12:48'),(453,'categories','title',22,'ar','علاج العقم عند النساء','2019-07-10 07:45:05','2019-08-31 06:12:48'),(454,'categories','body',22,'ar','<div id=\"template-content\" class=\"mceTmpl\">\n<ul>\n<li><a href=\"#a1\">ما هو العقم؟</a></li>\n<li><a href=\"#a2\">أعراض العقم</a></li>\n<li><a href=\"#a3\">الأسباب الشائعة للعقم</a></li>\n<li><a href=\"#a4\">علاج العقم</a></li>\n<li><a href=\"#a5\">لماذا ايران؟\"</a></li>\n</ul>\n<h3 id=\"a1\" class=\"template-subtitle\">ما هو العقم؟</h3>\n<p class=\"paragraph-medium paragraph-black template-p\">إنجاب طفل وان تصبح والدًا هو أحد أجمل الأحداث وتغيير الحياة التي يمكنك تجربتها في حياتك. يمكن أن يتصور معظم الأزواج طفلًا خلال عام واحد من المحاولة ، ومن المرجح أن تحصل على نتيجة خلال الأشهر السابقة. يمكن للآخرين (حوالي 7٪) إنجاب طفل في السنة الثانية. لهذا السبب يُقال إنه إذا كنت تحاول الحمل في غضون 12 شهرًا ولكنك لم تستطع ، فمن الأفضل لك رؤية الطبيب والتأكد من أن كل شيء على ما يرام</p>\n<h3 id=\"a2\" class=\"template-subtitle\">أعراض العقم</h3>\n<p class=\"paragraph-medium paragraph-black template-p\">في حالة تشخيصك للعقم (غير قادر على الحمل) ، يمكنك الحصول على العلاج. لكن أولاً ، دعونا نلقي نظرة على بعض الأعراض التي يمكن أن تساعدك في طلب المساعدة في وقت مبكر:</p>\n<ul class=\"template-ul\">\n<li><strong>عدم انتظام الدورة الشهرية : </strong>واحدة من العلامات التي تظهر أن المرأة تبويض بانتظام هي فترات الحيض العادية (كل 21 إلى 35 يوما). تبيض البيضة الضروريه للحمل. لذلك ، إذا كنت تحاولين أن تصبحي طفلًا ولديك دورات طمث غير منتظمة ، فلا تنتظر حتى الشهر الثاني عشر واتخذی إجراءً واستشيري الطبيب لاكتشاف المشكلة.</li>\n<li><strong>النساء فوق سن 35 : </strong>مع تقدم النساء في العمر ، يواجهن تناقصًا في عدد البيض ومن غير المرجح أن تكون البيضة طبيعية وراثياً. وفقًا لذلك ، إذا كان الزوجان يحاولان إنجاب طفل لمدة 6 أشهر أو أكثر وكان عمر المرأة أكثر من 35 عامًا ، فمن الأفضل أن يتم تقييمها للتأكد من عقمها.</li>\n<li><strong>تاريخ الأمراض المنقولة جنسيا :&nbsp;</strong>يجب أن يعبر الحيوان المنوي الأنابيب للوصول إلى البويضة المخصبة ويخصبها. لذلك ، الأنابيب المفتوحة ضرورية للحمل بشكل طبيعي. يمكن للأمراض التي تنتقل عن طريق الاتصال الجنسي مثل السيلان أن تتلف قنوات فالوب وتمنع حدوث الحمل المناسب. هذا هو السبب إذا كانت المرأة لديها تاريخ من التهاب الحوض ، يجب أن تحصل على فحص فوري إذا كان الزوجان يعتزمان انجاب طفل</li>\n</ul>\n<h3 id=\"a3\" class=\"template-subtitle\">الأسباب الشائعة للعقم</h3>\n<ul class=\"template-ul\">\n<li><strong>تأخير الحمل:</strong> كما ناقشنا سابقًا ، سيتناقص عدد البيض مع تقدم المرأة في العمر. من غير المرجح أن تحمل امرأة تتجاوز سن 45 عامًا</li>\n<li><strong>الأورام الحميدة في بطانة الرحم:</strong> يمكن أن تنشأ الأورام الحميدة في بطانة الرحم من البطانة الداخلية للرحم ويمكن أن تقلل الخصوبة. في بعض الحالات ، إذا قام الطبيب بإزالة الورم ، فسوف يتم حل العقم.</li>\n<li><strong>العقم عند الذكور:</strong> إذا تم التأكد من خلل المني ، يجب على الرجل زيارة أخصائي أمراض المسالك البولية الإنجابية للحصول على العلاج المناسب.</li>\n<li><strong>الأورام الليفية الرحمية:</strong> الأورام الليفية شائعة جدا بين النساء ولها 3 أنواع. الأورام الليفية تحت المخاطية هي النوع الذي يمكن أن يقلل من فرصة الحمل ويحتاج إلى علاج حتى يتمكن الزوجان من إنجاب طفل</li>\n</ul>\n<h3 id=\"a4\" class=\"template-subtitle\">علاج العقم</h3>\n<p class=\"paragraph-medium paragraph-black template-p\">يحتاج الأزواج إلى تثقيف أنفسهم حول أعراض العقم حتى يتمكنوا من التعرف على وقت طلب المساعدة. بصرف النظر عن ذلك ، يمكن لطبيبك اقتراح علاجات خاصة للمساعدة في الحمل:</p>\n<ul class=\"template-ul\">\n<li><strong>الأدوية:</strong> من أجل تحفيز نمو البويضات والإباضة ، قد يصف لك الطبيب حبوبًا أو حقنًا خاصة. يجب عليك استخدامها وفقًا لتعليماتك لتعزيز فرصة الحمل.</li>\n<li><strong>التلقيح:</strong> التلقيح هو طريقة يأخذون بها الحيوانات المنوية ويعدونها لوضعها في تجويف الرحم. في هذه الحالة ، هناك فرصة أكبر للحيوانات المنوية للاقتراب من البيضة المبيض. يحتاج الرجل إلى التحقق من خلل في الحيوانات المنوية ، وإلا فإن الحيوان المنوي لا يستطيع السباحة وتخصيب البويضة.</li>\n<li><strong>التسميد في المختبر:</strong> التلقيح الاصطناعي يعني \"خارج الجسم\" والسبب هو أنه في هذه العملية ، يقومون بجمع البيض وتخصيبهم بواسطة الحيوانات المنوية خارج الجسم ، في المختبر. يفحصون البيض مرة أخرى بعد حوالي 40 ساعة ، وإذا تم تخصيبهم ، فسيتم إعادتهم إلى رحم المرأة.</li>\n</ul>\n<h3 id=\"a5\" class=\"template-subtitle\">لماذا ايران؟</h3>\n<p class=\"paragraph-medium paragraph-black template-p\">بصرف النظر عن الأسعار المعقولة <strong>لعلاج العقم</strong> في إيران (مقارنة بالدول الأخرى) ، هناك عدد من الأسباب الأخرى التي من الأفضل أن تفكر فيها بزيارة هذا البلد للعثور على أفضل علاج في انتظارك</p>\n<ul class=\"template-ul\">\n<li>علاج متقدم للعقم</li>\n<li>المتخصصين ذوي المعرفة والخبرة</li>\n<li>مستشفيات ومختبرات مجهزة تجهيزا جيدا</li>\n<li>مناطق الجذب الجميلة لزيارة أثناء وجودك في المدينة</li>\n</ul>\n</div>','2019-07-10 07:45:05','2019-08-30 11:12:08'),(455,'benefits','body',8,'ar','  مدتورايران تقدم لكم افضل  طريق لأفضل الأطباء المتخصصين في جميع المجالات من طب الأسنان وعمليات التجميل و......الخ  ،  \n بأسعار معقولة  ونتائج مرضية  .\n','2019-07-15 05:10:50','2019-08-25 08:58:47'),(456,'benefits','title',8,'ar','أطباء','2019-07-15 05:10:50','2019-09-08 14:02:36'),(457,'benefits','body',7,'ar','مدتورايران تختار اليكم  مراكز طبية من بين أفضل المستشفيات والعيادات التي تم تصنيفها في إيران  . سوف تكون على أهبة الاستعداد لخدمة مرضانا.\n','2019-07-15 05:10:57','2019-08-25 08:53:12'),(458,'benefits','title',7,'ar','مراكز طبية','2019-07-15 05:10:57','2019-08-24 10:35:58'),(459,'benefits','title',9,'ar','فنادق','2019-07-20 11:42:39','2019-08-24 10:37:08'),(460,'benefits','body',9,'ar','  فنادق مدتورايران من 3 إلى 5 نجوم بأسعار معقولة وأفضل جودة جاهزة لتقديم تجربة ممتعة لمرضانا\n','2019-07-20 11:43:39','2019-08-25 08:18:56'),(461,'benefits','body',10,'ar','  يمكن للمرضى الذين يأتون مع أسرهم أو عدد كبير من المرافقين ، استخدام نزل وشقق مدتورايران لتقليل تكاليف الإقامة.\n','2019-07-20 11:43:49','2019-08-25 08:19:25'),(462,'benefits','title',10,'ar','ويلا و شقق','2019-07-20 11:43:49','2019-08-24 10:37:39'),(463,'categories','excerpt',20,'ar','العين هي عضو مهم للغاية وهش في جسمك وتحتاج إلى عناية شديدة. هناك عدد من اضطرابات الرؤية مثل قصر النظر، طول النظر والاستکماتيزم. لهذا السبب يحتاج الجميع إلى فحوصات منتظمة لتشخيص الأخطاء المحتملة في عيونهم من خلال فحص العين واتخاذ إجراءات لحلها باستخدام النظارات أو العدسات اللاصقة أو إجراء عملية جراحية. اليوم ، تم تحسين جراحة العين بعدة طرق ويمكن استخدامها لعلاج مشاكل العين.','2019-07-20 12:08:12','2019-08-23 21:14:20'),(466,'packages','title',5,'ar','شفط الدهون','2019-07-22 05:38:43','2019-07-22 08:06:19'),(467,'packages','before_price',5,'ar','ابتداءً من','2019-07-22 05:38:43','2019-07-31 00:11:12'),(468,'packages','after_price',5,'ar','USD','2019-07-22 05:38:43','2019-07-22 05:38:43'),(469,'package_items','title',4,'ar','التأشيرة','2019-07-22 08:07:41','2019-08-13 07:16:19'),(470,'package_items','title',2,'ar','النقل','2019-07-22 08:08:47','2019-07-22 08:08:47'),(472,'package_items','title',1,'ar','علاج','2019-07-22 08:12:23','2019-07-22 08:12:23'),(473,'package_items','title',3,'ar','بطاقة موبايل مع أنترنت','2019-07-22 08:13:20','2019-09-11 11:07:03'),(475,'package_items','title',6,'ar','المترجم','2019-07-27 01:19:56','2019-07-27 01:19:56'),(476,'timelines','title',1,'ar','اليوم الأول','2019-07-27 01:25:30','2019-07-27 01:25:30'),(477,'timelines','description',1,'ar','بعد النقل من المطار ، سيتم نقلك إلى مكان الإقامة لتإخذ استراحة هناك. سيتم نقلك بعد ذلك إلى المركز الطبي (أو مكتب الطبيب) وسوف تلتقي بطبيبك لتحديد تفاصيل علاجك.','2019-07-27 01:25:30','2019-11-19 13:29:12'),(478,'timelines','title',2,'ar','ثاني يوم','2019-07-27 01:31:16','2019-07-27 01:31:16'),(479,'timelines','description',2,'ar','وفقًا لطبيبك ، سيتم نقلك إلى مركز العلاج في الوقت المحدد وسيبدأ علاجك. في هذا اليوم ، سيتم الانتهاء من معظم علاجك.','2019-07-27 01:31:16','2019-07-27 01:31:16'),(480,'timelines','title',3,'ar','ثالث يوم','2019-07-27 01:33:13','2019-07-27 01:33:13'),(481,'timelines','description',3,'ar','إذا كنت بحاجة إلى الراحة في المركز الصحي ، فسيتم تزويدك بأفضل المرافق مع خدمات التمريضية المناسبة للحصول على الشفاء التام.','2019-07-27 01:33:13','2019-09-15 12:23:26'),(482,'hotels','title',2,'ar','فندق بارسیان کوثر','2019-07-27 02:55:02','2019-07-27 02:55:02'),(483,'hotels','description',2,'ar','<p class=\"MsoNormal\" dir=\"RTL\" style=\"line-height: 150%;\"><strong><span lang=\"AR-SA\" style=\"font-size: 14.0pt; line-height: 150%; mso-ascii-font-family: \'Calibri Light\'; mso-ascii-theme-font: major-latin; mso-hansi-font-family: \'Calibri Light\'; mso-hansi-theme-font: major-latin; mso-bidi-language: AR-SA;\">فندق بارسيان كوثر</span></strong></p>\n<p class=\"MsoNormal\" dir=\"RTL\" style=\"line-height: 150%;\"><span dir=\"RTL\" lang=\"AR-SA\" style=\"font-size: 12.0pt; font-family: \'Times New Roman\',\'serif\'; mso-ascii-font-family: \'Calibri Light\'; mso-ascii-theme-font: major-latin; mso-fareast-font-family: \'Times New Roman\'; mso-hansi-font-family: \'Calibri Light\'; mso-hansi-theme-font: major-latin; mso-ansi-language: EN-US; mso-fareast-language: EN-US; mso-bidi-language: AR-SA;\">&nbsp;يقع الفندق بالقرب من سوق المدينة الرئيسي كما يتيح للزائر الوصول السهل الى متحف السجاد, قصر جلستان,سعد آباد (قصر الشاه الإيراني) و نيافاران. يمكن رؤية التصميم التقليدي الإيراني في الواجهة للفندق مع المرايا و الألوان الجميلة. يقوم مطعم الفندق بإعداد الطعام الفارسي و الفرنسي اللذيذ للغاية. يقدم فندق بارسيان كوثر مفرش المائدة التقليدي التي يتميز بأجواء جميلة إلى جانب اطباق فارسية أصيلة.</span></p>','2019-07-27 03:00:42','2019-08-10 06:32:32'),(484,'hotels','title',3,'ar','فندق بارسیان آزادی','2019-07-27 03:16:09','2019-07-27 03:16:09'),(485,'hotels','description',3,'ar','<p>فندق بارسیان آزادی هو أحد أفضل فنادق الخمس نجوم في طهران. يقع هذا الفندق بجوار سلسلة جبال البرز في مكان هادئ في المنطقة المجاورة مباشرة لقاعة المعارض الدولية.على الرغم من أن فندق بارسیان آزادی بعيد عن وسط المدينة ، إلا أنه يمكن الوصول إليه من جميع أنحاء المدينة. يمكنك الذهاب بسهولة من فندق بارسیان آزادی إلى حديقة ژوراستیک ومنتجع سعادت آباد. فندق بارسیان آزادی طهران لديها كل ما تقدمه لإقامة مريحة.</p>','2019-07-27 03:16:09','2019-08-10 06:52:15'),(487,'hotel_items','title',4,'ar','حمام السباحة','2019-07-27 05:12:16','2019-07-27 05:43:26'),(488,'hotel_items','title',1,'ar','موقف سيارات','2019-07-27 05:13:16','2019-07-27 05:13:16'),(489,'hotel_items','title',2,'ar','مقهى','2019-07-27 05:13:58','2019-07-27 05:13:58'),(490,'hotel_items','title',7,'ar','الإنترنت','2019-07-27 05:14:23','2019-07-27 05:14:23'),(491,'hotel_items','title',5,'ar','منتجع صحي','2019-07-27 05:15:59','2019-07-27 05:15:59'),(492,'hotel_items','title',3,'ar','مصعد','2019-07-27 05:16:20','2019-07-27 05:16:20'),(493,'cities','description',3,'ar','<div class=\"mceTmpl\">\n<ul>\n<li><a href=\"#a1\">About Shiraz</a></li>\n<li><a href=\"#a2\">Hotels of MedtourIran in Shiraz</a></li>\n<li><a href=\"#a3\">Clinic and Hospitals of MedtourIran in Shiraz</a></li>\n<li><a href=\"#a4\">Attractions and landmarks of Shiraz</a></li>\n</ul>\n<h3 id=\"a1\" class=\"template-subtitle\">About Shiraz</h3>\n<p class=\"paragraph-medium paragraph-black template-p\"><strong>Shiraz</strong>&nbsp;is the capital of Fars province and the fifth most populated city in Iran. This city is located in the southwest of Iran and has a moderate climate.&nbsp;<strong>Shiraz</strong>&nbsp;was the capital of Persia during the Zand dynasty.&nbsp;<strong>Shiraz</strong>&nbsp;is called the cultural capital of Iran and also is known as the city of poets, flowers, and literature. Hafez and Saadi are two world renowned poets who are from&nbsp;<strong>Shiraz</strong>&nbsp;and their tombs are located in this city. Some of the souvenirs of&nbsp;<strong>Shiraz</strong>&nbsp;are:</p>\n<ul>\n<li class=\"paragraph-medium paragraph-black template-p\">Carpets and rugs</li>\n<li class=\"paragraph-medium paragraph-black template-p\">Gelim and Gabbeh</li>\n<li class=\"paragraph-medium paragraph-black template-p\">Distillates</li>\n<li class=\"paragraph-medium paragraph-black template-p\">Woodcarving</li>\n<li class=\"paragraph-medium paragraph-black template-p\">Shiraz Meskhetian</li>\n<li class=\"paragraph-medium paragraph-black template-p\">Faloodeh</li>\n<li class=\"paragraph-medium paragraph-black template-p\">Shiraz Yukhe bread</li>\n</ul>\n<h3 id=\"a2\" class=\"template-subtitle\">Hotels of MedtourIran in Shiraz</h3>\n<ul class=\"template-ul\">\n<li><strong>Chamran Grand Hotel (Five-star)</strong>&nbsp;: This hotel is 30 stories high and has an amazing view over the beautiful city of&nbsp;<strong>Shiraz</strong>&nbsp;and its gardens. This hotel contains a coffee shop, an Italian restaurant, and a traditional Persian restaurant. Also, there is a well-equipped gym, pool, sauna, jacuzzi, etc. in the hotel.&nbsp;<a class=\"imp\" href=\"https://medtouriran.com/en/services/hotels/26/chamran-grand-hotel-shiraz\">Read More</a></li>\n<li class=\"paragraph-medium paragraph-black template-p\"><strong>Shiraz Grand Hotel (Five-star)</strong>&nbsp;: This hotel has the advantage of being close to&nbsp;<strong>Shiraz</strong>&nbsp;gardens and historical landmarks like the tomb of Hafez. This hotel has a coffee shop, an Italian restaurant, a Persian restaurant, a barber shop, and a women&rsquo;s beauty salon. Shiraz Grand hotel also includes a sport complex with a gym, sauna, pool, etc.<a class=\"imp\" href=\"https://medtouriran.com/en/services/hotels/26/chamran-grand-hotel-shiraz\">Read More</a></li>\n<li class=\"paragraph-medium paragraph-black template-p\"><strong>Zandieh Hotel (Five-star)</strong>&nbsp;: Zandieh hotel is one of the best hotels in&nbsp;<strong>Shiraz</strong>&nbsp;and includes a traditional Persian bath, a sport complex, and a handicrafts gallery. This hotel is also very close to some of Shiraz historical places like the Vakil Bazaar and Karim Khan Citadel.<a class=\"imp\" href=\"medtouriran.com/en/services/hotels/17/zandieh-hotel\">Read More</a></li>\n</ul>\n<h3 id=\"a3\" class=\"template-subtitle\">Clinic and Hospitals of MedtourIran in Shiraz</h3>\n<ul class=\"template-ul\">\n<li><strong>Shiraz Central Hospital (MRI Hospital)</strong>&nbsp;: This hospital is one of the most specialized hospitals in Shiraz&nbsp;<a class=\"imp\" href=\"https://medtouriran.com/en/services/medical-centers/19/shiraz-central-hospital\">Read More</a>&nbsp;. Some of its departments are:\n<ul class=\"template-ul\">\n<li class=\"paragraph-medium paragraph-black template-p\">Cardiology</li>\n<li class=\"paragraph-medium paragraph-black template-p\">ENT</li>\n<li class=\"paragraph-medium paragraph-black template-p\">Neurology</li>\n<li class=\"paragraph-medium paragraph-black template-p\">Orthopedics</li>\n<li class=\"paragraph-medium paragraph-black template-p\">Infertility</li>\n</ul>\n</li>\n</ul>\n<ul class=\"template-ul\">\n<li><strong>Dr.Khodadoust Hospital</strong>&nbsp;: Dr.Khodadoust hospital is one the best-equipped and most advanced eye centers in&nbsp;<strong>Shiraz</strong>. Dr.Khodadoust himself is a world-renowned ophthalmologist. This hospital only employs well-educated and experienced surgeons and specialists.&nbsp;<a class=\"imp\" href=\"https://medtouriran.com/en/services/medical-centers/13/mstshf-ala-wn-d-twr-khdadwst\">Read More</a></li>\n</ul>\n<h3 id=\"a4\" class=\"template-subtitle\">Attractions and landmarks of Shiraz</h3>\n<ul class=\"template-ul\">\n<li class=\"paragraph-medium paragraph-black template-p\"><strong>Nasir-ol-molk Mosque</strong>&nbsp;: Nasir al-molk (Nasir-ol-molk) mosque is also known as the Pink mosque and dates back to the Qajar period. This mosque is one the most beautiful buildings you will ever see. Extensive colored glasses are used in this mosque which create an amazing view and thus the name Pink mosque. If you want to go there, make sure you do it in the early morning so you don&rsquo;t miss the amazing and unique scenery of the light made in the mosque when it passes through the glasses.</li>\n<li class=\"paragraph-medium paragraph-black template-p\"><strong>Tomb of Hafez (Hafezieh)</strong>&nbsp;: Hafezieh, also known as tomb of Hafez was built in the memory of Hafez (famous Persian poet). Apart from the tomb itself, Hafezieh is beautiful place with tall trees, colorful flowers, and gardens. Hafezieh has always been one of the main attractions of&nbsp;<strong>Shiraz</strong>.</li>\n<li class=\"paragraph-medium paragraph-black template-p\"><strong>Tomb of Saadi</strong>&nbsp;: Tomb of Saadi is also known as &ldquo;Saadie&rdquo; and it is dedicated to the Persian poet Saadi. Around the tomb there are many graves which belong to great men who are buried there by their own will. Shouride Shirazi is among these men. There is a small pool containing colorful and beautiful fishes in the basement of the tomb.</li>\n<li class=\"paragraph-medium paragraph-black template-p\"><strong>Eram Garden</strong>&nbsp;: Eram garden is known as &ldquo;Bagh-e Eram&rdquo; in Persian and it is one of the most beautiful gardens in Iran. The structure underwent renovation during the Zand and Qajar dynasties and now is under the protection of Iran Cultural Heritage Organization.</li>\n<li class=\"paragraph-medium paragraph-black template-p\"><strong>Persian Gulf Complex</strong>&nbsp;: After Iran Mall, The Persian Gulf Complex is the biggest mall in Iran in terms of shops, and also it is 12th largest shopping mall in world. The complex includes an indoor, and an outdoor pool, two amusement parks and six cinemas. There also is a hypermarket located within the mall.</li>\n<li class=\"paragraph-medium paragraph-black template-p\"><strong>Afif Abad Garden</strong>&nbsp;: This complex contains a former royal mansion, a Persian garden, and a historical weapons museum. Afif Abad Garden probably dates back to the Qajar period and was used by the Safavid kings as a palace. Afif Abad garden is one of the most beautiful and historical gardens in&nbsp;<strong>Shiraz</strong>.</li>\n<li class=\"paragraph-medium paragraph-black template-p\"><strong>Qur&rsquo;an Gate</strong>&nbsp;: Qur&rsquo;an gate used to be one the entrances of&nbsp;<strong>Shiraz</strong>&nbsp;and it was built during the Buyid dynasty and restored during the Zand dynasty. When restored two Qur&rsquo;ans were placed in a room on top so people would pass under them and receive the blessings of the holy books and thus the name Qur&rsquo;an Gate. During the Qajar dynasty several earthquakes damaged this gate but it was later restored. In 1937 the two Qur&rsquo;ans were taken to the Pars museum in&nbsp;<strong>Shiraz</strong>. Currently the road to&nbsp;<strong>Shiraz</strong>&nbsp;is located next to this gate and many tourists spend their free time there.</li>\n<li class=\"paragraph-medium paragraph-black template-p\"><strong>Delgosha Garden</strong>&nbsp;: Delgosha garden is the other one of historical gardens in&nbsp;<strong>Shiraz</strong>&nbsp;and it is close to the tomb of Saadi. This garden dates back to the pre-Islamic era of the Sasanian dynasty. Delgosha garden was one of important gardens during the Safavid period but some of the buildings were added during the Qajar dynasty. This garden contains many orange and sour orange trees and counts as one the best tourism places in&nbsp;<strong>Shiraz</strong>.</li>\n<li class=\"paragraph-medium paragraph-black template-p\"><strong>Arg of Karim Khan (Karim Khan Citadel)</strong>&nbsp;: Arg of Karim Khan was built by Karim Khan order during the Zand dynasty and was used as living quarters. Karim Khan Citadel was both the home of Karim Khan and the military center of the Zand dynasty. Sometimes it was used as a prison but today it is a museum under the protection of Iran Cultural Heritage Organization.</li>\n<li class=\"paragraph-medium paragraph-black template-p\"><strong>Vakil Bazaar</strong>&nbsp;: Vakil was the title used by Karim Khan of the Zand dynasty and is means regent. Karim Khan chose this title because he didn&rsquo;t think of himself as people&rsquo;s king. Vakil bazaar is one of the most famous historical and traditional bazaars of Iran. This bazaar is one the best places in&nbsp;<strong>Shiraz</strong>&nbsp;to buy anything, from Persian rugs to spices, handicrafts and antiques. It also contains very beautiful courtyards and old shops.</li>\n<li class=\"paragraph-medium paragraph-black template-p\"><strong>Vakil Bath</strong>&nbsp;: Vakil bath is known as Hamam-e Vakil among Persians. It was built by order of Karim Khan and it is located west of Vakil mosque.&nbsp;</li>\n<li class=\"paragraph-medium paragraph-black template-p\"><strong>Vakil Mosque</strong>&nbsp;: Vakil mosque is known as Masjed-e Vakil among Persians and as you might have guessed it too was built by order of Karim Khan. It was restored during the Qajar period.&nbsp;</li>\n</ul>\n</div>','2019-07-27 05:45:44','2019-08-28 03:04:12'),(494,'cities','excerpt',3,'ar','Shiraz is the capital of Fars province and the fifth most populated city in Iran. This city is located in the southwest of Iran and has a moderate climate. Shiraz was the capital of Persia during the Zand dynasty. Shiraz is called the cultural capital of Iran and also is known as the city of poets, flowers, and literature. Hafez and Saadi are two world renowned poets who are from Shiraz and their tombs are located in this city.','2019-07-27 05:45:44','2019-11-20 09:34:52'),(495,'cities','title',1,'ar','طهران','2019-07-27 05:45:54','2019-07-27 05:45:54'),(496,'cities','title',2,'ar','مشهد','2019-07-27 05:46:02','2019-08-04 06:38:24'),(497,'categories','excerpt',22,'ar','إنجاب طفل وان تصبح والدًا هو أحد أجمل الأحداث وتغيير الحياة التي يمكنك تجربتها في حياتك. يمكن أن يتصور معظم الأزواج طفلًا خلال عام واحد من المحاولة ، ومن المرجح أن تحصل على نتيجة خلال الأشهر السابقة. يمكن للآخرين (حوالي 7٪) إنجاب طفل في السنة الثانية. لهذا السبب يُقال إنه إذا كنت تحاول الحمل في غضون 12 شهرًا ولكنك لم تستطع ، فمن الأفضل لك رؤية الطبيب والتأكد من أن كل شيء على ما يرام','2019-07-27 07:24:52','2019-08-28 06:18:43'),(500,'cities','description',1,'ar','<div id=\"template-content\" class=\"mceTmpl\">\n<ul>\n<li><a href=\"#a1\">عن طهران</a></li>\n<li><a href=\"#a2\">عيادات ومستشفيات طهران </a></li>\n<li><a href=\"#a3\">معالم الجذب في طهران</a></li>\n</ul>\n<h3 id=\"a1\" class=\"template-subtitle\">طهران</h3>\n<p class=\"paragraph-medium paragraph-black template-p\">طهران هي عاصمة إيران والمدينة الأكثر كثافة سكانية. تعد طهران واحدة من أهم المدن السياحية في إيران. برج آزادي وبرج ميلاد هما رمزان لطهران. كان آغا محمد خان من أسرة القاجار أول من اختار هذه المدينة كعاصمة لإيران. بعض المعالم الشهيرة في طهران</p>\n<ul class=\"template-ul\">\n<li><strong>برج آزادي :</strong> تم بناء هذا البرج بقيادة محمد رضا شاه في عام 1971.</li>\n<li><strong>برج ميلاد :</strong> تم بناء هذا البرج في عام 2006 وهو سادس أطول برج مستقل بذاته في العالم.</li>\n<li><strong>جسر طبيعت :</strong> يُعتبر جسرطبيعت نموذجًا فريدًا في الشرق الأوسط ، وهو أكبر جسر مروري بدون مركبات في إيران. يعتبر هذا الجسر هيكلًا صديقًا للبيئة ويربط حدائق طالقاني و حدائق اب واتش</li>\n</ul>\n<h3 id=\"a2\" class=\"template-subtitle\">عيادات ومستشفيات طهران</h3>\n<p class=\"paragraph-medium paragraph-black template-p\">طهران هي مدينة إيران الحديثة والعديد من العيادات والمستشفيات الأكثر تطوراً في إيران موجودة في هذه المدينة. وتشمل هذه المراكز الطبية:</p>\n<ul class=\"template-ul\">\n<li><strong>مركز بصير للعيون :</strong> مع أكثر من عقدين من الخبرة في التشخيص والعلاج والقيام بعمليات جراحية متخصصة للعين ، يعد مركز بصير للعيون واحدًا من أفضل المراكز في هذا المجال. يستخدم هذا المركز أحدث المعدات في طب العيون ويوفر خدمات عالية الجودة بأسعار معقولة</li>\n<li><strong>عياده تجميل بهسيما :</strong> عيادة التجميل هي المركز الأكثر تجهيزًا في إيران والذي يركز على الأمراض الجلدية وتساقط الشعر. من أجل الحفاظ على خدماتهم مناسبة وعالية الجودة ، يتعاون هذا المركز فقط مع الأطباء المشهورين وأطباء الأمراض الجلدية من ذوي الخبرة والمتعلمين</li>\n<li>مركز بصير للعيون</li>\n<li>مستشفى عرفان</li>\n<li>كيلينك ايران نوين</li>\n<li>كيلينك ماهان للمفاصل والعظام</li>\n<li>مركز نكاه للعيون</li>\n<li>مستشفى محب مهر</li>\n</ul>\n<h3 id=\"a3\" class=\"template-subtitle\">معالم الجذب في طهران</h3>\n<p class=\"paragraph-medium paragraph-black template-p\">هناك العديد من القصور والأثار في طهران والتي يعود تاريخها إلى فترة القاجار والصفوية. كما يمكنك أن تجد العديد من المدارس والكنائس القديمة والتاريخية في هذه المدينة. فيما يلي بعض المعالم السياحية في طهران التي يمكنك زيارتها أثناء إقامتك:</p>\n<ul class=\"template-ul\">\n<li><strong>قصر جولستان :</strong> يعود قصر جولستان إلى العصر الصفوي ولكنه كان أكثر أهمية في عهد آغا محمد خان. عندما اختار آغا محمد خان طهران عاصمة له ، أصبح قصر جولستان المقر الرسمي لسلالة القاجار. تم استخدام هذا القصر لحفلات الاستقبال الملكية الرسمية في عهد بهلوي مثل تتويج رضا شاه ومحمد رضا شاه. يعتبر ماربل ثرون ، كريم خاني نووك ، قاعة ميرور ، دايموند هول بعض المباني في مجمع قصر جولستان .</li>\n<li><strong>مجمع سعد اباد :</strong> يعود هذا المجمع إلى فترة القاجار. رضا شاه عاش هناك في العشرينيات من القرن الماضي وابنه (محمد رضا شاه) انتقل إلى هناك في السبعينيات. بعد الثورة أصبح المجمع متحفًا عامًا. يتم استخدام بعض أجزاء المجمع حاليًا بواسطة مكتب رئيس جمهورية إيران الإسلامية. يضم مجمع سعد آباد 18 قصرا وبنايات مختلفة ..</li>\n<li><strong>مجمع نياوران :</strong> يحتوي هذا المجمع على العديد من المباني و المتاحف والآثار التي يعود تاريخها إلى عصري قاجار ومحمد رضا بهلوي. هناك مكتبة خاصة في هذا المجمع التاريخي الذي يتكون من 23000 كتاب. ويضم المجمع نيافاران أيضا قصر صاحب القرانيه، و قصرأحمد شاهي جناح، وقصر نياوران</li>\n<li><strong>منتزه ومدينه ملاهي ارم :</strong> تعد ملاهي ارم الترفيهية أكبر منتزه ترفيهي في إيران ، وهي تقع على الطريق السريع طهران_كرج . تبلغ مساحة هذه الحديقة 70 هكتارًا وتتكون من أكثر من 120 جهازًا للألعاب وحديقة للحيوانات وبحيرة والعديد من المطاعم والمقاهي.</li>\n<li><strong>حديقة ملت :</strong> هذه الحديقة هي واحدة من أكبر المساحات الخضراء في إيران وتقع شمال طهران. واحدة من أول النافورات الموسيقية في طهران في هذه الحديقة. تشمل حديقة ملت أيضًا ملاعب ومقاهي ومطاعم للوجبات الخفيفة و دار سينما كبير</li>\n<li><strong>بحيرة خليج فارس :</strong> بحيرة جيتكر (المعروفة أيضًا باسم بحيرة شهداء الخليج الفارسي) هي بحيرة صناعية تقع شمال حديقة جيتكار. يغطي هذا المجمع مساحة إجمالية قدرها 250 هكتار (تغطي البحيرة نفسها 130 هكتار). تحتوي البحيرة أيضًا على شاطئ صخري حتى تتمكن من المشي هناك والتمتع بالطقس الجميل والمناظر</li>\n<li><strong>سوق طهران الكبير :</strong> سوق طهران هو سوق قديم وتاريخي في طهران. يتكون من عدة ممرات طويلة (بعضها يزيد عن 10 كيلومترات) ولكل ممر نوع مختلف من البضائع مثل الملابس والسجاد ، إلخ.</li>\n<li><strong>مجمع توجال :</strong> يقع مجمع توجال شمال طهران ، ويتألف من العديد من المرافق الرياضية والترفيهية. يبلغ طول تلكابين توجال 7500متر وهو واحد من أطول خطوط رفع للعربات المعلقه في العالم. يتم استخدامه للوصول إلى منتجعات التزلج وغيرها من المراكز على الجبل. يحتوي المصعد على أربع محطات ، وتقع المحطة الأخيرة المعروفة باسم المحطة 7 على ارتفاع 3470 مترًا وهي منتصف منحدر توتشال للتزلج.</li>\n</ul>\n</div>','2019-07-27 23:30:58','2019-09-08 14:36:36'),(501,'cities','excerpt',1,'ar','طهران هي عاصمة إيران والمدينة الأكثر كثافة سكانية. تعد طهران واحدة من أهم المدن السياحية في إيران. برج آزادي وبرج ميلاد هما رمزان لطهران. كان آغا محمد خان من أسرة القاجار أول من اختار هذه المدينة كعاصمة لإيران.','2019-07-27 23:30:58','2019-08-28 02:21:00'),(502,'video_reviews','title',2,'ar','علاج العين في إيران','2019-07-30 02:38:47','2019-10-14 07:49:45'),(503,'video_reviews','body',2,'ar','يحيي و يعرب من عمان يتحدثون عن دورة العلاج البصري في إيران. تم العلاج عن طریق شركة مدتورإيران\n','2019-07-30 02:38:48','2019-07-30 02:42:08'),(505,'hotels','title',6,'ar','مستشفى محب مهر','2019-07-30 03:34:08','2019-08-08 01:54:18'),(506,'hotels','title',7,'ar','مستشفي نگاه لطب العيون','2019-07-30 03:43:33','2019-11-20 08:33:00'),(507,'doctors','education',11,'ar','{}','2019-07-30 03:50:36','2019-07-30 03:50:36'),(508,'doctors','skills',11,'ar','{}','2019-07-30 03:50:36','2019-07-30 03:50:36'),(509,'doctors','name',13,'ar','الدكتورة متين عطاران','2019-07-30 07:02:48','2019-11-23 19:57:24'),(510,'doctors','education',13,'ar','{\n    \"1\": {\n        \"name\": \"Universty of world for Medicine\",\n        \"degree\": \"Bachelor of Medicine(BM)\",\n        \"date\": \"Dec 1991\"\n    },\n    \"2\": {\n        \"name\": \"Universty of world for Medicine1\",\n        \"degree\": \"Bachelor of Medicine(BM)1\",\n        \"date\": \"Dec 1991 1\"\n    }\n}\n','2019-07-30 07:02:48','2019-07-30 07:02:48'),(511,'doctors','skills',13,'ar','\n{\n    \"1\": {\n        \"skill\": \"Brain Surgery\",\n        \"percent\": \"75\"\n    },\n    \"2\": {\n        \"skill\": \"Heart Surgery\",\n        \"percent\": \"65\"\n    },\n    \"3\": {\n        \"skill\": \"Trauma Surgery\",\n        \"percent\": \"85\"\n    },\n    \"4\": {\n        \"skill\": \"Central Surgery\",\n        \"percent\": \"89\"\n    },\n    \"5\": {\n        \"skill\": \"Weekly Consultancy\",\n        \"percent\": \"55\"\n    }\n}\n','2019-07-30 07:02:48','2019-07-30 07:02:48'),(512,'hotels','title',8,'ar','عيادة ماهان للعظام','2019-07-30 08:40:57','2019-08-08 01:52:12'),(513,'categories','body',19,'ar','<div id=\"template-content\" class=\"mceTmpl\">\n<ul>\n<li><a href=\"#a1\">ما هو الأنف والحنجرة؟</a></li>\n<li><a href=\"#a2\">جراحة الرأس والرقبة</a></li>\n<li><a href=\"#a3\">طب الأذن والطب العصبي للأذن</a></li>\n<li><a href=\"#a4\">طب الأنف</a></li>\n<li><a href=\"#a5\">طب الحنجره&nbsp;</a></li>\n<li><a href=\"#a6\">طب الأطفال</a></li>\n<li><a href=\"#a7\">إستئصال اللوزتين</a></li>\n</ul>\n<h3 id=\"a1\" class=\"template-subtitle\">ما هو الأنف والحنجرة؟</h3>\n<p class=\"paragraph-medium paragraph-black template-p\">يعتبر الأنف والأذن والحنجرة أحد التخصصات الفرعية الجراحية للطب ، حيث يركز على حالات الأذن والأنف والحنجرة. لتسهيل الأمور ، يطلق عليها \"الأنف والأذن والحنجرة\" والأطباء المتخصصون في هذا المجال يطلق عليهم أطباء الأنف والأذن والحنجرة. كما يتم تضمين هياكل الرأس والعنق في هذا المجال. بعض التخصصات الفرعية في الأنف والحنجرة هي</p>\n<ul class=\"template-ul\">\n<li>جراحة الرأس والرقبة</li>\n<li>طب الأنف والأذن والحنجرة</li>\n<li>طب الأنف</li>\n<li>علم أمراض الحنجرة</li>\n<li>طب الأطفال</li>\n<li>جراحة الغدة الدرقية والغدة الدرقية (وهو العلاج الجراحي لأورام الغدة الدرقية والغدة الدرقية)</li>\n<li>جراحة تجميل الوجه</li>\n<li>إستئصال اللوزتين</li>\n</ul>\n<p>تعتبر حالات السمع والتوازن والبلع والكلام ومشاكل التنفس والنوم والحساسية والجيوب الأنفية وسرطان الرأس والرقبة واضطرابات الجلد وحتى الجراحة التجميلية في الوجه بعض الحالات التي يعالجها أخصائيو \"الأنف والأذن والحنجرة\".&nbsp;</p>\n<h3 id=\"a2\" class=\"template-subtitle\">جراحة الرأس والرقبة</h3>\n<p class=\"paragraph-medium paragraph-black template-p\">يشمل هذا التخصص الفرعي العمليات الجراحية مثل:</p>\n<ul class=\"template-ul\">\n<li>استئصال الغدة النكفية وهي عملية لإزالة الغدة النكفية (أكبر غدة اللعاب) بسبب الأورام التي يمكن أن تكون إما حميدة (غير سرطانية) أو خبيثة (سرطانية).</li>\n<li>تشريح الرقبة الذي يهدف إلى إزالة الغدد الليمفاوية من جانب واحد من الرقبة ، في حالة ظهورأي خلايا سرطانية هناك.</li>\n<li>استئصال الحنجرة الذي تتم فيه إزالة الحنجرة (صندوق الصوت)</li>\n</ul>\n<h3 id=\"a3\" class=\"template-subtitle\">طب الأذن والطب العصبي للأذن</h3>\n<p class=\"paragraph-medium paragraph-black template-p\">يعتبر طب الأذن أحد فروع الطب التي تركز على الأذنين وتشريحهم وظروفهم وعلاجاتهم. يعتبر اختصاص الأذن والطب العصبي للأذن أحد التخصصات الفرعية لأمراض الأنف والأذن والحنجرة التي تدرس الحالات العصبية للأذن وكيفية علاجها. طب الأذن يتضمن علاج بعض الحالات منها :</p>\n<ul class=\"template-ul\">\n<li>فقدان السمع</li>\n<li>التهابات الأذن المزمنة</li>\n<li>الكوليستيرولي</li>\n<li>تصلب الأذن</li>\n<li>العصب السمعي</li>\n<li>زراعة قوقعة</li>\n</ul>\n<h3 id=\"a4\" class=\"template-subtitle\">طب الأنف</h3>\n<p class=\"paragraph-medium paragraph-black template-p\">أطباء الأنف هم أطباء متخصصون في مشاكل الأنف والجيوب الأنفية ويتضمن مجال تخصصهم علاج الاورام الحميدة في الأنف والتهاب الجيوب الأنفية المزمن والعديد من الحالات الأخرى. تشمل بعض إجراءات طب الأنف :</p>\n<ul class=\"template-ul\">\n<li>عملية تجميل الأنف</li>\n<li>اصلاح حاجز الأنف</li>\n<li>جراح النتؤ العضمي للأنف&nbsp;</li>\n<li>جراحة الجيوب الأنفية بالمنظار</li>\n<li>ازاله الزوائد اللحمیه&nbsp; الانفیه&nbsp;</li>\n</ul>\n<p>يعمل أطباء الأنف عن كثب مع أطباء العيون لإجراء \"عمليات جراحية مدارية بالمنظار\" لعلاج حالات مثل \"التمزق المستمر\". يمكن لأخصائيي الأنف أن يتعاونوا مع جراحي الأعصاب لعلاج الحالات القاعدية للأنف والجمجمة مثل أورام قاعدة الجمجمة أو أورام الأنف والجيوب الأنفية.</p>\n<h3 id=\"a5\" class=\"template-subtitle\">طب الحنجره&nbsp;</h3>\n<p class=\"paragraph-medium paragraph-black template-p\">يُعرف الحنجرة باسم \"صندوق الصوت\" وتركز الحنجرة على علاج اضطرابات الصوت أو مشاكل مجرى الهواء والبلع أو سرطان الحنجرة. علم الحنجرة هو تخصص واسع للغاية هنا بعض الحالات التي يتعامل معها أطباء الحنجرة:</p>\n<ul class=\"template-ul\">\n<li>عسر البلع (صعوبة البلع)</li>\n<li>خلل النطق (صعوبة في الكلام)</li>\n<li>ثایروبلاستی ( یتم لتحسین الصوت )</li>\n<li>فغر القصبة الهوائية (يتم ذلك للسماح بدخول الهواء إلى الرئتين)</li>\n</ul>\n<p>الإجراءات المذكورة أعلاه ليست سوى بعض من العديد من الإجراءات التي تشمل الحنجرة</p>\n<h3 id=\"a6\" class=\"template-subtitle\">طب الأطفال</h3>\n<p class=\"paragraph-medium paragraph-black template-p\">يركز طب الأطفال على رعاية الأطفال الرضع والمراهقين. توقف التنفس أثناء النوم والأذن الغراء هما من الشروط التي يتعامل معها أطباء الأطفال.</p>\n<h3 id=\"a7\" class=\"template-subtitle\">إستئصال اللوزتين</h3>\n<p class=\"paragraph-medium paragraph-black template-p\">توجد فوطتان من الأنسجة بيضاوية الشكل في الجزء الخلفي من الحلق تسمى اللوزتين. استئصال اللوزتين هو العملية الجراحية لإزالة اللوزتين في حالة إصابة أو تورم.</p>\n<p class=\"paragraph-medium paragraph-black template-p\">&nbsp;</p>\n</div>','2019-07-30 08:45:37','2019-08-30 10:59:22'),(517,'categories','slug',12,'ar','tby','2019-07-30 09:21:59','2019-10-30 05:49:08'),(518,'categories','title',12,'ar','طبي','2019-07-30 09:21:59','2019-10-30 05:49:08'),(519,'categories','slug',13,'ar','tjmyly','2019-07-30 09:22:38','2019-07-30 09:22:38'),(520,'categories','title',13,'ar','تجميلي','2019-07-30 09:22:38','2019-07-30 09:22:38'),(523,'categories','slug',50,'ar','zra-alshar','2019-07-30 23:44:31','2019-07-30 23:44:31'),(524,'categories','title',50,'ar','زرع الشعر','2019-07-30 23:44:31','2019-07-30 23:44:31'),(525,'categories','slug',34,'ar','Ear-surgery','2019-07-30 23:48:51','2019-08-10 02:46:24'),(526,'categories','title',34,'ar','تجميل الأذن','2019-07-30 23:48:51','2019-08-10 02:46:24'),(527,'packages','title',6,'ar','تكبير الثدي','2019-07-31 00:08:58','2019-08-13 08:49:22'),(528,'packages','before_price',6,'ar','ابتداءً من','2019-07-31 00:08:58','2019-07-31 00:11:01'),(529,'packages','after_price',6,'ar','USD','2019-07-31 00:08:58','2019-07-31 00:08:58'),(530,'packages','subtitle',5,'ar','Package In','2019-07-31 00:11:12','2019-07-31 00:11:12'),(531,'packages','options',5,'ar','hotel;visa','2019-07-31 00:11:12','2019-07-31 00:11:12'),(532,'packages','options',6,'ar','تأشيرة دخول;\nنقل داخل طهران;\nالإقامة ;\nمترجم;\nمتابعة;\nمشاهدة معالم المدينة','2019-07-31 00:12:11','2019-07-31 00:12:11'),(533,'packages','title',7,'ar','تجميل الأذن','2019-07-31 00:44:51','2019-08-13 08:51:11'),(534,'packages','before_price',7,'ar','ابتداءً من','2019-07-31 00:44:51','2019-07-31 00:44:51'),(535,'packages','after_price',7,'ar','USD','2019-07-31 00:44:51','2019-07-31 00:44:51'),(536,'hotels','title',9,'ar','كلينيك إيران نوين','2019-08-03 06:26:09','2019-09-21 11:13:26'),(537,'hotels','title',10,'ar','مستشفي عرفان','2019-08-03 06:28:40','2019-11-20 07:32:06'),(538,'hotels','title',11,'ar','مستشفي بهمن','2019-08-03 06:29:34','2019-11-20 07:32:17'),(540,'hotels','title',13,'ar','مستشفي العيون دكتور خدادوست','2019-08-03 06:33:31','2019-11-20 07:31:30'),(541,'hotels','title',14,'ar','مستشفي رضوي','2019-08-03 06:35:47','2019-08-03 06:35:47'),(542,'hotels','title',15,'ar','مرکز بصیر شيراز لطب العیون','2019-08-03 06:41:41','2019-08-13 05:42:36'),(543,'hotels','title',16,'ar','فندق بارسيان استقلال الدولي','2019-08-03 06:44:31','2019-08-03 06:44:31'),(544,'hotels','title',17,'ar','فندق زندية','2019-08-03 06:47:43','2019-08-10 05:52:46'),(545,'hotels','title',5,'ar','Hotel Sasan','2019-08-03 06:48:50','2019-08-03 06:48:50'),(546,'hotels','title',18,'ar','فندق كبير شيراز','2019-08-03 06:50:42','2019-08-10 05:57:50'),(547,'hotels','slug',9,'ar','iran-novin-clinic','2019-08-03 13:28:01','2019-08-08 01:52:44'),(548,'packages','slug',2,'ar','tjmyl-alanf','2019-08-03 13:29:52','2019-08-03 13:29:52'),(549,'cities','slug',1,'ar','tehran','2019-08-03 13:43:42','2019-08-03 13:43:42'),(550,'cities','slug',3,'ar','shyraz','2019-08-03 13:44:15','2019-08-13 06:31:37'),(551,'cities','slug',2,'ar','mashhad','2019-08-03 13:44:42','2019-08-04 06:38:24'),(552,'menu_items','title',62,'ar','Hotel Items','2019-08-03 13:47:08','2019-08-03 13:47:08'),(553,'menu_items','title',65,'ar','Members','2019-08-03 13:47:51','2019-08-03 13:47:51'),(554,'menu_items','title',66,'ar','Reviews','2019-08-03 13:53:33','2019-08-03 13:53:33'),(555,'packages','slug',7,'ar','tjmyl-alathn','2019-08-03 14:56:46','2019-08-13 08:51:11'),(556,'packages','slug',6,'ar','tkbyr-althdy','2019-08-03 14:57:26','2019-08-13 08:49:22'),(558,'packages','slug',1,'ar','hair-transplant','2019-08-03 15:00:22','2019-08-03 15:00:22'),(559,'packages','slug',5,'ar','liposuction','2019-08-04 03:32:28','2019-08-04 03:32:28'),(560,'packages','slug',3,'ar','dental-implant','2019-08-04 05:17:20','2019-08-04 05:17:20'),(561,'categories','slug',43,'ar','rhinoplasty','2019-08-04 05:41:50','2019-08-10 02:31:29'),(562,'categories','title',43,'ar','جراحة الأنف','2019-08-04 05:41:50','2019-08-10 02:31:29'),(563,'categories','slug',35,'ar','eyelids-surgery','2019-08-04 05:47:40','2019-08-10 02:52:03'),(564,'categories','title',35,'ar','جراحة الجفون ','2019-08-04 05:47:40','2019-08-10 02:52:03'),(565,'categories','slug',51,'ar','tb-alasnan','2019-08-04 06:08:23','2019-08-10 04:00:23'),(566,'categories','title',51,'ar','طب الأسنان','2019-08-04 06:08:23','2019-08-10 04:00:23'),(567,'cities','address',1,'ar','طهران،مجتمع شريف للخدمات التكنولوجية، جامعة شريف للتكنولوجيا ','2019-08-04 06:36:20','2019-08-04 06:36:20'),(568,'cities','address',3,'ar','شيراز، شارع ارم ، جامعة شيراز','2019-08-04 06:37:31','2019-08-13 06:31:37'),(569,'cities','description',2,'ar','<div id=\"template-content\" class=\"mceTmpl\">\n<ul>\n<li><a href=\"#a1\">عن مشهد</a></li>\n<li><a href=\"#a2\">الوجهات السياحية المفضلة</a></li>\n<li><a href=\"#a3\">عيادات مدينة مشهد</a></li>\n<li><a href=\"#a4\">مطار و سكك مشهد </a></li>\n<li><a href=\"#a5\">قائمة فنادق مدتور الإيرانية في مشهد</a></li>\n</ul>\n<h3 id=\"a1\" class=\"template-subtitle\">عن مشهد</h3>\n<p class=\"paragraph-medium paragraph-black template-p\">مشهد هي مدينة في شمال شرق إيران ، مركزها الحرم الشريف للإمام رضا والمعروفة باسم العاصمة الروحية لإيران. بعد طهران ، تعتبر مشهد ثاني أكبر مدينة في إيران وتستقبل أكثر من مليوني زائر من الخارج كل عام. بعض الهدايا التذكارية لمشهد هي</p>\n<ul class=\"template-ul\">\n<li>اشياء جلدية</li>\n<li>زعفران</li>\n<li>الحلوى الصخرية</li>\n<li>حجر الفيروز</li>\n<li>المجوهرات الفضية</li>\n</ul>\n<h3 id=\"a2\" class=\"template-subtitle\"><span style=\"font-size: 18.72px;\">الوجهات السياحية المفضلة</span></h3>\n<p class=\"paragraph-medium paragraph-black template-p\">ضريح الإمام رضا المقدس والعديد من المعالم التاريخية والترفيهية جعلت مشهد من الأماكن السياحية المفضلة في إيران. إليك بعض الأماكن التي يجب زيارتها أثناء وجودك في مشهد :</p>\n<ul class=\"template-ul\">\n<li><strong>ضريح الأمام الرضا (ع) : </strong>أحد مباني إيران المجيدة والمقدسة ووجهة الزوار لجميع المسلمين . مع القباب الذهبية والمآذن المضاءة ، يصعب تفويتها. يحتوي هذا المجمع على مسجد كوهرشاد ومتحف ومكتبة وأربع حلقات دراسية ومقبرة. يحتوي ضريح الإمام رضا على سبع صحون. من هذه الساحات ، تؤدي الممرات إلى المناطق الداخلية للمسجد ، والتي تسمى باسم (الحرم). تؤدي ممرات إلى 21 قاعة داخلية تحيط بلضريح</li>\n</ul>\n<p><img title=\"holyshrine_Mashhad\" src=\"/storage/cities/August2019/holyshrine_Mashhad_lg1.jpg\" alt=\"holyshrine_Mashhad\" /></p>\n<ul class=\"template-ul\">\n<li><strong>&nbsp;مسجد گوهر شاد </strong>&nbsp;: يعود هذا المسجد إلى القرن الخامس عشر وهو واحد من أشهر المساجد في إيران. يقع هذا المسجد گوهرشاد بجوار ضريح الإمام رضا. يضم مسجد فناء ، وأربعة شرفات ، وسبعة قاعات للصلاة ، ومئذنتين بارتفاع 40 متر.</li>\n<li><strong>قبر نادر شاه </strong>: نادر شاه من بين الملوك الأقوياء والمؤثرين على مر تاريخ إيران. وأمر ببناء قبر صغير مقابل ضريح الإمام رضا وبعد أن تم اغتياله دُفن هناك. تكريما لجهوده تم بناء قبر جديد له في فترة القاجار. بعد ضريح الإمام رضا ، تعتبر قبر نادر شاه من أهم المعالم الأثرية في مشهد وتعتبر نقطة جذب ثقافي .</li>\n<li><strong>أرض الموجات المائية</strong> : إذا كنت تحب الماء وتجربة مثيرة ، فهذا هو المكان المناسب لك. يحتوي هذا المجمع على حمام سباحة كبير وساونا وجاكوزي وسبا وشاطئ متموج مصطنع والعديد من الأدوات المثيرة وهناك قاعة مختلفة للسيدات. سيكون هذا المجمع ممتعًا لجميع أفراد الأسرة لأنه يحتوي أيضًا على منطقة للأطفال. تبعد حوالي 40 دقيقة عن ضريح الإمام رضا (ع).</li>\n</ul>\n<p><img title=\"mojhaye abi\" src=\"/storage/cities/August2019/download (3)2.jpg\" alt=\"mojhaye abi\" /></p>\n<ul class=\"template-ul\">\n<li><strong>حديقه العاب ملت</strong> : يحتوي على أكبردولاب هواء في الوسط ويمكن الوصول إليه بسهولة بواسطة مترو مشهد. هذه الحديقة هي واحدة من أكبر وأشهر الحدائق في إيران ، وإذا ذهبت إلى هناك فسوف تعرف السبب. يمكن للجميع قضاء وقت ممتع في هذا المكان ، وعادة ما يقضون ما يصل إلى 3 ساعات هناك .</li>\n<li><strong>منتزه كوهسنكي </strong>&nbsp;: كوهسنكي تعني الجبل الصخري باللغة الفارسية وبعد منتزه ملت الترفيهي ، تعد حديقة كوهسنكي أكبر منتزه في مشهد. يوجد في هذه الحديقة أيضًا مطعم وحمام سباحة ومتجر للحرف اليدوية. تعتبر حديقة كوهسنكي واحدة من أجمل الحدائق في إيران. تم تسمية هذه الحديقة نظرًا لوجود جبلين صخريين يقعان جنوبي مشهد يطلان على المدينة. تشتهر هذه الحديقة بالمناظر الرائعة والطقس الرائع. إذا كنت تخطط للسفر إلى مشهد ، فمن المستحسن بشدة أن تقضي أمسية سحرية هنا .</li>\n</ul>\n<p><img title=\"koohsangi mashhad\" src=\"/storage/cities/August2019/download1.jpg\" alt=\"koohsangi mashhad\" width=\"275\" height=\"183\" /></p>\n<ul class=\"template-ul\">\n<ul class=\"template-ul\">\n<ul class=\"template-ul\">\n<ul class=\"template-ul\">\n<li><strong>منتزه وكيل اباد</strong> : حديقة وكيل اباد هي أحد معالم مشهد القديمة الجميلة. جعل الطقس الجميل والمناظر اللطيفة هذه الحديقة وجهة مفضلة للسائحين وسكان المدينة. أيضا في الحديقة يوجد حديقه حيوانات وهي الوحيده في مشهد .</li>\n<li><strong>حديقة بازيما العلمية</strong> : حديقة البروفيسور بزيما العلمية هي أول مدينة ترفيهية افتتحت في إيران. المشي في هذه الحديقة يشبه كونك في منتصف كتاب علمي ، والتعرف على ولادة الكون ، الكون ، الكائنات الحية ، والجسم البشري. هذا المكان هو اختيار ممتاز واذا كنت تريد مزج المرح والتعليم .</li>\n<li><strong>القبة الخضراء (گنبد سبز)</strong> : كنبد سبز سميت على اسم القبة الخضراء التي يعود تاريخها إلى العصر الصفوي ، وهي قبرشيخ مؤمن مشهدي وهي مشهد جميل للغاية في وسط المدينة .</li>\n<li><strong>منطقه هفت حوض السياحية (سبعه احواض)</strong> : تعد هفت حوض \"الأحواض السبعة\" واحدة من مناطق الجذب الطبيعية الخلابة في مشهد التي تقع في قلب جبل على بعد حوالي 9 كيلومترات من مشهد. تحتوي هذه المنطقة على سبعة أحواض طبيعية تكونت من التآكل(الانجراف ) ، وسوف تمنحك راحة مدهشة مع الأصوات المريحة لتيارات المياه .</li>\n<li><strong>مجتمع جاليدره السياحي </strong>&nbsp;: يبعد هذا المجمع حوالي 30 دقيقة عن مشهد ، وهو واحد من أهم المناطق السياحية في مشهد. يشمل مجمع جاليدره , المطاعم وقوارب الدواسة و تله كابين والقفز بالحبال .</li>\n<li><strong>شانديز </strong>: يزور الكثيرون هنا الأشجار الطويلة والزهور البرية. بصرف النظر عن المعالم السياحية المذهلة ، يجب عليك بالتأكيد زيارة المطاعم هناك خاصه كباب شانديز الشهير .</li>\n<li><strong>قبر خواجه ربيع&nbsp;</strong></li>\n<li><strong>قرية كنك السياحية </strong>&nbsp;: تقع قرية كنك السياحية الجميلة على مسافة 28 كم غربي مدينة مشهد المقدسة وعلى بعد 21 كم من جسر وكيل آباد جنوبي سلسلة جبال &laquo;بينالود&raquo; ويفصفلها عن مدينة طرقبة 22 كم حيث تستقر على سفوح هذه السلسلة إلى جانب نهر &laquo; كنك&raquo; الذي يزخر بالمياه الصافية العذبة. تزخر هذه القرية الجميلة بالمناظرالطبيعية وتكثر فيها الينابيع التي تتدفق منها مياه عذبة تروي حدائقها وغاباتها التي تتنوع فيها الأشجار الخضراء الباسقة المثمرة وغير المثمرة، ناهيك عن شلالاتها التي أضفت عليها طلاوة وحلاوة لا نظير لهما، وعمارة منازلها تتناغم مع طبيعتها الخلابة حيث استلهم سكنتها مناظرها لتشييد منازلهم.</li>\n<li><strong>مضيف بابا قىرت </strong>&nbsp;: يعود تاريخ مضيف بابا قىرت السياحي إلى فترة&nbsp; القاجار ويشمل المقهى التقليدي والمطعم والسوق .</li>\n<li><strong>قبر الشاعر فردوسي </strong>&nbsp;: كان الفردوسي شاعراً فارسيًا ومؤلفًا لشاهنامه. (اسمه الشهير يعني كتاب الملوك باللغة الفارسية). فردوسي هو الشخصية الأكثر نفوذا في الأدب الفارسي. يقع قبر فردوسي في طوس، على بعد حوالي 50 دقيقة من مشهد. تم بناؤه في أوائل ثلاثينيات القرن الماضي بأمر رضا شاه لتكريم فردوسي ومساهماته.</li>\n<li><strong>كنيسة القديس ميسروب الأرمنية</strong></li>\n</ul>\n</ul>\n</ul>\n</ul>\n<h3 id=\"a3\" class=\"template-subtitle\">عيادات مدينة مشهد</h3>\n<ul>\n<li><strong>عیادة آرتا</strong>&nbsp; عیادة آرتا التخصصیة لعلاج امراض الجلد و زراعة الشعر، التی تشتمل علی کاور طبی ذی الخبرة العالیة و اجهزة حدیثة، و من العلاجات التی تتبع فی هذا المرکز: 1- حجز الموعد امراض الجلد، الشعر و الظفر بواسطة متخصصی هذا المرکز 2- الاستشارة فی مجال تجمیل الجلد (البشرة) و زیادة حیویتها. 3- مجض و علاج فوری لامراض شائعة جلدیة. من بینها الحایة، لیکن پلان، پسوریازیس(الصدفیة) و یتلیجو و آکنه(بثورات)، تساقط الشعر، سرطانات جلدیة، الستعانة با الامکانیات التالیة: اخذ العینات، کرای تراپی( الهلاج بالبرودة) ، الحقن فی جوف الضائعة، انواع بیلینک، العملیات الجراحیة السریعة، و التجمیلیة، عملیات العملیات الجراحیة لعلاج السرطانات الجلدیة. 4- اخذ العلاجات اللازمة لازالة زوائد البثور، والحرقة، و الثرثرة. 5- زراعة الشعر 6- اسخدام انواع اللیزر لایجاد الحیویة و نضادة الجلد، ازالة الشعور الذائدة و والوشم(تتو) و علاج انواع الوشم، و النمش، وشد الوجه، و الزوائد العروقیة، و بیجمنت 7- شد الوجه و العنق بتردینبج 8- حق الدهون،بوتوکس، بی آربی، و میکرودرم، مزوترابی 9- کربوکسی ترابی 10- حفرة الوجه</li>\n<li><strong>عیادة شابرک طلایی </strong>&nbsp; عیادة شابرک التخصصیة لفحص امراض الجلد و الشعر، و هی تحوی فی ضمنها اطباء دوی خبرة عالیة و کما تحظی باجهزه حدیثة فی عملیة العلاج. ومن اعلاجات التی تتع فی هذا المرکز 1- ابدومینوبلاستی 2- اتوبلاستی(لازالة امراض الانف التجمیلیة. 3- بلفاروبلاستی (السلوب جراحی تخصصی و مفید لازالة ارتخاء الجفون العلیا اوالسفلی. 4- تصحیح (بیروتز) (زیادة الحجم ، و ازالة الارتخاء) 5- ترولیفت( شد بشرة مع وضع خیوط جاذبة الوجه تحت البشرة) 6- لابیابلاستی، اصلاح عدم التعادل و ازالة تجاعید لابیا. 7- لیفت الوجه ( ازالة الدهون الزائدة، تقویة العضلات التحتانیة و شد بشرة الوجه و العنق) 8- ماموبلاستی و علاج جنیکوماستی 9- النحت ( واحد من العملیات الجراحیة القویة تکسب البطن حیویته و نضادته 10- استخدام co2 فرکشنال( قدرة اللیزر الاعجازیة فی ازالة البثور، التجاعید السطحیة و الجلدیة). 11- لیزر واجینال ( تشبیب المهبل و تشفیفه و ازالة ارتخاء المهبل) 12- کندلا( احدث جهاز اللیزر الکس علی المتوی العالمی، مصنوع امیرکا 13- مزوترابی ( حقن الفیتامین، الادویة و الهرمونات فی قشرة الجلد الویطی) 14- کرایوترابی ( ازالة الوشع ، شولول، و الروائد الجلدیة بواسطة نیتروجن السائل) 15- ساب سیژن: ازالة اثر البثور و الصفات تحت الجلد فی جلسة واحدة 16- هایفوترابی( اللطاقة مافوق الصوت للیفت (اشد) و احکام الجلد 17- میکروکارنت( آبادیس و زیادة الکریمات العلاجیة فی الوجه عن طریق الامواج الالکترونسیة. 18- استخدام RF فرکشنال ( ازالة التجاعید و منافذ الجلد) 19- اجزیلر الوجه ( لیفت و تشبیب و لیفت (اشد) بشرة الوجه. 20- کربوکسی ترابی ( حقن دی اکسید کربن تحت الجلد، لازالة التوتر الموجود، فی جوانب و الخطوط الناشئة عن العمل 21- اولتراتون الوجه 22- میکرودرم- هیدرودرم ( تنظیف الجلد التخصصی و عملیة التشقیة 23- حقن الجیل 24- رینوبلاستی( عملیة جراحیة لتجمیل الانف) 25- زراعة الشعر 26- زراعة الشعر الطبیعی علی اساس الاتحاد الدولیة للزراعة.ISHRS 27- مزوترابی للشعر 28- مزوبیشا، الدواء الامریکی لتنمیة الشعور الضعیفة 29- استخدام PRP(بی آر بی) تقویة و تحریک الشعور الضعیفة التی تمت زراعتها اخیراً 30- اولتراتون الجسد( الریاضة فی الاستراحة علی نحو الاسلئب الانجلیزی 31- اجزیلیز الجسم( افضل جهاز خاص بتجمیل البدن) 32- استخدام XWave (تکثیر النسج الدهنی المتصلب او )(عدوی النسیبج) 33- العلاج بالحمیة ( استشاره تخصصیة و فحص وضعیة الطعام) 34- الیزر الکساندرایت موتوس 2018 ( احدث جهاز اللیزر لازالة الشعور الزائدة فی البدن، شرکة الکساندرایت دکا 35- بوتیکس توکس 36- طبابة الاستان 37- عملیات جراحیة للعمود الفقاری و طبابة العظام 38- عملیات مینور الجراحیة</li>\n<li><strong>عیادة تندیس سلامت للتجمیل </strong>&nbsp; عیادة تندیس سلامت للتجمیل بدأ نشاطها فی مجال علاج أمراض الجلد و الشعرو، اجرائات تعدیلیة و تجمیلیة علیها، علی أیدی أطباء اخصائیین، و جراحی الجلد و الشعر و عملیة التجمیل، و ذلک من خلال الاستعانة بأجهزة حدیثة و تقنیات ممتازة و من خدمات هذه العیادة فیمایلی. 1. (خدمات حجز الموعد) 2. (زراعة و اصلاح الشعر) 3. (زراعة و اصلاح الحیة) 4. (زراعة الحاجب) 5. (لیبوساکشن للبطن و الخاصرة) 6. (لیبوماتیک الدبر و الفخذ) 7. (عملیة التجمیل للجفن العلیا و السفلی) 8. (حقن الدهون فی کل من الوجه، و الایدی، و الثری و العجیزة) 9. (حقن فیلر، بوتیکس، PRP) 10. (حقن مزو فی کل ناحیة)</li>\n</ul>\n<h3 id=\"a4\" class=\"template-subtitle\">مطار و سكك مشهد</h3>\n<ul class=\"template-ul\">\n<ul class=\"template-ul\">\n<ul class=\"template-ul\">مطارمشهد : یقع فی بلفار( مطار مشهد) و یبعد عن الحرم الشریف حوالی 8 کیلومتراً. هناک طیرانات دولیة، مباشرة، من الهذا المطار الی مدن بغداد، نجف، دوحه، کویت، دوبی، شارجه، جده، لاهور، اسطانبول، و غیرها...!\n<li><strong>معطة السکک الجدیدیة لمشهد:</strong>&nbsp;: فی الزاویة الشمالیة لمدینة مشهد القدیمة و تبع عن الحرم الشریف بکیلومترین</li>\n<li><strong>قطار الانفاق لمشهد:</strong>&nbsp;: مسیر الرقم الاول LRT طوله 24 کیلومتراً من مطار شهید هاشمی نجاد الی منطقة وکیل آباد مسیر الرقم الثانی طوله 5/14 کیلومتراً، من منتهی طبرسی الشمالی الی میدان فضل بن شاذان. مسیر الرقم الثالث: طوله حوالی 5/28 کیلومتراً من شهرک ابوذر الی قاسم آباد. مسیر الرقم الرابع: طوله 5/17 کیلومتراً من شهرک شهید رجائی الی خواجه ربیع.</li>\n</ul>\n</ul>\n</ul>\n<h3 id=\"a5\" class=\"template-subtitle\">قائمة فنادق مدتور الإيرانية في مشهد</h3>\n<ul class=\"template-ul\">\n<ul class=\"template-ul\">\n<li><strong>فندق پارسیس ثلاثة نجوم:</strong>&nbsp;: یقع هذا الفندق فی الشارع طبرسی، منتهی شارع شارستان. یبعد هذا الفندق عن الحرم بعشرة دقائق و قائمة الطعام فی هذا الفندق علی الساس البوفیه.</li>\n<li><strong>فندق فردوسی 4 نجوم: :</strong>&nbsp;: یقع هذا الفندق فی بلفار مدرس، و یبعد الحرم به 15 دقیقه . قائمة الطهام فی هذا الفندق علی الساس البوفیة.</li>\n<li><strong>فندق نسیم 3 نجوم:</strong>&nbsp;: یقع فی شارع الامام رضا 8 و یبعد عن الحرم بعشرة دقیقه و قائمة الطعام فی هذا الفندق علی الساس البوفیة</li>\n<li><strong>فندق سی و سه پل 3 نجوم:</strong>&nbsp;: یقع فی شارع الامام رضا 8 یبعد عن الحرم به 15 دقیقه و قائمة الطعام فیه علی الساس البوفیة.</li>\n<li><strong>فندق نیما 3 نجوماً:</strong>&nbsp;: یقع فی شارع طبرسی . یبعد عن الحرم به 15 دقیقه و قائمة الطعام فیه اختیاریة.</li>\n<li><strong>فندق آریا 3 نجوم:</strong>&nbsp;: یقع فی شارع الامام رضا 13 و یبعد عن الحرم 12 دقیقه و قائمة الطعام فی هذا الفندق علی الساس البوفیة.</li>\n<li><strong>فندق دیبا 2 نجمین:</strong>&nbsp;: یقع فی شارع الامام رضا 8 و یبعد عن الحرم 12 دقیقه و قائمة الطعام فی هذا الفندق علی الساس البوفیة.</li>\n</ul>\n</ul>\n</div>','2019-08-04 06:38:24','2019-08-31 00:13:02'),(570,'cities','excerpt',2,'ar','مشهد هي مدينة في شمال شرق إيران ، مركزها الحرم الشريف للإمام رضا والمعروفة باسم العاصمة الروحية لإيران. بعد طهران ، تعتبر مشهد ثاني أكبر مدينة في إيران وتستقبل أكثر من مليوني زائر من الخارج كل عام.','2019-08-04 06:38:24','2019-08-27 13:39:19'),(571,'cities','address',2,'ar','مشهد ، شارع امام خميني ١٤ ، معراج ٦/١ ، بيت ١٤٦/١','2019-08-04 06:38:24','2019-08-04 06:38:24'),(572,'categories','slug',55,'ar','plastic-surgery','2019-08-04 06:43:35','2019-08-04 06:43:35'),(573,'categories','title',55,'ar','الجراحية التجميلية','2019-08-04 06:43:35','2019-08-10 03:52:12'),(574,'hotels','slug',18,'ar','grand-shiraz-hotel','2019-08-05 00:30:44','2019-08-10 05:57:50'),(575,'hotels','slug',17,'ar','fndq-zndyh','2019-08-05 00:30:59','2019-08-10 05:52:46'),(576,'hotels','slug',15,'ar','basir-shiraz-eye-center','2019-08-05 00:31:21','2019-08-13 05:42:36'),(577,'hotels','slug',14,'ar','mstshfy-rdhwy','2019-08-05 00:31:40','2019-08-05 00:31:40'),(579,'doctors','name',14,'ar','الدكتور حسن قندهاري','2019-08-06 00:39:07','2019-08-13 00:33:19'),(580,'doctors','education',14,'ar','{\n    \"1\": {\n        \"name\": \"جامعة جولستان للعلوم الطبية\",\n        \"degree\": \"دكتور في الطب\",\n        \"date\": \"1999 \"\n    },\n    \"2\": {\n        \"name\": \"جامعة إيران للعلوم الطبية\",\n        \"degree\": \"التخصص العظام\",\n        \"date\": \"2003\"\n     },\n    \"3\": {\n        \"name\": \"جامعة إيران للعلوم الطبية\",\n        \"degree\": \"زمالة جراحة العمود الفقري \",\n        \"date\": \"2007\"\n}\n}\n','2019-08-06 00:39:07','2019-10-30 06:14:15'),(581,'doctors','skills',14,'ar','\n{\n    \"1\": {\n        \"skill\": \"العمود الفقري\",\n        \"percent\": \"100\"\n    },\n\"2\": {\n        \"skill\": \"جراحة العظام\",\n        \"percent\": \"95\"\n    }\n}\n','2019-08-06 00:39:07','2019-10-30 06:14:15'),(582,'data_types','display_name_singular',28,'ar','Hotel Item','2019-08-06 06:22:55','2019-08-06 06:22:55'),(583,'data_types','display_name_plural',28,'ar','Hotel Items','2019-08-06 06:22:55','2019-08-06 06:22:55'),(584,'data_types','display_name_singular',22,'ar','Package Item','2019-08-06 06:24:31','2019-08-06 06:24:31'),(585,'data_types','display_name_plural',22,'ar','Package Items','2019-08-06 06:24:31','2019-08-06 06:24:31'),(586,'data_types','display_name_singular',25,'ar','Package Price','2019-08-06 06:24:41','2019-08-06 06:24:41'),(587,'data_types','display_name_plural',25,'ar','Package Prices','2019-08-06 06:24:41','2019-08-06 06:24:41'),(588,'hotels','slug',13,'ar','mstshfy-alaywn-dktwr-khdadwst','2019-08-08 01:47:43','2019-11-20 07:31:30'),(589,'hotels','title',19,'ar','مستشفى شيراز المركزي','2019-08-08 01:48:56','2019-08-08 01:48:56'),(590,'hotels','slug',19,'ar','shiraz-central-hospital','2019-08-08 01:48:56','2019-08-08 01:48:56'),(591,'hotels','slug',8,'ar','mahan-orthopedic-clinic','2019-08-08 01:51:17','2019-08-08 01:51:17'),(592,'hotels','slug',7,'ar','mstshfy-n-ah-ltb-alaywn','2019-08-08 01:53:48','2019-11-20 08:33:00'),(593,'hotels','slug',6,'ar','moheb-mehr-hospital','2019-08-08 01:54:18','2019-08-08 01:54:18'),(594,'doctors','education',6,'ar','{\n    \"1\": {\n        \"name\": \"Rafsanjan Kerman University of Medical Sciences\",\n        \"degree\": \"Bachelor of Medicine(BM)\",\n        \"date\": \"2007\"\n    },\n    \"2\": {\n        \"name\": \"Mashhad University of Medical Sciences\",\n        \"degree\": \"Gynecology Specialty \",\n        \"date\": \"2014\"\n    }\n}\n','2019-08-10 01:09:27','2019-08-10 01:09:27'),(595,'doctors','skills',6,'ar','{\n    \"1\": {\n        \"skill\": \"Cosmetic Surgery\",\n        \"percent\": \"100\"\n    },\n\"2\": {\n        \"skill\": \"Rhinoplasty\",\n        \"percent\": \"90\"\n    },\n   \"1\": {\n        \"skill\": \"Hair Transplantation\",\n        \"percent\": \"95\"\n    }\n}\n','2019-08-10 01:09:27','2019-08-10 01:09:27'),(596,'doctors','name',15,'ar','الدكتور فرامرز صفايي','2019-08-10 01:19:41','2019-08-13 00:35:55'),(597,'doctors','education',15,'ar','{\n    \"1\": {\n        \"name\": \"General Surgery Specialist Board\",\n        \"degree\": \"Medical University of Tehran\",\n        \"date\": \"1998\"\n       }\n}\n','2019-08-10 01:19:41','2019-08-13 00:35:55'),(598,'doctors','skills',15,'ar','{\n    \"1\": {\n        \"skill\": \"Abdominal Plastic Surgery (Tommy Tuck or Abdominoplasty, Lipobdominoplasty)\",\n        \"percent\": \"95\"\n    },\n\"2\": {\n        \"skill\": \"cosmetic surgery\",\n        \"percent\": \"90\"\n    },\n\"3\": {\n        \"skill\": \"Eyelid surgery\",\n        \"percent\": \"90\"\n    },\n\"4\": {\n        \"skill\": \"Injection of fat (face, back of hands and other parts of body)\",\n        \"percent\": \"90\"\n    }\n}\n','2019-08-10 01:19:41','2019-08-13 00:35:55'),(599,'categories','slug',54,'ar','rfa-althdy','2019-08-10 01:29:22','2019-09-08 08:11:14'),(600,'categories','title',54,'ar','رفع الثدي','2019-08-10 01:29:22','2019-09-08 08:11:14'),(601,'hotels','slug',16,'ar','parsian-esteghlal-international-hotel','2019-08-10 01:43:30','2019-08-10 01:43:30'),(602,'hotels','description',16,'ar','<p class=\"MsoNormal\" dir=\"RTL\"><strong><span lang=\"AR-SA\" style=\"font-size: 14.0pt; mso-ascii-font-family: \'Calibri Light\'; mso-ascii-theme-font: major-latin; mso-hansi-font-family: \'Calibri Light\'; mso-hansi-theme-font: major-latin; mso-bidi-language: AR-SA;\">فندق بارسيان استقلال</span></strong></p>\n<p class=\"MsoNormal\" dir=\"RTL\"><strong><span lang=\"AR-SA\" style=\"mso-bidi-language: AR-SA;\">&nbsp;</span></strong>يقع في شمال طهران و هو الخيار المثالي للمتوافدين الى العاصمة حيث يتمركز في أرقى مناطق المدينة. و يطل هذا الفندق الرائع على أطول شارع في الشرق الاوسط و أجمل شارع في طهران (شارع وليعصر). كما هو قريب على معرض طهران الدولي, برج ميلاد, &nbsp;و مناطق التسوق و المعالم السياحية في المدينة. و يحضى الزبائن بألذ طعام من المطاعم المحلية (مطاعم عربية, فرنسية, ايطالية و التايلندية). الحيوية و الطاقم الشاب و الطلاقة هي احد ميزات الفندق و مقوماته.</p>','2019-08-10 01:46:10','2019-08-10 06:15:14'),(603,'doctors','education',9,'ar','{\n    \"1\": {\n        \"name\": \"Medical University of Tehran\",\n        \"degree\": \"General medical degree\",\n        \"date\": \"2004\"\n    },\n    \"2\": {\n        \"name\": \"Medical University of Tehran\",\n        \"degree\": \"Specialized Ophthalmology Board\",\n        \"date\": \"2009\"\n    },\n \"3\": {\n        \"name\": \"Shahid Beheshti University of Medical Sciences\",\n        \"degree\": \"Specialty Corners, LASIK & LENS\",\n        \"date\": \"2010\"\n    }\n}\n','2019-08-10 02:13:04','2019-08-13 01:21:50'),(604,'doctors','skills',9,'ar','\n{\n    \"1\": {\n        \"skill\": \"Refractive Surgery (Laser, LASIK, LAZK, etc.)\",\n        \"percent\": \"100\"\n    },\n    \"2\": {\n        \"skill\": \"Anesthesia cataract surgery with no need for injection or anesthesia\",\n        \"percent\": \"100\"\n    },\n    \"3\": {\n        \"skill\": \"Specialized Corneal Surgery\",\n        \"percent\": \"95\"\n    },\n     \"4\": {\n        \"skill\": \"Bringing physic lenses like Artizan and Artiflex and ICL for high numbers that are not capable of laser surgery\",\n        \"percent\": \"55\"\n    }\n}\n','2019-08-10 02:13:04','2019-08-13 01:21:50'),(605,'categories','slug',52,'ar','liposuction','2019-08-10 02:25:40','2019-08-25 03:28:07'),(606,'categories','title',52,'ar','شفط الدهون','2019-08-10 02:25:40','2019-08-25 03:28:07'),(610,'hotels','description',17,'ar','<p>Shiraz Zandieh&nbsp; Hotel is one of the most stylish and luxurious hotels in Shiraz.An overnight stay at this hotel will make you a permanent fan of it.The hotel has a traditional bathroom, pool, sauna and Jacuzzi. A variety of restaurants with a variety of delectable dishes is another advantage of this 5-star hotel. The traditional restaurant is one of them with a special atmosphere and authentic cuisine. High speed internet and travel agencies are also some of the benefits of Zandieh Hotel in Shiraz.</p>','2019-08-10 05:20:21','2019-08-10 05:52:08'),(611,'hotels','slug',1,'ar','fndq-as-nas-alas','2019-08-10 05:36:13','2019-08-10 05:36:13'),(612,'hotels','title',20,'ar','فندق قلب طهران','2019-08-10 06:02:13','2019-08-10 06:02:13'),(613,'hotels','slug',20,'ar','tehran-heart-hotel','2019-08-10 06:02:13','2019-08-10 06:02:13'),(614,'hotels','title',21,'ar','فندق بارسيس مشهد','2019-08-10 06:08:01','2019-08-10 06:08:01'),(615,'hotels','slug',21,'ar','mashhad-parsis-hotel','2019-08-10 06:08:01','2019-08-10 06:08:01'),(616,'hotels','slug',2,'ar','fndq-bars-an-wthr','2019-08-10 06:09:49','2019-08-10 06:09:49'),(617,'hotels','slug',3,'ar','fndq-bars-an-aazad','2019-08-10 06:18:34','2019-08-10 06:18:34'),(618,'hotels','title',22,'ar','فندق جواهري مشهد','2019-08-10 06:23:31','2019-08-10 06:23:31'),(619,'hotels','slug',22,'ar','javaheri-hotel-mashhad','2019-08-10 06:23:31','2019-08-10 06:23:31'),(622,'hotels','title',23,'ar','فندق ديبا مشهد','2019-08-10 06:34:42','2019-08-10 06:34:42'),(623,'hotels','slug',23,'ar','mashhad-diba-hotel','2019-08-10 06:34:42','2019-08-10 06:34:42'),(624,'hotels','slug',5,'ar','hotel-sasan','2019-08-10 06:35:12','2019-08-10 06:35:12'),(625,'hotels','description',5,'ar','<p><span style=\"font-size: 14pt;\"><em><strong>Sasan Hotel</strong></em></span> is a 2-star hotel located in Tehran and&nbsp; is close to shopping, medical, cinema centers, and dear travelers and tourists can enjoy this privilege of traveling around Tehran without worrying about staying at this hotel. Hotel Sasan Tehran is a short drive to Haft Tir Square which is easily accessible to other areas such as Sepah Square, Mofateh Street, Taleghani Street, etc.</p>','2019-08-10 06:39:59','2019-08-10 06:39:59'),(626,'packages','title',8,'ar','Rhinoplasty','2019-08-10 08:50:14','2019-08-10 08:50:14'),(627,'packages','slug',8,'ar','rhinoplasty-Tehran','2019-08-10 08:50:14','2019-08-10 08:50:14'),(628,'hotels','title',24,'ar','فندق نسيم مشهد','2019-08-11 00:40:41','2019-08-11 00:40:41'),(629,'hotels','slug',24,'ar','mashhad-nasim-hotel','2019-08-11 00:40:41','2019-08-11 00:40:41'),(630,'hotels','title',25,'ar','فندق نيما مشهد','2019-08-11 00:44:33','2019-08-11 00:44:33'),(631,'hotels','slug',25,'ar','mashhad-nima-hotel','2019-08-11 00:44:33','2019-08-11 00:44:33'),(632,'hotels','title',26,'ar','فندق كبير جمران شيراز','2019-08-11 00:55:16','2019-08-11 00:59:44'),(633,'hotels','description',26,'ar','<p>The tallest hotel in Iran&rsquo;s capital of culture and history, located in the beautiful district of Ghasordasht, with a breathtaking view of the city of Shiraz and the heavenly gardens in the vicinity, Chamran Grand Hotel has utilized the knowledge and the experience of the experts in hoteliering and hospitality industry and has taken all the international standards for service quality into account, promising&nbsp; a memorable stay in the heart of tranquility and serenity.</p>','2019-08-11 00:55:16','2019-08-11 00:55:16'),(634,'hotels','slug',26,'ar','chamran-grand-hotel-shiraz','2019-08-11 00:55:16','2019-08-11 00:55:16'),(635,'doctors','education',4,'ar','{\n    \"1\": {\n        \"name\": \"أخصائي جراحة عامة\",\n        \"degree\": \"جامعة طهران الطبية\",\n        \"date\": \"1998\"\n       }\n}\n','2019-08-13 01:36:07','2019-10-30 05:56:36'),(636,'doctors','skills',4,'ar','{\n    \"1\": {\n        \"skill\": \"عملية تجميل الأنف\",\n        \"percent\": \"100\"\n    },\n\"2\": {\n        \"skill\": \"الجراحة التجميلية\",\n        \"percent\": \"90\"\n    }\n}\n','2019-08-13 01:36:07','2019-10-30 05:56:36'),(637,'doctors','education',8,'ar','{\n    \"1\": {\n        \"name\": \"General Surgery Specialist Board\",\n        \"degree\": \"Medical University of Tehran\",\n        \"date\": \"1998\"\n       }\n}\n','2019-08-13 01:52:07','2019-08-13 01:52:07'),(638,'doctors','skills',8,'ar','{\n    \"1\": {\n        \"skill\": \"Abdominal Plastic Surgery (Tommy Tuck or Abdominoplasty, Lipobdominoplasty)\",\n        \"percent\": \"95\"\n    },\n\"2\": {\n        \"skill\": \"cosmetic surgery\",\n        \"percent\": \"90\"\n    },\n\"3\": {\n        \"skill\": \"Eyelid surgery\",\n        \"percent\": \"90\"\n    },\n\"4\": {\n        \"skill\": \"Injection of fat (face, back of hands and other parts of body)\",\n        \"percent\": \"90\"\n    }\n}\n','2019-08-13 01:52:07','2019-08-13 01:52:07'),(639,'hotel_items','title',11,'ar','IVF','2019-08-13 03:31:03','2019-08-13 03:31:03'),(640,'hotel_items','title',12,'ar','غرفة العمليات','2019-08-13 03:34:12','2019-08-31 00:20:38'),(641,'packages','title',9,'ar','Rhinoplasty','2019-08-13 04:02:54','2019-08-13 04:02:54'),(642,'packages','slug',9,'ar','rhinoplasty-Tehran','2019-08-13 04:02:54','2019-08-13 04:02:54'),(643,'packages','title',10,'ar','Rhinoplasty','2019-08-13 04:12:04','2019-08-13 04:12:04'),(644,'packages','after_price',10,'ar','USD','2019-08-13 04:12:04','2019-08-13 04:12:04'),(645,'packages','slug',10,'ar','rhinoplasty-Mashhad','2019-08-13 04:12:04','2019-08-13 04:12:04'),(646,'doctors','about',15,'ar','Dr. Faramarz Safaee Pirouz has a Specialty board in General Surgery from Tehran University of Medical Sciences, graduating in 1998 and having completed more than 5,000 surgical procedures in various fields of General Surgery since late 2002. During this time, Dr. Safaei completed various courses in the field of laparoscopic surgery, the use of facelift yarn, hyaluronic acid gel injection, lipolysis laser, contour threads, and natural hair transplantation at Iran and abroad.','2019-08-13 05:24:35','2019-08-13 05:24:35'),(647,'hotels','description',15,'ar','<p style=\"direction: rtl;\"><span style=\"color: #626262; font-family: IRANSans, Arial, Tahoma, sans-serif; font-size: 14px; background-color: #fcfcfc;\">در سال ۱۳۸۳ مرکز چشم پزشکی بصیر شیراز در خیابان عفیف آباد تأسیس گردید و در سال ۱۳۸۷ با استفاده از تجربیات قبلی و کارنامه قابل قبول این مرکز در ارائه خدمات و انجام عمل های جراحی، مجهز نمودن مرکز در اولویت اصلی قرار گرفت و در همین راستا توسعه فضای فیزیکی با کاربری های متناسب مطابق با استانداردهای موجود به سرعت شکل گرفت. البته کمبود فضای انتظار جهت مراجعین و بیماران با توجه به خوشنامی این مرکز و همچنین اقبال عمومی و رضایت&shy;مندی مراجعین، مدیریت این مرکز را بر آن داشت که به یاری خداوند خرید و احداث مرکزی مجهزتر با فضای وسیع تر را در دستور کار قرار دهد، که این توفیق در سال ۱۳۹۶ محقق گردید و کلینیک تخصصی چشم پزشکی در بلوار پاسداران، خیابان مبعث با&nbsp; بروزترین تجهیزات تاسیس گردید.</span></p>','2019-08-13 05:49:50','2019-08-13 05:49:50'),(648,'categories','body',15,'ar','<div id=\"template-content\" class=\"mceTmpl\">\n<ul>\n<li><a href=\"#a1\">ماهو طب العظام؟</a></li>\n<li><a href=\"#a2\">جراحة العظام في إيران</a></li>\n</ul>\n<h3 id=\"a1\" class=\"template-subtitle\">ماهو طب العظام؟</h3>\n<p class=\"paragraph-medium paragraph-black template-p\">هو أحد التخصصات الفرعية للطب التي تركز على الجهاز العضلي الهيكلي (وهو نظام يمكّن الإنسان من التحرك). يمكن لجراحي العظام استخدام الأساليب الجراحية وغير الجراحية لعلاج الحالات المختلفة. تشمل إجراءات جراحة العظام الشائعة على انواع:</p>\n<ul class=\"template-ul\">\n<li><strong>جراحة استبدال مفصل الكتف</strong>&nbsp;:استبدال الركبة (وتسمى أيضًا عملية تقويم مفاصل الركبة) هي عملية <strong>تقويم العظام</strong> تهدف إلى إصلاح الركبة التالفة واستبدال مفصل الركبة بأخرى اصطناعية.</li>\n<li><strong>جراحة استبدال الركبة </strong>&nbsp;: استبدال الركبة (وتسمى أيضًا عملية تقويم مفاصل الركبة) هي عملية تقويم العظام تهدف إلى إصلاح الركبة التالفة واستبدال مفصل الركبة بأخرى اصطناعية.</li>\n<li><strong>جراحة استبدال الورك (استبدال مفصل الورك)</strong> : استبدال الورك (وتسمى أيضا عملية استبدال مفاصل الورك) هو إجراء ينطوي على إزالة مفصل الورك المؤلم مع التهاب المفاصل واستبداله بمفصل صناعي. عادة ما يتم هذا الإجراء عندما تفشل العلاجات الأخرى.</li>\n<li><strong>جراحة استبدال الكاحل (الكعب أو كعب القدم)</strong> : يتضمن استبدال الكاحل (وتسمى أيضًا عملية تقويم مفاصل الكاحل) إزالة مفصل الكاحل (كعب القدم) التالف واستبداله بمفصل صناعي. تمكنك هذه الجراحة من تحريك الكاحل بحرية ودون ألم.</li>\n<li><strong>جراحة استبدال مفصل الكتف</strong> : تهدف جراحة استبدال مفصل الكتف (وتسمى أيضًا مفاصل الكتف الشاملة) إلى تخفيف الألم وتحسين الحركة عن طريق إزالة المناطق التالفة من الكتف واستبدالها بأعضاء اصطناعية. هذا الإجراء ضروري إذا كان لديك التهاب حاد في المفاصل أو كسر في مفصل الكتف.</li>\n<li><strong>عملية اصلاح الغضروف</strong> : الهلالة (الغضروف في مفاصل الركبة و الفك و اعضاء أخرى) هي قرص على شكل حرف C&nbsp; ألإنجليزية و يتشكل من نسيج لين يسمى الغضروف التي تربط العظام إحداها بالاخر مما تساعد على توازن الركبة. عملية اصلاح الغضروف هي عملية جراحية بالمنظار لإصلاح غضروف الركبة الممزق. الرياضيون هم عرضة لتمزيق الغضاريف.</li>\n<li><strong>عملية اصلاح وتر العرقوب </strong>&nbsp;: وتر العرقوب هو أكبر وتر في الجسم ويربط عظام الكعب بعضلات الساق. وتر العرقوب هو حزام الانسجة المتصافة خلف الكاحل و وفوق الكعب. و في عملية اصلاح الوتر يتم اصلاح التالفة منها.&nbsp;</li>\n<li><strong>جراحة فتق القرص</strong> : يوجد قرص بين كل من العظام العمود الفقري الذي يعمل على امتصاص الصدمات.&nbsp; إذا دفع القرص إلى القناة الشوكية يطلق عليه اسم القرص الفقري. قد تتطور وتتفاقم عندك هذة الحالة عندما تقوم برفع اوزان بصورة خاطئة أو رفعها فجأة و التواء العمود الفقري ولكن هذا ليس مؤلم فقط عندما يقوم القرص بدفع العصب. جراحة فتق القرص هي عادة ما يتم ذلك عندما تفشل العلاجات الأخرى.</li>\n<li><strong>عملية استئصال الصفيحة الفقرية</strong> : يتم إجراء جراحة استئصال الصفيحة (وتسمى أيضًا جراحة تخفيف الضغط) لتوفير مساحة عن طريق إزالة الصفيحة (الجزء الخلفي من الفقرة التي تغطي القناة الشوكية). استئصال الصفيحة يخفف الضغط على الأعصاب الشوكية. تتم هذه الجراحة عادة عندما تكون العلاجات الأخرى غير قادرة على المساعدة أو تكون الأعراض شديدة.</li>\n<li><strong>عملية دمج العمود الفقري</strong> : تتم هذة العملية بدمج عظامين صغيرين أو أكثر في العمود الفقري. مما يجعلها تحسب عملية لحام أساسا.&nbsp;</li>\n<li><strong>عملية الرباط الصليبي الخلفي</strong> : تتضمن جراحة إعادة بناء الرباط الصليبي الخلفي (PCL) استبدال التلف بأنسجة من جسم المصاب أو بزرع أخرى.</li>\n<li><strong>عملية انحراف العمود الفقري</strong> : اذا كان العمود الفقري منحرفا بشكل غير طبيعي تسمى هذة الحالة بالجنف أو انحراف العمود الفقري. أماعملية تأهيل ميلان العمود الفقري تتم لاصلاح هذا الانحراف. إذا كان الانحناء أكبر من 45-50 درجة ، يلزم إجراء جراحة للجنف.</li>\n</ul>\n<h3 id=\"a2\" class=\"template-subtitle\">جراحة العظام في إيران</h3>\n<p class=\"paragraph-medium paragraph-black template-p\">تعد ايارنمن بين أفضل عشرة دول في<strong> جراحة العظام</strong> و تحتوي ايران على أطباء عالميين بعمليات عالية الجودة و الرقي مع أسعار معقولة.</p>\n<p class=\"paragraph-medium paragraph-black template-p\">تعد إيران أيضًا بلدًا رائعًا تسافر إليه بسبب ثقافتها وتاريخها الغني وشعبها الدافئ ومأكولاتها الرائعة. يسافر الكثير من الناس من مختلف البلدان إلى إيران سنويًا للحصول على جراحات مختلفة. اذا قررت السفر إلى إيران لإجراء عملية جراحية، يمكنك دائمًا الاتصال بـمدتور ايران للحصول على الاستشارة والتخطيط لرحلتك.</p>\n</div>','2019-08-13 06:03:19','2019-08-30 09:54:57'),(649,'packages','title',13,'ar','ابتسامة هوليوود','2019-08-13 06:05:58','2019-08-13 08:52:22'),(650,'packages','before_price',13,'ar','From','2019-08-13 06:05:58','2019-08-13 06:05:58'),(651,'packages','after_price',13,'ar','USD','2019-08-13 06:05:58','2019-08-13 06:05:58'),(652,'packages','slug',13,'ar','abtsamh-hwlywwd','2019-08-13 06:05:58','2019-08-13 08:52:22'),(653,'packages','title',15,'ar','إبتسامة هاليوود','2019-08-13 06:11:12','2019-08-13 06:26:27'),(654,'packages','slug',15,'ar','ibtsamh-halywwd','2019-08-13 06:11:12','2019-08-13 06:26:27'),(655,'packages','after_price',15,'ar','USD','2019-08-13 06:17:11','2019-08-13 06:17:11'),(656,'packages','title',14,'ar','ابتسامة هوليوود','2019-08-13 06:21:03','2019-08-13 08:52:32'),(657,'packages','slug',14,'ar','abtsamh-hwlywwd','2019-08-13 06:21:03','2019-08-13 08:52:32'),(658,'package_items','title',7,'ar',' فندق 3-4 نجوم (ثلاث ليالي)','2019-08-13 06:25:40','2019-09-11 11:21:32'),(659,'categories','body',52,'ar','<div id=\"template-content\" class=\"mceTmpl\">\n<ul>\n<li><a href=\"#a1\">ماهي عملية شفط الدهون؟</a></li>\n<li><a href=\"#a2\">الآثار الجانبية و المخاطر لعملية شفط الدهون</a></li>\n<li><a href=\"#a3\">أنواع شفط الدهون</a></li>\n<li><a href=\"#a4\">الاعمال التحضيرية لعملية شفط الدهون</a></li>\n<li><a href=\"#a5\">اجراءات عملية شفط الدهون</a></li>\n<li><a href=\"#a6\">بدائل عملية شفط الدهون:</a></li>\n<li><a href=\"#a7\">جراحة شفط الدهون في إيران</a></li>\n<li><a href=\"#a8\">المرشحين الجيدين لشفط الدهون</a></li>\n</ul>\n<h3 id=\"a1\" class=\"template-subtitle\">ماهي عملية شفط الدهون؟</h3>\n<p class=\"paragraph-medium paragraph-black template-p\">عملية شفط الدهون هي عملية يتم فيها استئصال الشحم الزائد في الجسم. تساعد هذة العملية على التخلص من الشوم التي تعجز عن التخلص منها عبر الحمية (الدايت) أو التمارين الرياضية. الجدير بالذكر ان عملية شفط الدهون لا تقضي على التجاعيد. كما ليس عملية شفط الدهون لا تعتبر حلا لفقدان الوزن. شفط الدهون يستخدم لإزالة الدهون من مناطق الجسم مثل:</p>\n<ul class=\"template-ul\">\n<li>البطن</li>\n<li>الأرداف</li>\n<li>الوركين و الفخذين</li>\n<li>الذقن و العنق</li>\n<li>الصدر</li>\n</ul>\n<h3 id=\"a2\" class=\"template-subtitle\">الآثار الجانبية و المخاطر لعملية شفط الدهون</h3>\n<p class=\"paragraph-medium paragraph-black template-p\">تتصف هذة العملية كباقي العمليات بمخاطر مثل:</p>\n<ul class=\"template-ul\">\n<li>العدوى وهو أمر نادر الحدوث</li>\n<li>النزيف</li>\n<li>مخاطر التخدير</li>\n<li>تراكم السوائل</li>\n<li>تخدر الأطراف</li>\n<li>تجلط الدم</li>\n<li>الانسداد الدهني</li>\n</ul>\n<p class=\"paragraph-medium paragraph-black template-p\">إذا تمت إزالة الدهون بشكل غير متساو ، أو بسبب مرونة الجلد الضعيفة ، يمكن للبشرة تصبح وعرة والتغييرات قد تكون الأبدية.</p>\n<h3 id=\"a3\" class=\"template-subtitle\">أنواع شفط الدهون</h3>\n<p class=\"paragraph-medium paragraph-black template-p\">بناء على توقعاتك و المناطق التي تريد معالجتها وغيرها من العوامل الخاصة بك. سيتم شفط الدهون باستخدام تقنيات مختلفة. أنواع شفط الدهون:</p>\n<ul class=\"template-ul\">\n<li>شفط الدهون المنتفخ (النوع الأكثر شيوعًا)</li>\n<li>شفط الدهون بمساعدة الموجات فوق الصوتية</li>\n<li>شفط الدهون بمساعدة الليزر</li>\n<li>شفط الدهون بمساعدة الطاقة</li>\n</ul>\n<h3 id=\"a4\" class=\"template-subtitle\">الاعمال التحضيرية لعملية شفط الدهون</h3>\n<p class=\"paragraph-medium paragraph-black template-p\">قبل الجراحة قد يطلب منك جراحك التوقف عن اتخاذ بعض انواع الأدوية و المعرفة عن ما كنت تستخدمه من قبل. يجب عليك مناقشة تطلعات مع جراحك وطرح أي أسئلة لديك. سيقوم جراحك بالتقاط الصور لاستخدامها للمقارنة. اذا لم يتم ازالة دهون كثيرة قد لا تحتاج الى الاقامة في المستشفي حيث يجب عليك ترتيب احدا ليرجع بك الى البيت بعد زمن قليلا من اتمام العملية.</p>\n<h3 id=\"a5\" class=\"template-subtitle\">اجراءات عملية شفط الدهون</h3>\n<p>التعافي و التئام الجروح من المحتمل أن تتعرض للألم والتورم وكدمات بعد الجراحة. و قد يصف لك الطبيب المضادات الحيوية والمسكنات للحد من خطر العدوى. عادتا ما تخمد الاوارم في غضون اسابيع قليله و تكون بعدها المناطق المعالِجة اصغر حجما. و يمكنك الرجوع الى الاعمال اليومية و حياتك الطبيعية في غضون اسبوعين. ستستمر نتائج شفط الدهون عمومًا ما دمت تحافظ على وزنك ، ولكن إذا زاد وزنك فقد يتغير توزيع الدهون في الجسم.</p>\n<h3 id=\"a6\" class=\"template-subtitle\">بدائل عملية شفط الدهون:</h3>\n<p class=\"paragraph-medium paragraph-black template-p\">هناك بديلا اقل ازعاجا لعملية شفط الدهون التي تسمى شفط الدهون غير الجراحية. يتم في الجراحة استخدام مص الدهون عبر انبوب ولكن في العملية غير الجراحية تظهر اساليب اخرى حيث يستخدم اختزال الحرارة أو أشعة الليزر أو موجات التبريد لتدمير الخلايا و ذوبان الدهون. ليس هناك أي جروح و أورام في العملية غير الجراحية ولكن لا تستطيع هذة العملية القضاء على مناطق كثيرة من الدهون. هذه الطريقة يجب أن تستخدم عندما المريض لا يريد الخضوع لعملية جراحية. بديل آخر لشفط الدهون و هو النحت بمساعدة المياه المعروفة باسم طائرة الجسم التي يستخدم فيها تيارات المياه المضغوطة لغسل الدهون.</p>\n<h3 id=\"a7\" class=\"template-subtitle\">جراحة شفط الدهون في إيران</h3>\n<p class=\"paragraph-medium paragraph-black template-p\">شفط الدهون هو من بين أكبر خمس عمليات تجميلية أجريت في إيران و تكلفة ذلك في إيران أقل بكثير من الدول الأخرى. تحتحوي ايران على أطباء و جراحين مجربين, مصحات و مستشفيات متقدمة, وتقدم خدمات الصحية راقية للغاية. الثقافة الغنية و التاريخ العريق و المواطنين المحببين و الهندسة المعمارية المذهلة و الميزات الكثيرة تجعل من ايران وجهة سياحية رائعة. لذلك عندما يتعلق الأمر بإجراء عملية جراحية بسعر أقل بكثير ولكن بنفس الجودة و الرقي، يمكن أن تكون إيران خيارا جيدا للغاية. إذا كنت تفكر في عملية شفط الدهون في إيران ، يمكنك الاتصال بمدتورايران للحصول على الاستشارة والتخطيط لرحلتك.</p>\n<h3 id=\"a8\" class=\"template-subtitle\">المرشحين الجيدين لشفط الدهون</h3>\n<p class=\"paragraph-medium paragraph-black template-p\">قد تكون مرشحًا جيدًا لشفط الدهون إذا:</p>\n<ul class=\"template-ul\">\n<li>هناك مناطق دهنية في جسمك عنيدة ولن تزول بغض النظر عن مقدار تمرينك أو اتباع نظامك الغذائي</li>\n<li>وزنك مستقر</li>\n<li>&nbsp;&nbsp;أنت لا تستخدم شفط الدهون كوسيلة لتخفيف الوزن ولديك توقعات واقعية</li>\n<li>أنت في حدود 30٪ من وزنك المثالي</li>\n<li>لديك بشرة قوية ومرنة</li>\n<li>ليس لديك حالات طبية تؤثر على عملية الشفاء</li>\n</ul>\n<p class=\"paragraph-medium paragraph-black template-p\">&nbsp;</p>\n</div>','2019-08-13 06:33:04','2019-08-24 10:52:35'),(662,'package_items','title',8,'ar','فندق 5 نجوم','2019-08-13 08:10:36','2019-08-13 08:10:36'),(664,'packages','title',12,'ar','Dental Implant','2019-08-13 08:31:28','2019-08-13 08:31:28'),(665,'packages','slug',12,'ar','dental-implant-Mashhad','2019-08-13 08:31:28','2019-08-13 08:31:28'),(666,'packages','title',11,'ar','Dental Implant','2019-08-13 08:45:47','2019-08-13 08:45:47'),(667,'packages','slug',11,'ar','dental-implant-Tehran','2019-08-13 08:45:47','2019-08-13 08:45:47'),(668,'hotels','title',27,'ar','فندق ساينا طهران','2019-08-14 02:49:25','2019-08-14 02:49:25'),(669,'hotels','slug',27,'ar','saina-hotel-tehran','2019-08-14 02:49:25','2019-08-14 02:49:25'),(670,'doctors','name',16,'ar','الدكتور آرمين إيران بور','2019-08-14 03:07:20','2019-08-14 03:07:20'),(671,'doctors','about',16,'ar','Dr. Armin Iranpour, Urology Specialist and Kidney Disease Specialist, has begun serious and therapeutic activities since 1995. Dr. Armin Iranpour has been a member of the Faculty of Medicine of the University of Medical Sciences since 2000.','2019-08-14 03:07:20','2019-08-14 03:12:11'),(672,'doctors','education',16,'ar','{\n    \"1\": {\n        \"name\": \"Tehran University of Medical Sciences \",\n        \"degree\": \"Doctor of Medicine\",\n        \"date\": \"1991\"\n    },\n    \"2\": {\n        \"name\": \"Shahid Beheshti University of Medical Sciences\",\n        \"degree\": \"Urology and Kidney Diseases Specialist Board\",\n        \"date\": \"2000\"\n    },\n\"3\": {\n        \"name\": \"Shahid Beheshti University of Medical Sciences\",\n        \"degree\": \"Endovirology Fellowship\",\n        \"date\": \"2001\"\n    }\n}\n','2019-08-14 03:07:20','2019-08-14 03:07:20'),(673,'doctors','skills',16,'ar','\n{\n    \"1\": {\n        \"skill\": \"Treatment of diseases and kidney stones, ureter\",\n        \"percent\": \"100\"\n    },\n\"2\": {\n        \"skill\": \"urology\",\n        \"percent\": \"90\"\n    },\n\"3\": {\n        \"skill\": \"Endoscopic surgery\",\n        \"percent\": \"90\"\n    }\n}\n\n','2019-08-14 03:07:20','2019-08-14 03:12:11'),(674,'posts','body',9,'ar','<div id=\"template-content\" class=\"mceTmpl\">\n<ul>\n<li><a href=\"#1\">What is Reconstructive Surgery?</a></li>\n<li><a href=\"#2\">Dental health</a></li>\n<li><a href=\"#3\">Eye care</a></li>\n<li><a href=\"#4\">Infertility treatment</a></li>\n<li><a href=\"#5\">Why Iran?</a></li>\n</ul>\n<h3 id=\"1\" class=\"template-subtitle\">What is Reconstructive Surgery?</h3>\n<p class=\"paragraph-medium paragraph-black template-p\">Reconstructive surgery is a type of plastic surgery in which patients&rsquo; intention to do the operation has <strong>medical</strong> reasons. The main purpose of this procedure is to correct the defects of your body or get treatment for a disease, while the goal in Cosmetic Surgery is to look better which we discussed in another article. Reconstructive surgery is usually covered by your health insurance and includes various operations such as hand or foot surgery, skin cancer removal, burn care in addition to the following treatments:</p>\n<h3 id=\"2\" class=\"template-subtitle\">Dental health</h3>\n<p class=\"paragraph-medium paragraph-black template-p\">Dental health has a huge impact on your overall well-being and you need to take oral hygiene habits seriously; otherwise, its consequence will be costly and might lead to diseases that put your health in danger. The easiest way to take care of your teeth is to brush and floss them regularly. There are also a number of other treatments such as fillings and implants that can help you deal with oral problems.</p>\n<h3 id=\"3\" class=\"template-subtitle\">Eye care</h3>\n<p class=\"paragraph-medium paragraph-black template-p\">Dental health has a huge impact on your overall well-being and you need to take oral hygiene habits seriously; otherwise, its consequence will be costly and might lead to diseases that put your health in danger. The easiest way to take care of your teeth is to brush and floss them regularly. There are also a number of other treatments such as fillings and implants that can help you deal with oral problems.</p>\n<h3 id=\"4\" class=\"template-subtitle\">Infertility treatment</h3>\n<p class=\"paragraph-medium paragraph-black template-p\">Dental health has a huge impact on your overall well-being and you need to take oral hygiene habits seriously; otherwise, its consequence will be costly and might lead to diseases that put your health in danger. The easiest way to take care of your teeth is to brush and floss them regularly. There are also a number of other treatments such as fillings and implants that can help you deal with oral problems.</p>\n<h3 id=\"5\" class=\"template-subtitle\">Why Iran?</h3>\n<p class=\"paragraph-medium paragraph-black template-p\">Aside from visiting historical sites and top tourist attractions in Iran, choosing this country for doing your reconstructive surgery has the following benefits:</p>\n<ul class=\"template-ul\">\n<li>You don&rsquo;t need to worry about the quality of the service you get.</li>\n<li>You&rsquo;ll get treated by experienced and knowledgeable surgeons.</li>\n<li>All the medical services are available at a low cost compared to other western countries.</li>\n</ul>\n</div>','2019-08-14 03:23:24','2019-08-14 03:23:24'),(675,'posts','title',10,'ar','ما هي الجراحة التجميلية؟','2019-08-14 03:32:00','2019-08-14 03:32:00'),(676,'posts','seo_title',10,'ar','ما هي الجراحة التجميلية؟','2019-08-14 03:32:00','2019-08-14 03:32:00'),(677,'posts','excerpt',10,'ar','هل تعلم أن كلمة \"البلاستيك\" في الجراحة التجميلية تأتي من الكلمة اليونانيه plastikos\"\" التي تعني \"فن النمذجة\" وليس لها أي علاقة بالبلاستيك (المواد الاصطناعية) التي ربما تكون في ذهنك؟ يمكن إجراء الجراحة التجميلية لأسباب تجميلية / جمالية أو لإعادة بناء جزء من الجسم.','2019-08-14 03:32:00','2019-08-14 03:32:00'),(678,'posts','body',10,'ar','<div id=\"template-content\" class=\"mceTmpl\">\n<ul>\n<li><a href=\"#a1\">ما هي الجراحة التجميلية؟</a></li>\n<li><a href=\"#a2\">الجراحه الترمیمیه&nbsp;</a></li>\n<li><a href=\"#a3\">الجراحة التجميلية</a></li>\n<li><a href=\"#a4\">لماذا ايران؟</a></li>\n</ul>\n<h3 id=\"a1\" class=\"template-subtitle\">ما هي الجراحة التجميلية؟</h3>\n<p class=\"paragraph-medium paragraph-black template-p\">هل تعلم أن كلمة \"البلاستيك\" في الجراحة التجميلية تأتي من الكلمة اليونانيه <strong>plastikos</strong>\"\" التي تعني \"فن النمذجة\" وليس لها أي علاقة بالبلاستيك (المواد الاصطناعية) التي ربما تكون في ذهنك؟ يمكن إجراء الجراحة التجميلية لأسباب تجميلية / جمالية أو لإعادة بناء جزء من الجسم.</p>\n<h3 id=\"a2\" class=\"template-subtitle\">الجراحه الترمیمیه&nbsp;</h3>\n<p class=\"paragraph-medium paragraph-black template-p\">تهدف الجراحة الترميمية إلى إصلاح العيوب وتحسين أداء جسمك مثل:</p>\n<ul class=\"template-ul\">\n<li>إزالة الورم</li>\n<li>جراحة اليد</li>\n<li>حرق جراحة</li>\n</ul>\n<h3 id=\"a3\" class=\"template-subtitle\">الجراحة التجميلية</h3>\n<p class=\"paragraph-medium paragraph-black template-p\">تهدف <strong>الجراحة التجميلية</strong> إلى تحسين المظهر العام وإزالة علامات الشيخوخة ويتم ذلك طوعًا. لمجرد استخدام كلمة \"جراحة\" في هذه العملية ، فهذا لا يعني بالضرورة أنها تنطوي على قطع جزء من الجسم. البوتوكس هو مثال جيد من هذا النوع. تشمل الإجراءات التجميلية الأكثر شيوعًا ما يلي:</p>\n<ul class=\"template-ul\">\n<li>عملية تجميل الأنف (وظيفة الأنف)</li>\n<li>شد الوجه (تأخير علامات الشيخوخة المرئية)</li>\n<li>تعزيز الثديجراحة المفاصل (جراحة الذقن)</li>\n<li>الليزر الجلد الظهور</li>\n<li>شفط الدهون (إزالة الدهون)</li>\n<li>البوتوكس</li>\n<li>إزالة الشعر بالليز</li>\n</ul>\n<h3 id=\"a4\" class=\"template-subtitle\">لماذا ايران؟</h3>\n<p class=\"paragraph-medium paragraph-black template-p\">وفقا لكثير من الناس ، فإن إيران هي أفضل بلد يخضع <strong>لجراحة تجميل</strong> في الشرق الأوسط. وبالتالي ، فإن المسافرين في الشرق الأوسط غالباً ما يتوجهون إلى إيران لشفط الدهون ، تجميل الأنف وأنواع أخرى من <strong>الجراحة التجميلية.</strong> في الواقع ، أصبحت إيران مرجعًا للجراحة التجميلية في الشرق الأوسط وتجذب السياح من جميع أنحاء العالم. تشير التقديرات إلى إجراء أكثر من 30000 عملية <strong>جراحية تجميلية</strong> سنوياً في البلاد. من أين تعتقد أن هذا الطلب المرتفع يأتي من؟</p>\n<ul class=\"template-ul\">\n<li>الأطباء المهرة</li>\n</ul>\n<p>يلعب اختيار أفضل جراح تجميل دورًا مهمًا وحاسمًا في الجراحة ويؤدي إلى نتائج إيجابية. يتم تدريب الأطباء الإيرانيين في أفضل الجامعات الطبية في البلاد. بفضل مجموعة مهارات الجراح الإيراني الفريدة وأحدث التقنيات الطبية في المنشآت ذات المستوى العالمي ، يقومون بأكثر من 30،000 عملية جراحية في السنة.</p>\n<ul class=\"template-ul\">\n<li>منخفض التكلفة</li>\n</ul>\n<p><strong>الجراحة التجميلية</strong> عادة لا تغطيها التأمين. نتيجة لذلك ، يمكن أن تكون التكلفة شنيعة للغاية. ومع ذلك ، فإن أحد الأسباب الرئيسية لزيارة إيران لإجراء عملية جراحية هو أن تكلفة الجراحة التجميلية في إيران معقولة ويمكن أن يتوقع الناس توفير 60٪ على الأقل عند إجراء <strong>الجراحة التجميلية</strong> في إيران مقارنة بالدول الغربية. يشمل ذلك جميع نفقات السفر مثل تذاكر الطيران والفنادق والطعام أثناء الإقامة.</p>\n<ul class=\"template-ul\">\n<li>فترة انتظار منخفضة</li>\n</ul>\n<p>عادة ما تكون أوقات انتظار الإجراءات في إيران غير موجودة. قارن هذا بالدول الغربية على سبيل المثال ، في كندا. يستغرق المريض حوالي 4 أسابيع للتشاور مع أخصائي ، في حين أن المرضى في إيران يمكنهم الوصول الفوري إلى أخصائي. يستخدم الكثير من الناس السياحة الطبية في إيران كخيار لإنجاز الإجراءات بشكل أسرع عندما يملون من أوقات الانتظار في بلدانهم الأصلية.</p>\n<ul class=\"template-ul\">\n<li>الإجمالية</li>\n</ul>\n<p>الخصوصية هي سبب آخر لجراحة التجميل بعيدا عن المنزل. معظمنا لا يرغب في الركض إلى جيراننا أثناء الشفاء. في إيران ، سوف تكون قادرًا على الانتعاش في سلام والقيام ببعض المعالم السياحية في المدينة.</p>\n</div>','2019-08-14 03:32:00','2019-08-14 03:32:00'),(679,'posts','slug',10,'ar','ما-هي-الجراحة-التجميلية؟','2019-08-14 03:32:00','2019-08-14 03:32:00'),(680,'posts','meta_description',10,'ar','هل تعلم أن كلمة \"البلاستيك\" في الجراحة التجميلية تأتي من الكلمة اليونانيه plastikos\"\" التي تعني \"فن النمذجة\" وليس لها أي علاقة بالبلاستيك (المواد الاصطناعية) التي ربما تكون في ذهنك؟ يمكن إجراء الجراحة التجميلية لأسباب تجميلية / جمالية أو لإعادة بناء جزء من الجسم.','2019-08-14 03:32:00','2019-08-14 03:32:00'),(681,'posts','meta_keywords',10,'ar','medtouriran ,medical tourism,iran tourism,cosmetic surgery','2019-08-14 03:32:00','2019-08-14 03:32:00'),(682,'data_types','display_name_singular',37,'ar','Faq','2019-08-15 00:04:17','2019-08-15 00:04:17'),(683,'data_types','display_name_plural',37,'ar','Faqs','2019-08-15 00:04:17','2019-08-15 00:04:17'),(684,'tags','title',4,'ar','التجميلية','2019-08-23 18:32:35','2019-08-23 18:32:35'),(685,'tags','title',5,'ar','مشهد','2019-08-23 18:33:52','2019-08-23 18:33:52'),(686,'tags','title',6,'ar','تهران','2019-08-23 18:34:26','2019-08-23 18:34:26'),(687,'tags','title',7,'ar','شيراز','2019-08-23 18:34:46','2019-08-23 18:34:46'),(688,'posts','title',11,'ar','ماهي السياحه العلاجية ؟','2019-08-23 19:09:32','2019-08-23 19:09:32'),(689,'posts','seo_title',11,'ar','السياحة العلاجية في إيران','2019-08-23 19:09:32','2019-08-23 19:09:32'),(690,'posts','excerpt',11,'ar','السياحة العلاجية ، والتي يشار إليها أحيانًا باسم السياحة الصحية ، لها مجموعة متنوعة من التعريفات.','2019-08-23 19:09:32','2019-08-23 19:09:32'),(691,'posts','body',11,'ar','<div id=\"template-content\" class=\"mceTmpl\">\n<ul>\n<li><a href=\"#a1\">ماهي السياحه العلاجية ؟</a></li>\n<li><a href=\"#a2\">السياحة العلاجية في إيران</a></li>\n<li><a href=\"#a3\">عوامل الجذب للسياحة العلاجية في إيران</a></li>\n<li><a href=\"#a4\">أهداف السياحة العلاجية في إيران</a></li>\n<li><a href=\"#a5\">بلدان المنشأ للسياحة الطبية في إيران</a></li>\n<li><a href=\"#a6\">مدن إيران الرائدة في مجال السياحة العلاجية</a></li>\n</ul>\n<h3 id=\"a1\" class=\"template-subtitle\">ماهي السياحه العلاجية ؟</h3>\n<p class=\"paragraph-medium paragraph-black template-p\">السياحة العلاجية ، والتي يشار إليها أحيانًا باسم السياحة الصحية ، لها مجموعة متنوعة من التعريفات. تعرف منظمة السياحة العالمية (WTO) بشكل خاص السياحة الصحية على هذا النحو : استخدام الخدمات التي تعمل على تحسين أو تعزيز صحة الفرد (باستخدام المياه المعدنية أو الطقس أو التدخلات الطبية) وتدوم خارج مكان إقامة الشخص (أكثر من 4 ساعات). الشعار العالمي هو السياحة والمرافق والخدمات الصحية على مستوى دول العالم الأول أو المتقدم والأسعار والتكاليف على مستوى الدول النامية ودول العالم الثالث.</p>\n<h3 id=\"a2\" class=\"template-subtitle\">السياحة العلاجية في إيران</h3>\n<p class=\"paragraph-medium paragraph-black template-p\">في إيران ، يضم أمناء السياحة الطبية ثلاثة كيانات: منظمة التراث الثقافي والسياحة ، وزارة الصحة ووزارة الخارجية. يتطلب تطوير وتوسيع السياحة الطبية مزيدًا من التعاون (مقارنة بالدول الأخرى).</p>\n<h3 id=\"a3\" class=\"template-subtitle\">عوامل الجذب للسياحة العلاجية في إيران</h3>\n<ul class=\"template-ul\">\n<ul class=\"template-ul\">\n<li>السعر</li>\n</ul>\n</ul>\n<p>الميزة الأهم لإيران في السياحة الطبية هي تكلفة الخدمات مقارنة بالدول الأخرى ، وخاصة الدول الأوروبية والأمريكية. تحتل الهند حاليًا مكان الصدارة في تقديم أرخص الخدمات التي تصل إلى إيران في السياحة الطبية ، وبالنظر إلى المرافق والثقافة الإيرانيين الأفضل وبالطبع المزيد من مناطق الجذب السياحي ، هناك إمكانية لجذب عدد أكبر من السياح من الهند.</p>\n<ul class=\"template-ul\">\n<ul class=\"template-ul\">\n<li>المعالجة المائية</li>\n</ul>\n</ul>\n<p>نقطة جذب رئيسية أخرى لإيران هي معالجة المياه ، والتي لها أهمية كبيرة في السياحة الصحية. وفقًا للإحصاءات ، يستخدم حوالي 3 ملايين سائح في جميع أنحاء العالم معالجة المياه لعلاجهم ، مع وجود أكثر من ألف ينبوع معدني معروف قادر على جذب نصيب كبير في المنطقة.</p>\n<ul class=\"template-ul\">\n<ul class=\"template-ul\">\n<li>علاج الطين</li>\n</ul>\n</ul>\n<p>يتمتع العلاج بالطين بمكانة جيدة في السياحة الصحية ، وإيران مستعدة أيضًا لأن تكون معلم جذب سياحي مع المرافق المناسبة ، مثل شواطئ بحيرة اروميه أو سفوح جبل تفتان .</p>\n<ul class=\"template-ul\">\n<ul class=\"template-ul\">\n<li>العلاج بالملح</li>\n</ul>\n</ul>\n<p>واحدة من عوامل الجذب التي جذبت مؤخرا من قبل السياح الدوليين هو العلاج الكهف والعلاج بالملح. يمكن أن تصبح إيران مع العديد من القباب الملح واحدة من مراكز السياحة الطبية في هذا الصدد .</p>\n<ul class=\"template-ul\">\n<ul class=\"template-ul\">\n<li>الطب التقليدي</li>\n</ul>\n</ul>\n<p>ومن العوامل الأخرى للجذب السياحي للبلاد وخاصه في الاونه الاخيره هوه التخصصات الأكاديمية التي تجتذب الطلاب وهو الطب التقليدي الإيراني. وفقًا للمؤرخ الطبي سيسيل إلجود ، كان الطب الإيراني موجودًا قبل الطب اليوناني ، وقام الإيرانيون بتعليم الإغريق مبادئ ما يسمونه بالطب اليوناني.</p>\n<ul class=\"template-ul\">\n<ul class=\"template-ul\">\n<li>الطقس</li>\n</ul>\n</ul>\n<p>من حيث الطبيعة والمناخ ،تعتبر إيران رائده في الطبيعه والمناخ. المنتجعات الإيرانية في ديلمان (جيلان) ، جافاواره (مازاندران) أو شانديز (خراسان رضوي) معروفة عالمياً.</p>\n<h3 id=\"a4\" class=\"template-subtitle\">أهداف السياحة العلاجية في إيران</h3>\n<p class=\"paragraph-medium paragraph-black template-p\">تشمل الخدمات الصحية التي يسافر إليها معظم السياح الصحيين إلى إيران ما يلي:</p>\n<ul class=\"template-ul\">\n<li>العقم</li>\n<li>طب الأسنان</li>\n<li>جراحه القلب والعيون والجراحه التجميليه</li>\n<li>الأمراض المرتبطة بالسرطان</li>\n<li>السياحة في مياه العلاجية</li>\n</ul>\n<h3 id=\"a5\" class=\"template-subtitle\">بلدان المنشأ للسياحة الطبية في إيران</h3>\n<p class=\"paragraph-medium paragraph-black template-p\">معظم السياح الصحيين هم من أذربيجان والعراق وتركمانستان وأفغانستان والكويت وسوريا ولبنان والبحرين وتركيا ، وقد حققت إيران من 20إلى 25 في المائة في السياحة الصحية خلال العقد الماضي.</p>\n<h3 id=\"a6\" class=\"template-subtitle\">مدن إيران الرائدة في مجال السياحة العلاجية</h3>\n<ul>\n<li>طهران</li>\n</ul>\n<p>لطهران ، عاصمة إيران ، مهنيون طبيون مشهورون بالإضافة إلى مرافق ممتازة في المستشفيات والمراكز الطبية. يقع بالقرب من جبال البرز ، وقد جعل المناخ من المرغوب فيه أن السياح الأجانب من جميع أنحاء العالم يمكنهم أيضًا الاستفادة من نفس الخدمات الصحية.<a class=\"imp\" href=\"{{route(\'http://flexfuel.ir/en/destinations/1/tehran\')}}\">اقرأ المزید</a></p>\n<ul>\n<li>مشهد</li>\n</ul>\n<p>مشهد هي مدينة دينية مع مرافق طبية جيدة. جعل وجود الإمام الشيعي الثامن (الإمام رضا) في هذه المدينة ، وكذلك العيادات والمستشفيات الطبية والتجميلية المتخصصة للغاية ، المدينة وجهة للسياح الصحيين.<a class=\"imp\" href=\"{{route(\'http://flexfuel.ir/en/destinations/2/mashhad\')}}\">اقرأ المزید</a></p>\n<ul>\n<li>شيراز</li>\n</ul>\n<p>تشتهر مدينة شيراز بأطبائها والمراكز الطبية عالية الجودة وكذلك المناخ المناسب للسياح الصحيين من مختلف البلدان. كما أنها وجهة للعديد من السياح الأجانب من العراق ، لأنها مركز ديني وقريب من العراق.<a class=\"imp\" href=\"{{route(\'http://flexfuel.ir/en/destinations/3/shiraz\')}}\">اقرأ المزید</a></p>\n<ul>\n<li>يزد</li>\n</ul>\n<p>مدينة يزد التاريخية ، بصرف النظر عن مناطق الجذب التراثية والتنوع المناخي ، هي أيضا مدينة مريحة للسياح. يوجد 545طبيب متخصص و915طبيب عمومي و300طبيب اسنان بالإضافة إلى 15 مستشفى حكومية تقدم الخدمات الطبية في البلاد. وقد أدت هذه القدرة والإمكانات إلى زيارة الآلاف من السياح لمدينة يزد التاريخية من جميع أنحاء البلاد ، وخاصة المقاطعات المجاورة ، على مدار العام. في غضون ذلك ، يكون للعقم وجراحة القلب اهتمام خاص في محافظة يزد. يعرف الكثيرون أن السياحة في يزد هي مركز العقم في يزد ، لأنه أول مركز للعقم في إيران والشرق الأوسط ، والمرضى من دول أخرى يسافرون إلى يزد للعلاج.</p>\n</div>','2019-08-23 19:09:32','2019-08-23 19:49:38'),(692,'posts','slug',11,'ar','ماهي-السياحه-العلاجية ','2019-08-23 19:09:32','2019-08-23 19:09:32'),(693,'posts','meta_description',11,'ar','الشعار العالمي هو السياحة والمرافق والخدمات الصحية على مستوى دول العالم الأول أو المتقدم والأسعار والتكاليف على مستوى الدول النامية ودول العالم الثالث.','2019-08-23 19:09:32','2019-08-23 19:09:32'),(694,'posts','meta_keywords',11,'ar','السياحة العلاجية ماهي السياحه العلاجية ؟','2019-08-23 19:09:32','2019-08-23 19:09:32'),(695,'posts','title',9,'ar','ما هي الجراحة التجميلية؟','2019-08-23 20:11:04','2019-09-08 14:04:04'),(696,'posts','seo_title',9,'ar','What is Reconstructive Surgery?','2019-08-23 20:11:04','2019-08-23 20:11:04'),(697,'posts','excerpt',9,'ar','Reconstructive surgery is usually covered by your health insurance and includes various operations such as hand or foot surgery, skin cancer removal, burn care','2019-08-23 20:11:04','2019-08-23 20:11:04'),(698,'posts','slug',9,'ar','ما-هي-الجراحة-التجميلية؟','2019-08-23 20:11:04','2019-09-08 14:04:04'),(699,'posts','meta_description',9,'ar','Reconstructive surgery is usually covered by your health insurance and includes various operations such as hand or foot surgery, skin cancer removal, burn ','2019-08-23 20:11:04','2019-08-23 20:11:04'),(700,'posts','meta_keywords',9,'ar','medtouriran ,medical tourism,iran tourism,Reconstructive surgery','2019-08-23 20:11:04','2019-08-23 20:11:04'),(708,'categories','excerpt',52,'ar','عملية شفط الدهون هي عملية يتم فيها استئصال الشحم الزائد في الجسم','2019-08-24 10:50:11','2019-08-24 10:50:11'),(709,'packages','title',21,'ar','اٍستبدال مفصل الركبة','2019-08-25 03:01:48','2019-08-25 04:02:11'),(710,'packages','title',19,'ar','اٍستبدال مفصل الركبة','2019-08-25 03:02:44','2019-08-25 04:02:27'),(711,'packages','before_price',19,'ar','Frome','2019-08-25 03:02:44','2019-08-25 03:02:44'),(712,'packages','after_price',19,'ar','USD','2019-08-25 03:02:44','2019-08-25 03:02:44'),(713,'packages','slug',19,'ar','a-stbdal-mfsl-alrkbh','2019-08-25 03:02:44','2019-08-25 04:02:27'),(714,'packages','title',22,'ar','اٍستبدال مفصل الكتف','2019-08-25 03:07:04','2019-08-25 04:03:02'),(715,'packages','before_price',22,'ar','Frome','2019-08-25 03:07:04','2019-08-25 03:07:04'),(716,'packages','after_price',22,'ar','USD','2019-08-25 03:07:04','2019-08-25 03:07:04'),(717,'packages','slug',22,'ar','a-stbdal-mfsl-alktf','2019-08-25 03:09:56','2019-08-25 04:03:02'),(718,'package_prices','title',2,'ar','علاج+ 3-نجوم فندق','2019-08-25 03:13:45','2019-08-25 14:58:17'),(719,'packages','title',23,'ar','اٍستبدال مفصل الكتف','2019-08-25 03:15:44','2019-08-25 04:02:52'),(720,'packages','before_price',23,'ar','From','2019-08-25 03:15:44','2019-08-25 03:15:44'),(721,'packages','after_price',23,'ar','USD','2019-08-25 03:15:44','2019-08-25 03:15:44'),(722,'packages','slug',23,'ar','a-stbdal-mfsl-alktf','2019-08-25 04:01:05','2019-08-25 04:02:52'),(723,'packages','slug',21,'ar','a-stbdal-mfsl-alrkbh','2019-08-25 04:02:11','2019-08-25 04:02:11'),(724,'packages','title',20,'ar','اٍستبدال مفصل الركبة','2019-08-25 04:02:19','2019-08-25 04:02:19'),(725,'packages','slug',20,'ar','a-stbdal-mfsl-alrkbh','2019-08-25 04:02:19','2019-08-25 04:02:19'),(726,'package_prices','title',4,'ar','علاج+ 3-نجوم فندق','2019-08-25 14:56:30','2019-08-25 14:57:47'),(727,'package_prices','title',3,'ar','علاج+ 5-نجوم فندق','2019-08-25 14:58:10','2019-08-25 14:58:10'),(728,'video_reviews','title',3,'ar','Orthopedic surgery in IRAN','2019-08-26 03:35:46','2019-08-26 03:35:46'),(729,'video_reviews','body',3,'ar','Treatment in Iran is a very different experience for medical tourists. A patient talks about her experience from treatment in Tehran, which was done using MedTourIran company.','2019-08-26 03:35:46','2019-08-26 03:35:46'),(730,'packages','testimonial',22,'ar','https://youtu.be/5ZKJh92UmjQ','2019-08-26 03:42:42','2019-08-26 03:42:42'),(731,'packages','testimonial',1,'ar','njIiXdov4ro','2019-08-26 04:31:06','2019-09-14 04:12:51'),(732,'categories','body',43,'ar','<div id=\"template-content\" class=\"mceTmpl\">\n<ul>\n<li><a href=\"#a1\">ما هي عملية تجميل الأنف؟</a></li>\n<li><a href=\"#a2\">أنواع عمليات تجميل الأنف&nbsp;</a></li>\n<li><a href=\"#a3\">تجميل الأنف في إيران</a></li>\n<li><a href=\"#a4\">أفضل سن لجراحه الأنف</a></li>\n<li><a href=\"#a5\">مخاطر عملية تجميل الأنف</a></li>\n<li><a href=\"#a6\">عملية تجميل الأنف غير الجراحية</a></li>\n<li><a href=\"#a7\">عملية تجميل الأنف غير الجراحية</a></li>\n<li><a href=\"#a8\">أنواع الأنف </a></li>\n<li><a href=\"#a9\">أساليب تجميل الأنف الشائعة</a></li>\n<li><a href=\"#a10\">الشفاء من عملية تجميل الأنف</a></li>\n</ul>\n<h3 id=\"a1\" class=\"template-subtitle\">ما هي عملية تجميل الأنف؟</h3>\n<p class=\"paragraph-medium paragraph-black template-p\">جراحة الأنف التجميلية التي يشار إليها أيضًا على أنها وظيفة الأنف هي نوع من الجراحة التجميلية التي يمكن إجراؤها لمساعدة المرضى على الشعور بشكل أفضل بمظهرهم أو قد يكون لها أسباب طبية. يمكن أن يصاحب وظيفة الأنف عمليات جراحية تجميلية أخرى مثل جراحة الجفن أو جراحة الذقن لتعزيز النتيجة. أصبحت عملية تجميل الأنف شائعة جدًا بين شعوب جميع الدول (خاصة إيران)</p>\n<h3 id=\"a2\" class=\"template-subtitle\">أنواع عمليات تجميل الأنف&nbsp;</h3>\n<p class=\"paragraph-medium paragraph-black template-p\">يمكن تقسيم عملية تجميل الأنف بشكل عام إلى فئتين من \"تجميل الأنف التجميلي\" و \"عملية تجميل الأنف الوظيفية\"&nbsp; :</p>\n<ul class=\"template-ul\">\n<ul class=\"template-ul\">\n<ul class=\"template-ul\">\n<li><strong>تجميل الأنف التجميلي:</strong> تجميل الأنف التجميلي له أسباب تجميلية ويعتزم المرضى عادة تغيير مظهر أنفهم بحيث يكون في انسجام أفضل مع الأجزاء الأخرى من وجوههم ويلائم بوجههم بوجه عام.&nbsp;</li>\n<li><strong>عملية تجميل الأنف الوظيفية :</strong> يمكن إجراء عملية تجميل الأنف الوظيفية للمشاكل الطبية ؛ على سبيل المثال ، لتحسين التنفس أو تصحيح خلل الولادة&nbsp;</li>\n</ul>\n</ul>\n</ul>\n<p>يمكننا أيضًا وضع جراحة الأنف في مجموعتين من عمليات تجميل الأنف الأولية والثانوية :</p>\n<ul class=\"template-ul\">\n<ul class=\"template-ul\">\n<ul class=\"template-ul\">\n<ul class=\"template-ul\">\n<li><strong>عملية تجميل الأنف الأولية</strong> تعني أن هذه هي المرة الأولى على الإطلاق التي تواجه فيها وظيفة في الأنف. سواء كانت جمالية أو وظيفية</li>\n<li><strong>تشير عملية تجميل الأنف الثانوية</strong> إلى أنك قد حصلت بالفعل على وظيفة أنف ، لكنها لم تكن ناجحة (وهي ليست شائعة) وتحتاج إلى إعادة تشكيل أنفك بسبب مشاكل مثل عدم التناسق والطرف المقروص وغير ذلك الكثير. لهذا السبب يطلق عليه أيضًا عملية تجميل الأنف المراجعة. هذا الأخير عادة ما ينطوي على إجراء أكثر صعوبة حيث يجب على الجراح إعادة إنشاء الدعم الأنفي الذي ربما تم تدميره في عملية تجميل الأنف الأولية.</li>\n</ul>\n</ul>\n</ul>\n</ul>\n<h3 id=\"a3\" class=\"template-subtitle\">تجميل الأنف في إيران</h3>\n<p class=\"paragraph-medium paragraph-black template-p\">جراحة الأنف التجميلية هي الجراحة التجميلية الأكثر شيوعًا في إيران ، وتسمى إيران عاصمة التجمیل في العالم ويجب أن يكون هناك سبب وجيه لذلك. قد نكون قادرين على القول إن جراحة الأنف أصبحت جزءًا من اتجاه الموضة في هذه الأيام ، والسبب الرئيسي في أن جراحة الأنف أصبحت شائعة جدًا بين الإيرانيين هو أنفهم الفارسي. عادة ما يتم تحديده بأنف كبير مع سنام في حين أن معظم الناس يفضلون الأنف الأوروبي الذي يؤدي إلى زيادة معدل جراحة الأنف في إيران. في الآونة الأخيرة ، أظهر أشخاص من جميع أنحاء العالم ، وخاصة الشرق الأوسط ، اهتمامًا خاصًا بالتدفق إلى إيران لاجل تجمیل الانف . يمكن تتبع سبب هذا الطلب المرتفع للأسباب التالية:</p>\n<ul class=\"template-ul\">\n<ul class=\"template-ul\">\n<ul class=\"template-ul\">\n<ul class=\"template-ul\">\n<li>تلعب الجراحة التجميلية عالية الجودة التي يعاني منها المرضى في إيران دورًا مهمًا في هذه المسألة.</li>\n<li>تجربة الجراح مهمة في التنبؤ بمعدلات النجاح. يتمتع الجراحون الإيرانيون بتعليم جيد وخبرة عالية في هذا المجال ، فلا عجب إذا كنت تفكر في عدد الأشخاص الذين يتعاملون معهم يوميًا.</li>\n<li>ارتفاع مستويات الرعاية السريرية سبب آخر لشعبية تجميل الأنف في إيران.</li>\n<li>يمكنك القيام بالعملية في عاصمة إيران وطهران وبلداتها الكبرى الأخرى مثل مشهد وشيراز وأصفهان ، إلخ. لذلك ، وبغض النظر عن التعامل مع المشكلات الطبية ، يمكنك أيضًا القيام بجولة في هذه المدن التاريخية وزيارة أهم مناطق الجذب الخاصة بهم أثناء وجودك في المدينة</li>\n</ul>\n</ul>\n</ul>\n</ul>\n<h3 id=\"a4\" class=\"template-subtitle\">أفضل سن لجراحه الأنف</h3>\n<p class=\"paragraph-medium paragraph-black template-p\">إذا كان لديك سبب طبي لإجراء العملية الجراحية ، فيمكن القيام بعمل الأنف في سن أصغر. ومع ذلك ، إذا كنت ترغب فقط في الحصول على وظيفة الأنف لتبدو أفضل وتحسين مظهرك ، فإن السن المناسب للفتيات حوالي 15 سنة وللاولاد اکبربقلیل</p>\n<h3 id=\"a5\" class=\"template-subtitle\">مخاطر عملية تجميل الأنف</h3>\n<p class=\"paragraph-medium paragraph-black template-p\">لا توجد جراحة خالية من المخاطر ولا يعد تجميل الأنف استثناءً. ومع ذلك ، يمكن أن یکون بسبب:</p>\n<ul class=\"template-ul\">\n<ul class=\"template-ul\">\n<ul class=\"template-ul\">\n<ul class=\"template-ul\">\n<ul class=\"template-ul\">\n<li>تخدیر الانف&nbsp;</li>\n<li>صعوبات في التنفس</li>\n<li>نزیف</li>\n<li>عدوی</li>\n<li>عدم الرضا عن النتيجة النهائية</li>\n</ul>\n</ul>\n</ul>\n</ul>\n</ul>\n<p class=\"paragraph-medium paragraph-black template-p\">إذا لم تكن راضيًا عن أنفك بعد العملية ، فقد ترغب في إجراء عملية جراحية ثانية يمكن إجراؤها ، ولكن في هذه الحالة ، يجب عليك الانتظار حتى تلتئم أنفك تمامًا (ربما عام) ثم تستعد لإجراء العملية الثانية .</p>\n<h3 id=\"a6\" class=\"template-subtitle\">الاستعدادات لتجميل الأنف</h3>\n<ul class=\"template-ul\">\n<ul class=\"template-ul\">\n<ul class=\"template-ul\">\n<ul class=\"template-ul\">\n<li>أولاً ، تلتقي بجراح وتناقش التفاصيل المتعلقة بحالتك الطبية ، إذا كان الحصول علی جراحه الانف هو اختيار جيد لک فسوف یظهر لك کیف سیکون انفك بعد العملية .</li>\n<li>سوف يقوم جراحك بفحص الجلد عن كثب داخل وخارج أنفك وقد يطلب منك إجراء فحص دم</li>\n<li>بالإضافة إلى ذلك ، قد يلتقطون صوراً لأنفك من زوايا مختلفة لاستخدامها أثناء الجراحة أو لإجراء مقارنات وتقييم النتائج بعد فترة من الوقت.</li>\n<li>تذكر عدم تناول الأدوية أو مسكنات الألم (قبل أو بعد العملية) دون استشارة جراحك</li>\n<li>عملیه الانف یمکن ان تکون فی المستشفی او فی عیاده الدکتور</li>\n<li>ستكون إما فاقدًا للوعي أثناء الجراحة أو يقوم الجراح بتخدير وجهك اي ستبقى مستيقظًا</li>\n<li>بعد ذلك ، سيتم بدء العملية وإعادة تشكيل أنفك وقد يستغرق الأمر من ساعة إلى ساعتين أو أكثر إذا كان الإجراء أكثر تعقيدًا</li>\n</ul>\n</ul>\n</ul>\n</ul>\n<h3 id=\"a7\" class=\"template-subtitle\">عملية تجميل الأنف غير الجراحية</h3>\n<p class=\"paragraph-medium paragraph-black template-p\">يمكن إعادة تشكيل الأنف بطريقة غير جراحية باستخدام مواد حشو الجلد وإدخال تحسينات ستستمر لمدة عام. يمكن للجراح الماهر تعدیل الانحراف او التضخم وإعادة تشكيل رأس الأنف وتحسين تناظره. من المهم أن تضع في اعتبارك أن النتائج مؤقتة ولكن يمكن تجنب العديد من عمليات تجميل الأنف غير الضرورية باستخدام هذا النهج الفعال من حيث التكلفة وتجنب النفقات الإضافية والآثار الجانبية. يمكنك أيضًا استخدام هذه الطريقة لاختبار إعادة تشكيل الأنف قبل الالتزام بالتغييرات الدائمة</p>\n<h3 id=\"a8\" class=\"template-subtitle\">أنواع الأنف</h3>\n<p class=\"paragraph-medium paragraph-black template-p\">بقدر ما يتعلق الأمر بعملية تجميل الأنف في هناك نوعان من الأنف: واحد عظمي والآخر لحمي. الفرق بين هذين النوعين هو في سماكة الجلد ، لأنوف اللحم لها جلد كثيف. في عملية تجميل الأنف من الأنف العظمي ، سيكون للتغيرات الصغيرة نتائج مهمة.</p>\n<h3 id=\"a9\" class=\"template-subtitle\">أساليب تجميل الأنف الشائعة</h3>\n<p class=\"paragraph-medium paragraph-black template-p\">هناك ثلاثة أنواع من عملیات تجمیل الأنف: عملیه الأنف الطبيعية ، وعملیه الأنف الخيالية ، وعملیات الأنف شبه الخيالية. عادة ما تحصل أنوف اللحم على وظائف الأنف الطبيعية ويتم تطبيق تغييرات أصغر. أولئك الذين لديهم وجوه صغيرة أكثر ملاءمة لوظيفة الأنف الخيال الذي يؤدي إلى أنف صغيرة.</p>\n<h3 id=\"a10\" class=\"template-subtitle\">الشفاء من عملية تجميل الأنف</h3>\n<ul class=\"template-ul\">\n<ul class=\"template-ul\">\n<ul class=\"template-ul\">\n<li>ستعود إلى المنزل ومن الضروري اتباع تعليمات الطبيب.</li>\n<li>احصل على قسط كافٍ من الراحة واترك أنسجة العظام تلتئم بعد قطعها.</li>\n<li>قد يصف جراحك الأدوية لتخفيف الألم</li>\n<li>عادة ما يستغرق أسبوع واحد قبل أن تتمكن من الخروج وسوف تلتئم كدمات حول عينيك في الأسبوع الثاني</li>\n<li>إذا لم يستخدم الجراح غرز قابلة للذوبان ، فستحتاج إلى زيارة طبيبك مرة أخرى بعد أسبوع من الجراحة لإخراج الغرز.</li>\n<li>سوف يعلمك طبيبك لتجنب الجري أو السباحة أو الضحك أو ارتداء النظارات أو نفخ أنفك.</li>\n<li>قبل كل شيء ، تحتاج إلى تجنب التعرض لأشعة الشمس لأن الجلد المحيط بالأنف يكون أكثر عرضة لتلف أشعة الشمس بعد الجراحة</li>\n<li>يمكنك أيضًا استخدام الكمادات الباردة بعد العملية لتقليل التورم</li>\n<li>في النهاية ، تذكر أن الأمر قد يستغرق سنة كاملة قبل أن ترى النتيجة النهائية للجراحة. لذلك لا تكن سريعًا في تقييم أنفك الجديد ومنحه الوقت الكافي للتعافي التام وتصبح أنفًا طبيعيًا مرة أخرى</li>\n</ul>\n</ul>\n</ul>\n<p class=\"paragraph-medium paragraph-black template-p\">إذا كنت تفكر في إجراء عملية تجميل الأنف واخترت القيام بذلك في إيران ، يمكنك دائمًا طلب المساعدة من أخصائيي مدتور ایران واستشارة جراح لتحديد الأفضل بالنسبة لك.</p>\n</div>','2019-08-26 09:15:44','2019-08-28 06:51:04'),(733,'hotels','slug',11,'ar','mstshfy-bhmn','2019-08-27 00:00:06','2019-11-20 07:32:17'),(734,'hotels','slug',10,'ar','mstshfy-arfan','2019-08-27 00:04:47','2019-11-20 07:32:06'),(735,'categories','excerpt',43,'ar','جراحة الأنف التجميلية التي يشار إليها أيضًا على أنها وظيفة الأنف هي نوع من الجراحة التجميلية التي يمكن إجراؤها لمساعدة المرضى على الشعور بشكل أفضل بمظهرهم أو قد يكون لها أسباب طبية. يمكن أن يصاحب وظيفة الأنف عمليات جراحية تجميلية أخرى مثل جراحة الجفن أو جراحة الذقن لتعزيز النتيجة. ','2019-08-28 06:51:04','2019-08-28 06:51:04'),(736,'doctors','about',14,'ar','الدكتور حسن قندهاري هو واحد من أفضل الجراحين المتخصصين في جراحة العمود الفقري في شركة مدتورايران الذي يقوم بالعديد من جراحات العمود الفقري سنويًا بسبب خبرته. ذهب إلى فرنسا وألمانيا وإيطاليا لفترة الزمالة. بعد عودته من يونيو 2008 ، أصبح عضوًا في كلية العلوم الطبية بجامعة إيران ، وهو حاليًا عضو في هيئة التدريس بدرجة أستاذ مشارك.','2019-08-28 14:16:03','2019-10-30 06:14:15'),(739,'links','link',2,'ar','https://medtouriran.com/en/packages','2019-08-29 08:15:34','2019-08-29 08:15:34'),(740,'links','title',2,'ar','عروضنا','2019-08-29 08:15:34','2019-09-08 14:05:05'),(741,'doctors','education',2,'ar','{\n    \"1\": {\n        \"name\": \"General Surgery Specialist Board\",\n        \"degree\": \"Medical University of Tehran\",\n        \"date\": \"1998\"\n       }\n}\n','2019-08-29 16:20:13','2019-08-29 16:20:13'),(742,'doctors','skills',2,'ar','{\n    \"1\": {\n        \"skill\": \"Abdominal Plastic Surgery (Tommy Tuck or Abdominoplasty, Lipobdominoplasty)\",\n        \"percent\": \"95\"\n    },\n\"2\": {\n        \"skill\": \"cosmetic surgery\",\n        \"percent\": \"90\"\n    },\n\"3\": {\n        \"skill\": \"Eyelid surgery\",\n        \"percent\": \"90\"\n    },\n\"4\": {\n        \"skill\": \"Injection of fat (face, back of hands and other parts of body)\",\n        \"percent\": \"90\"\n    }\n}\n','2019-08-29 16:20:13','2019-08-29 16:20:13'),(743,'doctors','about',13,'ar','Dr. Matin Attaran  is a Gynecologist and Infertility Specialist  working in Mashhad and providing  infertility services to women. Some of these services include specialized infertility and infertility treatment, IVF, IUI, sonohysterography, fetal sex determination, PGD, variety of gynecological surgeries such as laparoscopy, hysteroscopy, pregnancy and childbirth care, treatment of various genital diseases in women and more.','2019-08-29 16:36:10','2019-08-29 16:36:10'),(745,'links','title',5,'ar','أطباء','2019-08-30 00:37:38','2019-09-08 14:05:18'),(746,'links','title',4,'ar','الأسئله المتداولة','2019-08-30 00:37:57','2019-09-08 14:05:45'),(747,'categories','excerpt',35,'ar','من اثار التقدم في العمر تجمع الدهون تحت الجفون أو فوقها مما ينتج عن هذا الهدل في العيون أو بتعبير آخر تصبح لديك عيون متدلية ذات ترهلات تجعلك تبدو اكبر سنا. تقوم هذة العملية بإزالة جميع الدهون و الجلود الزائدة من الجفون و حول العيون. كما تساعد العملية على تقليل مشاكل الرؤية وتجعل عينك تبدو أصغر سنا. \nالجدير بالذكر أن عملية جراحة العيون التجميلية تساعد على مظهر أجمل و منتعش و لا يحدث تغيير لشكل العيون.\n','2019-08-30 06:33:18','2019-08-30 11:20:27'),(748,'categories','body',35,'ar','<div id=\"template-content\" class=\"mceTmpl\">\n<ul>\n<li><a href=\"#a1\">ما هي جراحة العيون التجميلية؟</a></li>\n<li><a href=\"#a2\">هل جراحة رفع العيون أو جراحة العيون التجميلية خطيرة؟</a></li>\n<li><a href=\"#a3\">متى تحتاج الى عملية تجميل العيون؟</a></li>\n<li><a href=\"#a4\">اجراءات تجميل الجفن (تجميل العيون)</a></li>\n<li><a href=\"#a5\">عملية تجميل العيون غير الجراحية</a></li>\n<li><a href=\"#a6\">الشفاء من جراحة جفون العيون</a></li>\n<li><a href=\"#a7\">عملية تجميل الجفون (تجميل العيون) في ايران</a></li>\n</ul>\n<h3 id=\"a1\" class=\"template-subtitle\">ما هي جراحة العيون التجميلية؟</h3>\n<p class=\"paragraph-medium paragraph-black template-p\">من اثار التقدم في العمر تجمع الدهون تحت الجفون أو فوقها مما ينتج عن هذا الهدل في العيون أو بتعبير آخر تصبح لديك عيون متدلية ذات ترهلات تجعلك تبدو اكبر سنا. تقوم هذة العملية بإزالة جميع الدهون و الجلود الزائدة من الجفون و حول العيون. كما تساعد العملية على تقليل مشاكل الرؤية وتجعل عينك تبدو أصغر سنا.&nbsp;</p>\n<p class=\"paragraph-medium paragraph-black template-p\">الجدير بالذكر أن عملية جراحة العيون التجميلية تساعد على مظهر أجمل و منتعش و لا يحدث تغيير لشكل العيون.</p>\n<p>&nbsp;</p>\n<h3 id=\"a2\" class=\"template-subtitle\">هل جراحة رفع العيون أو جراحة العيون التجميلية خطيرة؟</h3>\n<p class=\"paragraph-medium paragraph-black template-p\">من الطبيعي تمامًا أن تنتفخ الأجفان والكدمات بعد العملية. سطح مقلة العين يتضخم ايضا. هذه الأعراض سوف تلتئم بعد أسبوع أو أسبوعين. ربما لاسبوعين تقريبا تحس بجفاف العيون و هذا يتم معالجته مع قطرات العيون أو المراهم. و من الطبيعي أيضا بعض الضبابية في البصر لمدة أسابيع قليلة. إذا أصبحت الأجفان حساسة وحمراء ، فمن المحتمل أن يفتح الجرح وقد يصبح معديا وينتشر إلى الجفن كله ، إذا حدث ذلك ، اتصل بالمستشفى على الفور حتى يتمكن الأطباء من التحكم في العدوى عن طريق المضادات الحيوية. النزيف بعد عملية تجميل العيون قليلا جدا وسوف يتوقف النزيف بعد فترة قصيرة ولكن اذا أستمر هذا النزيف فإتصل بالمستشفي فورا للعلاج. النزيف الحاد حول او وراء العيون نادر جدا ولكنه يمكن أن يهدد البصر. في حالة نادرة أخرى يتم إزالة الكثير من الجلد أو تعويضه للمرضى الذين يعانون من مشكلة الاغلاق في العين.&nbsp;</p>\n<h3 id=\"a3\" class=\"template-subtitle\">متى تحتاج الى عملية تجميل العيون؟</h3>\n<p>عادة ما يرفع الناس جفونهم لأحد هذه الأسباب:</p>\n<ul class=\"template-ul\">\n<li>لعلاج الأكياس تحت أعينهم</li>\n<li>الجفون المتدلية و المترهلة</li>\n<li>الإفراط في الجلد أو التجاعيد تحت أعينهم</li>\n<li>أجفانهم تجعلهم يبدون أكبر سنا</li>\n<li>لتحسين رؤيتهم</li>\n</ul>\n<h3 id=\"a4\" class=\"template-subtitle\">اجراءات تجميل الجفن (تجميل العيون)</h3>\n<p class=\"paragraph-medium paragraph-black template-p\">يتم إجراء جراحة تجميل الجفن تحت التخدير العام أو الموضعي واعتمادا على المريض يمكن القيام به على الجفون العليا أو السفلية أو كليهما.&nbsp;</p>\n<p class=\"paragraph-medium paragraph-black template-p\">الاجراءات تشمل:</p>\n<ul class=\"template-ul\">\n<li>الشق</li>\n<li>إزالة الجلد الزائد ، وإزالة \\ نقل الدهون والعضلات</li>\n<li>شد العضلات</li>\n<li>إغلاق الشق</li>\n</ul>\n<p>إذا كانت الشقوق تتم عن طريق استخدام ليزر ، فتسمى هذة العملية ليزر تجميل الجفن مما يقلل من خطر التندب&nbsp; و أقل إيلاما كذلك كدمات أقل ولكن يزداد التورم.</p>\n<h3 id=\"a5\" class=\"template-subtitle\">عملية تجميل العيون غير الجراحية</h3>\n<p class=\"paragraph-medium paragraph-black template-p\">عملية تجميل العيون غير الجراحية أو علاج البلازما هي الطريقة التي يتم فيها استخدام جهاز PlexR وهو الجهاز الذي يقوم بإذابة أشكال البلازما لتسامي الجلد الزائد ، تأثر طاقة هذة العملية&nbsp; فقط على الخلايا الجلد السطحية دون التأثيرعلى&nbsp; الأنسجة العميقة. وتسمى هذه الطريقة أيضًا ديناميكية تجميل الجفن لأنه أثناء العملية يطلب من المرضى فتح \\ إغلاق عيونهم وبالتالي يتمكن الطبيب الكشف عن التجاعيد التي تحتاج إلى العلاج. كما أنه يتيح للمرضى اتباع الإجراء. هذه الطريقة تقريبا ليست لها أي عوارض جانبية و جميع المرضى كانوا راضين تماما عن النتائج.&nbsp;</p>\n<h3 id=\"a6\" class=\"template-subtitle\">الشفاء من جراحة جفون العيون</h3>\n<p class=\"paragraph-medium paragraph-black template-p\">في نهاية جراحة الجفن ، ستستخدم المراهم على الشقوق والغرز. من الطبيعي قد تشعر بالالم الخفيف في جفونك مما يفضل استخدام مسكنات الألم العادية. إذا كان لديك ألم شديد أو احسست أن هناك إنخفاض في الرؤية لديك&nbsp; فاتصل بطبيبك. استخدام الكمادات الباردة لبضعة أيام بعد الجراحة تساعد في السيطرة على الكدمات و التورم. عادة ما تتضخم العينين في الأسبوع الأول وسيزول بعد 2-4 أسابيع. أثناء الأسابيع الأولى بعد العملية هناك حساسية للضوء و قد تحدث تغييرات بصرية عابرة مثل الضبابية والتي سوف تختفي تدريجيا. في أسبوعين أو ثلاثة أسابيع الأولى تحتاج للحصول على فحص من قبل الطبيب. عادة يتم ازالة الغرز بعد أربعة إلى سبعة أيام بعد العملية ، و بعد إزالة الغرز سوف تبدو أفضل. معظم المرضى سيكونون قادرين على القراءة أو مشاهدة التلفزيون بعد يوم أو يومين ،عموما حتى ثلاثة أسابيع&nbsp; الأولى بعد العملية لا يمكن استخدام العدسات، حتى اربعة أسابيع بعد العملية تكون العيون حساسة للغاية لأشعة الشمس والرياح والغبار ومن الأفضل استخدام النظارات الشمسية الكبيرة و الواقية من الشمس. يجب أن تقلل من نشاطك لأول أيام بعد الجراحة و تأخذ قدرا من الراحة قدر الإمكان.</p>\n<h3 id=\"a7\" class=\"template-subtitle\">عملية تجميل الجفون (تجميل العيون) في ايران</h3>\n<p class=\"paragraph-medium paragraph-black template-p\">تعتبر عملية تجميل العيون هي الأكثر شيوعا بين الجراحات التجميلية بعد عمليات تجميل الأنف في ايران.&nbsp; تتمتع ايران بخبرة عالية و جراحين و عيادات و مستشفيات حديثة مقارنة بالبلدان الأخرى. تقوم ايران بتوفير الخدمات بتكاليف معقولة. لذلك ايران هي الخيار الجيد للغاية في حقل جراحة العيون التجميلية. يمكنك طلب المساعدة من المتخصصين التابعين لمدتورايران.</p>\n</div>','2019-08-30 06:33:18','2019-08-30 11:20:27'),(749,'categories','excerpt',50,'ar','الشعر له تأثير كبير على مظهرك وهذا هو السبب في أن العديد من الأشخاص الذين يتعاملون مع تساقط الشعر يبحثون عن حل دائم لوقف هذه العملية مرة واحدة وإلى الأبد. اليوم ، يمكن للجراحين القيام بذلك عن طريق زرع الشعر الصحي في الجزء الأصلع من الرأس. هذا الإجراء يسمى زرع الشعر وعادة ما لا يتم فجأة ؛ وهذا يعني أنه يتم أخذ عدد قليل من الشعر في وقت واحد وسيتم زرعها في مناطق تساقط الشعر. هذه العملية تعطي الشعر مظهراً طبيعياً مقارنة بزراعة الشعر في السبعينات والثمانينات.','2019-08-30 07:06:26','2019-08-30 07:06:26'),(750,'categories','body',50,'ar','<div id=\"template-content\" class=\"mceTmpl\">\n<ul>\n<li><a href=\"#a1\">ما هو زرع الشعر؟</a></li>\n<li><a href=\"#a2\">عملية زرع الشعر</a></li>\n<li><a href=\"#a3\">لماذا ايران؟</a></li>\n<li><a href=\"#a4\">هل أنت مرشح جيد لزراعة الشعر؟</a></li>\n<li><a href=\"#a5\">المخاطر في زراعة الشعر</a></li>\n<li><a href=\"#a6\">متى يمكنك رؤية النتائج؟</a></li>\n</ul>\n<h3 id=\"a1\" class=\"template-subtitle\">ما هو زرع الشعر؟</h3>\n<p class=\"paragraph-medium paragraph-black template-p\">الشعر له تأثير كبير على مظهرك وهذا هو السبب في أن العديد من الأشخاص الذين يتعاملون مع تساقط الشعر يبحثون عن حل دائم لوقف هذه العملية مرة واحدة وإلى الأبد. اليوم ، يمكن للجراحين القيام بذلك عن طريق زرع الشعر الصحي في الجزء الأصلع من الرأس. هذا الإجراء يسمى زرع الشعر وعادة ما لا يتم فجأة ؛ وهذا يعني أنه يتم أخذ عدد قليل من الشعر في وقت واحد وسيتم زرعها في مناطق تساقط الشعر. هذه العملية تعطي الشعر مظهراً طبيعياً مقارنة بزراعة الشعر في السبعينات والثمانينات.</p>\n<p class=\"paragraph-medium paragraph-black template-p\">في ذلك الوقت ، كان الأمر واضحًا ويمكن للناس أن يلاحظوا بسهولة ما إذا كان شعر شخص ما غير طبيعي. اليوم ، بفضل أحدث التطورات في هذا المجال ، لا يمكن للناس (ربما حتى حلاقك) تحديد الفرق. عملية زرع الشعر هي أكثر العمليات الجراحية التجميلية شيوعًا التي يتم إجراؤها على الرجال نظرًا لأنهم عادةً ما يميلون للصلع عاجلاً. لكن هذا لا يقتصر على الرجال والنساء ، ويمكنهم أيضًا تجربة تساقط الشعر في أي عمر.</p>\n<h3 id=\"a2\" class=\"template-subtitle\">عملية زرع الشعر</h3>\n<ul class=\"template-ul\">\n<li>عملية زراعة الشعر آمنة بشكل عام ويمكن أن تستغرق ما بين 4 إلى 8 ساعات.</li>\n<li>في العادة ، يستخدم طبيب الأمراض الجلدية التخدير فقط لتخدير فروة الرأس وستظل مستيقظاً خلال الجراحة بأكملها.</li>\n<li>كما ذكرنا من قبل ، سيقوم الجراح بإزالة شعرك الصحي ووضعه في منطقة ترقق.</li>\n<li>بعد الانتهاء من عملية الزرع بالكامل ، يقوم الجراح بربط فروة رأسك وإعطائك الإرشادات اللازمة لاتباعها في المنزل.</li>\n</ul>\n<h3 id=\"a3\" class=\"template-subtitle\">لماذا ايران؟</h3>\n<p class=\"paragraph-medium paragraph-black template-p\">في إجراء عملية زراعة الشعر ، تلعب المسافة والزاوية والكثافة الصحيحة دورًا مهمًا للحصول على مظهر طبيعي. بشكل عام ، تعتمد نتائج عملية زرع الشعر إلى حد كبير على الجراح الذي تختاره. هذا هو السبب في أن العديد من الناس يختارون إيران لإجراء الجراحة مع أسباب أخرى تجعل إيران وجهة مثالية لإجراء عملية زراعة الشعر مثل:</p>\n<ul class=\"template-ul\">\n<li>الجراحين ذوي الخبرة</li>\n<li>التكاليف المعقولة لزراعة الشعر في إيران (مقارنة بالدول الأخرى)</li>\n<li>معالمها الاستثنائية التي لا تضاهى</li>\n</ul>\n<h3 id=\"a4\" class=\"template-subtitle\">هل أنت مرشح جيد لزراعة الشعر؟</h3>\n<p class=\"paragraph-medium paragraph-black template-p\">بغض النظر عن جنسك أو سبب تساقط شعرك (الوراثة ، المشاكل الطبية ، إلخ) ، يمكنك أن تكون مرشحًا جيدًا لعملية زرع الشعر إذا:</p>\n<ul class=\"template-ul\">\n<li>يوجد شعر صحي كافٍ على فروة رأسك حتى يتمكن الجراح من استخدامها كمناطق مانحة ونقلها إلى منطقة التخفيف.</li>\n<li>يجب أن تتمتع منطقة الصلع بالقدرة على نمو الشعر عليها.</li>\n</ul>\n<p class=\"paragraph-medium paragraph-black template-p\">سيقوم طبيب الأمراض الجلدية بفحص فروة رأسك عن كثب ويبلغك إذا كان لديك كلتا الحالتين. قد يطلب منك طبيبك أيضًا إجراء فحص دم لمعرفة سبب تساقط شعرك. وفقًا لنتائج الاختبارات والامتحانات ، يمكن لطبيب الأمراض الجلدية أن يخبرك بما يمكن توقعه بعد عملية زرع الشعر. توقع رأس شعر كامل أمر غير واقعي تمامًا ، ولكن شعرك ومناطق الصلع ستبدو بالتأكيد أفضل وأكمل بعد عملية زرع الشعر...</p>\n<h3 id=\"a5\" class=\"template-subtitle\">المخاطر في زراعة الشعر</h3>\n<p class=\"paragraph-medium paragraph-black template-p\">يجب إجراء عملية زرع الشعر في المستشفى لتقليل المخاطر المحتملة. يمكن ملاحظة بعض المشاكل بعد الجراحة مثل</p>\n<ul class=\"template-ul\">\n<li>عدوى</li>\n<li>تورم</li>\n<li>كدمات</li>\n<li>متلهف، متشوق</li>\n<li>جراح</li>\n</ul>\n<p>بالطبع إذا اخترت جراح تجميل من ذوي الخبرة لزراعة شعرك ، فإن المضاعفات عادة ما تكون نادرة. أي مشاكل أخرى مثل الكدمات أو الخدر في مناطق الصلع في رأسك ستزول خلال 2-3 أشهر بعد الجراحة.</p>\n<h3 id=\"a6\" class=\"template-subtitle\">متى يمكنك رؤية النتائج؟</h3>\n<p class=\"paragraph-medium paragraph-black template-p\">عادة ، يمكن للمرضى رؤية النتائج بين 2 و 8 أشهر بعد عملية زرع الشعر. على الرغم من أنه قد يستغرق ما يقرب من 12 شهرا لبعض الناس. علاوة على ذلك ، من الطبيعي تمامًا أن يتساقط الشعر المزروع بين أسبوعين وثمانية أسابيع بعد الجراحة (فقدان الصدمة) وينمو مجددًا في وقت لاحق. لذلك ، لا داعي للذعر!</p>\n<p class=\"paragraph-medium paragraph-black template-p\">أيضًا بحلول الشهر الثالث ، قد يبدو شعرك أرق مقارنة بالطريقة التي كان يبدو عليها قبل زراعة الشعر. مرة أخرى ، لا داعي للقلق. هذا أمر طبيعي وتحتاج فقط إلى بعض الصبر. بالطبع ، قد يصف لك طبيب الأمراض الجلدية دواءًا يساعد على تساقط شعرك ولمساعدتك في الحفاظ على نتائجك الطبيعية.</p>\n</div>','2019-08-30 07:06:26','2019-08-30 07:06:26'),(751,'categories','excerpt',51,'ar','قد لا تلاحظ ذلك ، لكن صحة الأسنان (صحة الفم) تقول الكثير عن حالتك الصحية العامة. هناك العديد من عادات النظافة الفموية التي يمكن أن تمنع مشاكل الفم مثل تسوس الأسنان ، رائحة الفم الكريهة ، جفاف الفم ، إلخ.','2019-08-30 08:42:46','2019-08-30 08:42:46'),(752,'categories','body',51,'ar','<div id=\"template-content\" class=\"mceTmpl\">\n<ul>\n<li><a href=\"#a1\">ما هي صحة الأسنان؟</a></li>\n<li><a href=\"#a2\">عادات نظافة الفم</a></li>\n<li><a href=\"#a3\">لماذا ايران؟</a></li>\n<li><a href=\"#a4\">أمراض الفم</a></li>\n<li><a href=\"#a5\">علاج مشاكل الأسنان</a></li>\n</ul>\n<h3 id=\"a1\" class=\"template-subtitle\">ما هي صحة الأسنان؟</h3>\n<p class=\"paragraph-medium paragraph-black template-p\">قد لا تلاحظ ذلك ، لكن صحة الأسنان (صحة الفم) تقول الكثير عن حالتك الصحية العامة. هناك العديد من عادات النظافة الفموية التي يمكن أن تمنع مشاكل الفم مثل تسوس الأسنان ، رائحة الفم الكريهة ، جفاف الفم ، إلخ.</p>\n<h3 id=\"a2\" class=\"template-subtitle\">عادات نظافة الفم</h3>\n<p class=\"paragraph-medium paragraph-black template-p\">لنظافة الفم السيئة آثار سلبية على صحتك ، لكنها عادة ما تعتبر أمراً مفروغاً منه. علاج الأسنان مكلف. لذلك ، من الصعب عليك العناية بأسنانك قبل فوات الأوان. إذا كنت تعاني من آلام الأسنان ، فلا تأجيل رؤية طبيب الأسنان. حاول أيضًا اتباع عادات نظافة الفم للحفاظ على صحة أسنانك والحد من أمراض الفم:</p>\n<ul class=\"template-ul\">\n<li>فرش أسنانك مرتين في اليوم (مع معجون الأسنان بالفلورايد)</li>\n<li>لا تنس الخيط</li>\n<li>الحد من تناول السكر</li>\n<li>اتباع نظام غذائي متوازن</li>\n<li>جدولة الفحوصات الدورية للأسنان</li>\n</ul>\n<h3 id=\"a3\" class=\"template-subtitle\"><span style=\"font-size: 18.72px;\">لماذا ايران؟</span></h3>\n<p class=\"paragraph-medium paragraph-black template-p\">قد ترغب في النظر إلى إيران كوجهة سياحية لأسنانك للأسباب التالية:</p>\n<ul class=\"template-ul\">\n<li>أسعار معقولة (نفس الإجراءات ستكلف أعلى بكثير في الولايات المتحدة)</li>\n<li>أطباء الأسنان ذوي الخبرة العالية</li>\n<li>عيادات مجهزة تجهيزا جيدا</li>\n<li>الضيافة الإيرانية التي تعتبر عادة أفضل جزء من السفر إلى إيران</li>\n</ul>\n<h3 id=\"a4\" class=\"template-subtitle\">أمراض الفم</h3>\n<p class=\"paragraph-medium paragraph-black template-p\">تحتاج إلى رعاية أسنانك ؛ خلاف ذلك ، تعاني إحدى مشكلات الأسنان المذكورة أدناه ، وهو أمر غير مفاجئ إذا أخذنا في الاعتبار عدد المرات التي نستخدم فيها أفواهنا وأسناننا يوميًا لتناول أنواع مختلفة من الأشياء</p>\n<ul class=\"template-ul\">\n<li><strong>تسوس الأسنان : </strong>التجاويف التي تعرف أيضًا باسم \"تسوس الأسنان\" هي أجزاء من الأسنان تالفة وقد توجد بها ثقوب فيها. نتيجة لذلك ، ستكون أسنانك حساسة عندما يكون لديك مشروب ساخن أو بارد أو حلو. طريقة واحدة لتقليل عدد البكتيريا واللوحة في فمك هي تنظيف أسنانك بالفرشاة والخيط بانتظام.</li>\n<li><strong>التهاب اللثة : </strong>يحدث التهاب اللثة أو أمراض اللثة بسبب سوء عادات صحة الفم. في هذا المرض ، تكون اللثة حمراء ومنتفخة وقد تنزف عند تنظيف أسنانك.</li>\n<li><strong>اللثة : </strong>إذا لم تعالج التهاب اللثة ، فقد يؤدي إلى التهاب اللثة وهو مرض اللثة أكثر خطورة.</li>\n</ul>\n<h3 id=\"a5\" class=\"template-subtitle\">علاج مشاكل الأسنان</h3>\n<p class=\"paragraph-medium paragraph-black template-p\">ترتبط صحة الأسنان بالصحة العامة ويمكن أن تساعدك على الحفاظ على صحة الجسم. يمكن أن تؤدي بكتيريا الفم إلى أمراض القلب والولادة المبكرة ، إلخ. لذلك ، من الضروري علاج أمراض الفم في أقرب وقت ممكن. أيضًا ، هناك عدد من الأشياء التي يمكنك القيام بها لجعل أسنانك تبدو أفضل والتي سنقدم لك وصفًا موجزًا لأهمها</p>\n<ul class=\"template-ul\">\n<li><strong>الحمالات و الخدم : </strong>إذا كانت أسنانك ملتوية وترغب في الحصول على ابتسامة جميلة المظهر ، يمكن أن يساعد أخصائي تقويم الأسنان في تقويم أسنانك باستخدام الأقواس والمحفزات.</li>\n<li><strong>تبييض الأسنان : </strong>تبييض الأسنان يمكن أن يخفف اللون الطبيعي لأسنانك. بالطبع ، توجد بعض طرق تبييض الأسنان مثل استخدام معجون أسنان مبيض يمكنك تطبيقه في المنزل. لكن بالنسبة للطرق الاحترافية ، من الأفضل أن تدع طبيب الأسنان يقوم بهذه المهمة.</li>\n<li><strong>تنظيفات :</strong> يصعب الوصول إلى بعض الأجزاء في فمك وقد يبقى بعض الجير أو البلاك على أسنانك أثناء التنظيف أو التنظيف بالخيط. التنظيف يمكن أن يزيل أي بقايا متبقية بين أسنانك.</li>\n<li><strong>الحشوات والتيجان :</strong> إذا كان لديك ثقب أو تشقق أو تجويف في السن ، يمكنك إصلاح التلف باستخدام حشوة. أيضًا ، سيستخدم طبيب الأسنان تاجًا لملء الفجوة حيث انقطع جزء كبير من أسنانك وتحتاج إلى إزالتها. في معظم الحالات ، يمكن لهذه العملية أن تحل مشكلتك ، ولكن في بعض الحالات النادرة التي تعاني من فرط الحمل المفرط أو الحد الأدنى ، قد تكون الجراحة حلاً أفضل.</li>\n<li><strong>زراعة الأسنان : </strong>إذا فقدت سنًا في حادث أو في أي مناسبات أخرى ، يمكن استخدام عملية زرع لاستبدال السن المفقودة عن طريق وضعه في عظم الفك. بعد ذلك ، سيتم إضافة التاج الذي يناسب أسنانك الأخرى لإضفاء مظهر أكثر طبيعية</li>\n</ul>\n</div>','2019-08-30 08:42:46','2019-08-30 08:42:46'),(753,'categories','excerpt',55,'ar','هل تعلم أن كلمة \"البلاستيك\" في الجراحة التجميلية تأتي من الكلمة اليونانيه plastikos\"\" التي تعني \"فن النمذجة\" وليس لها أي علاقة بالبلاستيك (المواد الاصطناعية) التي ربما تكون في ذهنك؟ يمكن إجراء الجراحة التجميلية لأسباب تجميلية / جمالية أو لإعادة بناء جزء من الجسم.','2019-08-30 10:31:38','2019-08-30 10:31:38'),(754,'categories','body',55,'ar','<div id=\"template-content\" class=\"mceTmpl\">\n<ul>\n<li><a href=\"#a1\">ما هي الجراحة التجميلية؟</a></li>\n<li><a href=\"#a2\">الجراحه الترمیمیه&nbsp;</a></li>\n<li><a href=\"#a3\">لماذا ايران؟</a></li>\n</ul>\n<h3 id=\"a1\" class=\"template-subtitle\">ما هي الجراحة التجميلية؟</h3>\n<p class=\"paragraph-medium paragraph-black template-p\">هل تعلم أن كلمة \"<strong>البلاستيك</strong>\" في الجراحة التجميلية تأتي من الكلمة اليونانيه <strong>plastikos</strong>\"\" التي تعني \"<strong>فن النمذجة</strong>\" وليس لها أي علاقة بالبلاستيك (المواد الاصطناعية) التي ربما تكون في ذهنك؟ يمكن إجراء الجراحة التجميلية لأسباب تجميلية / جمالية أو لإعادة بناء جزء من الجسم.</p>\n<h3 id=\"a2\" class=\"template-subtitle\">الجراحه الترمیمیه&nbsp;<a class=\"imp\" href=\"https://medtouriran.com/en/blogs/9/what-is-reconstructive-surgery\">قراءة المزيد</a></h3>\n<p class=\"paragraph-medium paragraph-black template-p\">تهدف الجراحة الترميمية إلى إصلاح العيوب وتحسين أداء جسمك مثل:</p>\n<ul class=\"template-ul\">\n<li>إزالة الورم</li>\n<li>جراحة اليد</li>\n<li>حرق جراحة</li>\n</ul>\n<h3 id=\"a3\" class=\"template-subtitle\">الجراحة التجميلية<a class=\"imp\" href=\"https://medtouriran.com/en/blogs/10/what-is-cosmetic-surgery\">قراءة المزيد</a></h3>\n<p class=\"paragraph-medium paragraph-black template-p\">تهدف <strong>الجراحة التجميلية</strong> إلى تحسين المظهر العام وإزالة علامات الشيخوخة ويتم ذلك طوعًا. لمجرد استخدام كلمة \"جراحة\" في هذه العملية ، فهذا لا يعني بالضرورة أنها تنطوي على قطع جزء من الجسم. البوتوكس هو مثال جيد من هذا النوع. تشمل الإجراءات التجميلية الأكثر شيوعًا ما يلي:</p>\n<ul class=\"template-ul\">\n<li>عملية تجميل الأنف (وظيفة الأنف)<a class=\"imp\" href=\"https://medtouriran.com/ar/procedures/43/rhinoplasty\">قراءة المزيد</a></li>\n<li>شد الوجه (تأخير علامات الشيخوخة المرئية)</li>\n<li>تعزيز الثدي جراحة المفاصل (جراحة الذقن)<a class=\"imp\" href=\"https://medtouriran.com/ar/procedures/16/breast-surgery\">قراءة المزيد</a></li>\n<li>الليزر الجلد الظهور</li>\n<li>شفط الدهون (إزالة الدهون)<a class=\"imp\" href=\"https://medtouriran.com/ar/procedures/52/liposuction\">قراءة المزيد</a></li>\n<li>البوتوكس</li>\n<li>إزالة الشعر بالليز</li>\n</ul>\n<h3 id=\"a4\" class=\"template-subtitle\">لماذا ايران؟</h3>\n<p class=\"paragraph-medium paragraph-black template-p\">وفقا لكثير من الناس ، فإن إيران هي أفضل بلد يخضع لجراحة تجميل في الشرق الأوسط. وبالتالي ، فإن المسافرين في الشرق الأوسط غالباً ما يتوجهون إلى إيران لشفط الدهون ، تجميل الأنف وأنواع أخرى من الجراحة التجميلية. في الواقع ، أصبحت إيران مرجعًا للجراحة التجميلية في الشرق الأوسط وتجذب السياح من جميع أنحاء العالم. تشير التقديرات إلى إجراء أكثر من 30000 عملية جراحية تجميلية سنوياً في البلاد. من أين تعتقد أن هذا الطلب المرتفع يأتي من؟</p>\n<ul class=\"template-ul\">\n<li><strong>الأطباء المهرة : </strong>يلعب اختيار أفضل جراح تجميل دورًا مهمًا وحاسمًا في الجراحة ويؤدي إلى نتائج إيجابية. يتم تدريب الأطباء الإيرانيين في أفضل الجامعات الطبية في البلاد. بفضل مجموعة مهارات الجراح الإيراني الفريدة وأحدث التقنيات الطبية في المنشآت ذات المستوى العالمي ، يقومون بأكثر من 30،000 عملية جراحية في السنة.<a class=\"imp\" href=\"https://medtouriran.com/ar/services/doctors\">مزيد من المعلومات</a></li>\n<li><strong>منخفض التكلفة : </strong>الجراحة التجميلية عادة لا تغطيها التأمين. نتيجة لذلك ، يمكن أن تكون التكلفة شنيعة للغاية. ومع ذلك ، فإن أحد الأسباب الرئيسية لزيارة إيران لإجراء عملية جراحية هو أن تكلفة الجراحة التجميلية في إيران معقولة ويمكن أن يتوقع الناس توفير 60٪ على الأقل عند إجراء الجراحة التجميلية في إيران مقارنة بالدول الغربية. يشمل ذلك جميع نفقات السفر مثل تذاكر الطيران والفنادق والطعام أثناء الإقامة.</li>\n<li><strong>فترة انتظار منخفضة :&nbsp;</strong>عادة ما تكون أوقات انتظار الإجراءات في إيران غير موجودة. قارن هذا بالدول الغربية على سبيل المثال ، في كندا. يستغرق المريض حوالي 4 أسابيع للتشاور مع أخصائي ، في حين أن المرضى في إيران يمكنهم الوصول الفوري إلى أخصائي. يستخدم الكثير من الناس السياحة الطبية في إيران كخيار لإنجاز الإجراءات بشكل أسرع عندما يملون من أوقات الانتظار في بلدانهم الأصلية.</li>\n<li><strong>الإجمالية : </strong>الخصوصية هي سبب آخر لجراحة التجميل بعيدا عن المنزل. معظمنا لا يرغب في الركض إلى جيراننا أثناء الشفاء. في إيران ، سوف تكون قادرًا على الانتعاش في سلام والقيام ببعض المعالم السياحية في المدينة.</li>\n</ul>\n</div>','2019-08-30 10:31:38','2019-08-30 10:31:38'),(755,'video_reviews','title',1,'ar','جراحة العظام في إيران','2019-08-30 13:15:51','2019-09-02 00:18:29'),(756,'video_reviews','body',1,'ar','العلاج في إيران هو تجربة مختلفة للغاية للسياح الطبيين. مريضة تتحدث عن تجربتها من العلاج في طهران ، الذي قامت به شركة مدتورإيران.','2019-08-30 13:15:51','2019-09-02 00:18:29'),(757,'hotels','title',29,'ar','عيادة آرتا مشهد','2019-08-31 00:16:49','2019-08-31 00:21:21'),(758,'hotels','slug',29,'ar','ayadh-aarta-mshhd','2019-08-31 00:16:49','2019-08-31 00:21:21'),(759,'hotels','description',29,'ar','<p style=\"direction: rtl;\">عیادة آرتا التخصصیة لعلاج امراض الجلد و زراعة الشعر، التی تشتمل علی کاور طبی ذی الخبرة العالیة و اجهزة حدیثة، و من العلاجات التی تتبع فی هذا المرکز:</p>\n<p style=\"direction: rtl;\">1- حجز الموعد امراض الجلد، الشعر و الظفر بواسطة متخصصی هذا المرکز</p>\n<p style=\"direction: rtl;\">2- الاستشارة فی مجال تجمیل الجلد (البشرة) و زیادة حیویتها.</p>\n<p style=\"direction: rtl;\">3- مجض و علاج فوری لامراض شائعة جلدیة. من بینها الحایة، لیکن پلان، پسوریازیس(الصدفیة) و یتلیجو و آکنه(بثورات)، تساقط الشعر، سرطانات جلدیة، الستعانة با الامکانیات التالیة:</p>\n<p style=\"direction: rtl;\">اخذ العینات، کرای تراپی( الهلاج بالبرودة) ، الحقن فی جوف الضائعة، انواع بیلینک، العملیات الجراحیة السریعة، و التجمیلیة، عملیات العملیات الجراحیة لعلاج السرطانات الجلدیة.</p>\n<p style=\"direction: rtl;\">4- اخذ العلاجات اللازمة لازالة زوائد البثور، والحرقة، و الثرثرة.</p>\n<p style=\"direction: rtl;\">5- زراعة الشعر</p>\n<p style=\"direction: rtl;\">6- اسخدام انواع اللیزر لایجاد الحیویة و نضادة الجلد، ازالة الشعور الذائدة و والوشم(تتو) و علاج انواع الوشم، و النمش، وشد الوجه، و الزوائد العروقیة، و بیجمنت</p>\n<p style=\"direction: rtl;\">7- شد الوجه و العنق بتردینبج</p>\n<p style=\"direction: rtl;\">8- حق الدهون،بوتوکس، بی آربی، و میکرودرم، مزوترابی</p>\n<p style=\"direction: rtl;\">9- کربوکسی ترابی</p>\n<p style=\"direction: rtl;\">10- حفرة الوجه</p>','2019-08-31 00:22:46','2019-08-31 00:22:46'),(760,'hotels','title',30,'ar','عيادة شابرك طلايي مشهد','2019-08-31 00:28:30','2019-08-31 00:30:45'),(761,'hotels','description',30,'ar','<p>عیادة شابرک التخصصیة لفحص امراض الجلد و الشعر، و هی تحوی فی ضمنها اطباء دوی خبرة&nbsp; عالیة و کما تحظی باجهزه حدیثة فی عملیة العلاج.</p>\n<p>ومن اعلاجات التی تتع فی هذا المرکز</p>\n<p>1- ابدومینوبلاستی</p>\n<p>2- اتوبلاستی(لازالة امراض الانف التجمیلیة.</p>\n<p>3- بلفاروبلاستی (السلوب جراحی تخصصی و مفید لازالة ارتخاء الجفون العلیا اوالسفلی.</p>\n<p>4- تصحیح (بیروتز) (زیادة الحجم ، و ازالة الارتخاء)</p>\n<p>5- ترولیفت( شد بشرة مع وضع خیوط جاذبة الوجه تحت البشرة)</p>\n<p>6- لابیابلاستی، اصلاح عدم التعادل و ازالة تجاعید لابیا.</p>\n<p>7-  لیفت الوجه ( ازالة الدهون الزائدة، تقویة العضلات التحتانیة و شد بشرة الوجه و العنق)</p>\n<p>8- ماموبلاستی و علاج جنیکوماستی</p>\n<p>9- النحت ( واحد من العملیات الجراحیة القویة تکسب البطن حیویته و نضادته</p>\n<p>10- استخدام co2 فرکشنال( قدرة اللیزر الاعجازیة فی ازالة البثور، التجاعید السطحیة و الجلدیة).</p>\n<p>11- لیزر واجینال ( تشبیب المهبل و تشفیفه و ازالة ارتخاء المهبل)</p>\n<p>12- کندلا( احدث جهاز اللیزر الکس علی المتوی العالمی، مصنوع امیرکا</p>\n<p>13- مزوترابی ( حقن الفیتامین، الادویة و الهرمونات فی قشرة الجلد الویطی)</p>\n<p>14- کرایوترابی ( ازالة الوشع ، شولول، و الروائد الجلدیة بواسطة نیتروجن السائل)</p>\n<p>15- ساب سیژن: ازالة اثر البثور و الصفات تحت الجلد فی جلسة واحدة</p>\n<p>16- هایفوترابی( اللطاقة مافوق الصوت للیفت (اشد) و احکام الجلد</p>\n<p>17-  میکروکارنت( آبادیس و زیادة الکریمات العلاجیة فی الوجه عن طریق الامواج الالکترونسیة.</p>\n<p>18- استخدام RF فرکشنال ( ازالة التجاعید و منافذ الجلد)</p>\n<p>19- اجزیلر الوجه ( لیفت و تشبیب و لیفت (اشد) بشرة الوجه.</p>\n<p>20- کربوکسی ترابی ( حقن دی اکسید کربن تحت الجلد، لازالة التوتر الموجود، فی جوانب و الخطوط الناشئة عن العمل</p>\n<p>21- اولتراتون الوجه</p>\n<p>22- میکرودرم- هیدرودرم ( تنظیف الجلد التخصصی و عملیة التشقیة</p>\n<p>23- حقن الجیل</p>\n<p>24- رینوبلاستی( عملیة جراحیة لتجمیل الانف)</p>\n<p>25- زراعة الشعر</p>\n<p>26- زراعة الشعر الطبیعی علی اساس الاتحاد الدولیة للزراعة.ISHRS</p>\n<p>27- مزوترابی للشعر</p>\n<p>28- مزوبیشا، الدواء الامریکی لتنمیة الشعور الضعیفة</p>\n<p>&nbsp;</p>','2019-08-31 00:28:30','2019-08-31 00:30:45'),(762,'hotels','slug',30,'ar','shaparak-talei-mashhad','2019-08-31 00:28:30','2019-08-31 00:30:45'),(763,'hotels','title',31,'ar','عيادة تنديس سلامت','2019-08-31 00:40:18','2019-08-31 00:41:37'),(764,'hotels','description',31,'ar','<p>عیادة تندیس سلامت للتجمیل بدأ نشاطها فی مجال علاج أمراض الجلد و الشعرو، اجرائات تعدیلیة و تجمیلیة علیها، علی أیدی أطباء اخصائیین، و جراحی الجلد و الشعر و عملیة التجمیل، و ذلک من خلال الاستعانة بأجهزة حدیثة و تقنیات ممتازة و من خدمات هذه العیادة فیمایلی.</p>\n<p>1. (خدمات حجز الموعد)</p>\n<p>2. (زراعة و اصلاح الشعر)</p>\n<p>3. (زراعة و اصلاح الحیة)</p>\n<p>4. (زراعة الحاجب)</p>\n<p>5. (لیبوساکشن للبطن و الخاصرة)</p>\n<p>6. (لیبوماتیک الدبر و الفخذ)</p>\n<p>7. (عملیة التجمیل للجفن العلیا و السفلی)</p>\n<p>8. (حقن الدهون فی کل من الوجه، و الایدی، و الثری و العجیزة)</p>\n<p>9. (حقن فیلر، بوتیکس، PRP)</p>\n<p>10. (حقن مزو فی کل ناحیة)</p>','2019-08-31 00:40:18','2019-08-31 00:41:37'),(765,'hotels','slug',31,'ar','clinic-tandis-salamat','2019-08-31 00:40:18','2019-08-31 00:40:18'),(766,'doctors','name',17,'ar','الدكتور وحيد سنجري','2019-08-31 00:53:50','2019-08-31 01:18:42'),(767,'doctors','about',17,'ar','الدكتور وحيد سنجري متخصص في الأمراض الجلدية والتناسلية والشعرية والليزر. يقوم بإجراء العمليات التجميلية للمرضى الدولي في عيادة ارتا للجلد والشعر في مشهد. كما أنه يرأس مستشفى تشابهار للقوات الجوية ونائب رئيس قسم العلاج في قسم صحة الدفاع الجوي في شمال شرق البلاد.','2019-08-31 00:53:50','2019-10-30 19:37:35'),(768,'doctors','education',17,'ar','{\n    \"1\": {\n        \"name\": \"جامعة مشهد للعلوم الطبية\",\n        \"degree\": \"تخصص في الأمراض الجلدية\",\n        \"date\": \"2008\"\n    }\n}\n','2019-08-31 00:53:50','2019-10-30 19:41:50'),(769,'doctors','skills',17,'ar','\n{\n    \"1\": {\n        \"skill\": \"حقن الدهون\",\n        \"percent\": \"95\"\n    },\n\"2\": {\n        \"skill\": \"حقن الجل (الهلام) و البوتوكس\",\n        \"percent\": \"90\"\n    },\n  \"3\": {\n        \"skill\": \"زرع الشعر\",\n        \"percent\": \"95\"\n    },\n  \"4\": {\n        \"skill\": \"إستشارة عملیات التجمیل\",\n        \"percent\": \"95\"\n    }\n}\n','2019-08-31 00:53:50','2019-08-31 01:17:42'),(771,'categories','slug',61,'ar','male-fertility','2019-08-31 06:15:56','2019-08-31 06:15:56'),(772,'categories','title',61,'ar','علاج العقم عند الرجال ','2019-08-31 06:15:56','2019-08-31 06:15:56'),(773,'categories','slug',59,'ar','shd-albtn','2019-08-31 06:16:24','2019-08-31 06:25:31'),(774,'categories','title',59,'ar','شد البطن ','2019-08-31 06:16:24','2019-08-31 06:25:31'),(775,'categories','excerpt',59,'ar','عملية شد البطن هي عملية جراحية تجميلية تستخدم لإزالة الدهون الزائدة في البطن لتشديد عضلات ولفافة جدار البطن. يستخدم هذا النوع من الجراحة عادة في المرضى الذين يعانون من أنسجة فضفاضة أو ضعيفة بعد الحمل أو بعد فقدان الوزن بشكل كبير. يمكن أن يلعب الميراث والوراثة أيضًا دورًا في تثبيت البطن. يتم إجراء عملية تجميل البطن في نطاقات مختلفة وغالبًا ما تنقسم إلى عدة فئات. بناءً على مدى الجراحة ، يمكن أن تستغرق عملية جراحية كاملة للبطن من 1 إلى 5 ساعات. تستغرق العمليات الجراحية البطنية الجزئية ما بين ساعة إلى ساعتين. بعد هذه الجراحة ، يجب على الجراح عمل فتحة جديدة للسرة.','2019-08-31 06:25:31','2019-08-31 06:25:31'),(776,'categories','body',59,'ar','<div id=\"template-content\" class=\"mceTmpl\">\n<ul>\n<li><a href=\"#a1\">شد ونحت البطن والخصر&nbsp;</a></li>\n<li><a href=\"#a2\">هذه الجراحه مناسبه لأشخاص معينين :</a></li>\n<li><a href=\"#a3\">الأستعداد لعملية نحت الجسم :</a></li>\n<li><a href=\"#a4\">كيفية القيام بعملية نحت الجسم :</a></li>\n<li><a href=\"#a5\">الرعاية بعد اجراء العملية :</a></li>\n</ul>\n<h3 id=\"a1\" class=\"template-subtitle\"><span style=\"font-size: 18.72px;\">شد ونحت البطن والخصر&nbsp;</span></h3>\n<p class=\"paragraph-medium paragraph-black template-p\">عملية <strong>شد البطن</strong> هي عملية جراحية تجميلية تستخدم لإزالة الدهون الزائدة في البطن لتشديد عضلات ولفافة جدار البطن. يستخدم هذا النوع من الجراحة عادة في المرضى الذين يعانون من أنسجة فضفاضة أو ضعيفة بعد الحمل أو بعد فقدان الوزن بشكل كبير. يمكن أن يلعب الميراث والوراثة أيضًا دورًا في تثبيت البطن. يتم إجراء عملية تجميل البطن في نطاقات مختلفة وغالبًا ما تنقسم إلى عدة فئات. بناءً على مدى الجراحة ، يمكن أن تستغرق عملية جراحية كاملة للبطن من 1 إلى 5 ساعات. تستغرق العمليات الجراحية البطنية الجزئية ما بين ساعة إلى ساعتين. بعد هذه الجراحة ، يجب على الجراح عمل فتحة جديدة للسرة.</p>\n<p class=\"paragraph-medium paragraph-black template-p\">تختلف تكلفة جراحة شد البطن من بلد إلى آخر ويمكن أن تختلف حتى داخل مناطق البلد. نظرًا لأن تكلفة العديد من العمليات الجراحية التجميلية تعتمد على عوامل مختلفة مثل عمر المريض والوزن والحالة الصحية للفرد ، تعتمد هذه الجراحة أيضًا على تكاليف ما بعد الجراحة الأخرى. يتم تضمين الرعاية قبل الجراحة وبعدها ، وتكاليف المعدات ، وأجور الجراح ، والتخدير ، والأدوية الموصوفة.</p>\n<h3 id=\"a2\" class=\"template-subtitle\">هذه الجراحه مناسبه لأشخاص معينين :</h3>\n<p class=\"paragraph-medium paragraph-black template-p\">ليس كل الأشخاص الذين يعانون من السمنة المفرطة والذين يخضعون لجراحة في البطن مناسبون دائمًا لجراحة نحت البطن. يوصى عادة بهذه الجراحة للأشخاص الذين يعانون من الدهون الزائدة في البطن مع الجلد المترهل ، والتي ينبغي أن تشمل أيضًا:</p>\n<ul class=\"template-ul\">\n<li>أن تكون بصحة جيدة جسديًا ولا تعاني من زيادة خطر الإصابة بالأمراض الجراحية مثل أمراض القلب أو السكري أو الربو&nbsp;</li>\n<li>لها وزن ثابت&nbsp;</li>\n<li>لا تنوي الحمل في المستقبل&nbsp;</li>\n<li>لديك توقعات واقعية من النتائج الجراحية.</li>\n<li>لديهم تاريخ من الحمل والولادة المتعددة&nbsp;</li>\n<li>فقدت مرونة بسبب الشيخوخة.</li>\n<li>إنهم يخجلون من كونهم أكبر من اللازم على البطن وتحت الضغط</li>\n<li>لا تكن مدخنا.</li>\n</ul>\n<h3 id=\"a3\" class=\"template-subtitle\">الأستعداد لعملية نحت الجسم :</h3>\n<p class=\"paragraph-medium paragraph-black template-p\">قبل أي عملية جراحية ، خاصة الجراحة التجميلية ، يجب عليك استشارة جراح يتمتع بسمعة طيبة وذوي الخبرة والحصول على المشورة اللازمة. دون الوعي والفهم للآثار الجانبية المحتملة والمخاطر ، لا ينبغي أن تقرر. عملية شد البطن هي عملية شخصية لا يمكن لأحد أن يتخذ القرار النهائي ويتحملها. يمكن جعل هذا الخيار المخصص بالكامل أسهل بمساعدة الجراحين ودعم من حولك. في الزيارة الأولى ، يطرح الجراح أولاً أسئلة لتقييمها ، بالإضافة إلى فحص الحالة الصحية للشخص ، حالته المزاجية وأهدافه لإجراء العملية .</p>\n<h3 id=\"a4\" class=\"template-subtitle\">كيفية القيام بعملية نحت الجسم :</h3>\n<p class=\"paragraph-medium paragraph-black template-p\">بعد اتخاذ الخطوات اللازمة لتخديره وإعداده لهذه الجراحة الضخمة ، يبدأ عملية جراحية عن طريق توصيل جهاز رصد معدل ضربات القلب والنبض وجهاز التنفس الصناعي. أولاً ، يتم إجراء شق كبير من مفصل الورك إلى الورك مباشرة فوق منطقة الزهار. ثم يتم إجراء قطع آخر حول السرة وحول البطن لإزالة الجلد الزائد والدهون. يساعد تمديد بشرة جدار البطن والخيوط وإصلاح العضلات الضعيفة على تقليل البطن. غالبًا ما يستخدم شفط الدهون لتصحيح وإزالة الدهون الزائدة في البطن. عند الانتهاء من الجراحة ، يتم خلع الملابس وإدخال تصريف لإزالة أي سوائل زائدة من البطن. تتضمن عملية شد البطن الكاملة شفط الدهون في البطن والورك. في جراحة رأب البطن الجزئية ، يتم إجراء شق أصغر ، ويكون الجلد والدهون في أسفل البطن أضيق من رباط العضلات. تمدد الجلد السفلي من البطن وتتم إزالة الجلد الزائد. في بعض الأحيان يصبح جزء من جدار عضلات البطن أضيق. المنطقة المتبقية هي خياطة تماما. تتم إزالة حوالي 100 سنتيمتر مربع من الجلد أثناء عملية شفط الدهون مجتمعة. بطريقة أكثر تطورا ، والتي تستغرق ما يزيد قليلا عن أربع ساعات ونصف. في خط عمودي وأفقي تتم إزالة الدهون الزائدة. نتيجة لذلك ، سيكون البطن مسطحًا بشكل كبير.</p>\n<p class=\"paragraph-medium paragraph-black template-p\">في طريقة أخرى ، يتم إجراء عملية تجميل البطن المصغرة مع شق صغير حول السرة لإزالة الجلد الزائد والدهون ، ويتم إزالة السرة مؤقتًا وإدخالها بحوالي 1 إلى 2 سم. العضلات صلبة ويتم إصلاحها من القص إلى القص. يمكن أيضًا إجراء شفط الدهون لتحقيق أفضل النتائج.</p>\n<h3 id=\"a5\" class=\"template-subtitle\">الرعاية بعد اجراء العملية :</h3>\n<p class=\"paragraph-medium paragraph-black template-p\">عادة ما يستغرق المرضى من أسبوع إلى أربعة أسابيع لتحقيق الشفاء الجزئي. خلال هذا الوقت ، يُنصح الفرد باتخاذ تدابير محددة من شأنها مساعدته على الشفاء بشكل أسرع وتحقيق نتائج أفضل من الجراحة. تشمل هذه التدابير بعد جراحة البطن:</p>\n<ul class=\"template-ul\">\n<li>بسبب الألم في الأيام الثلاثة الأولى بعد الجراحة ، قد يصف الجراح مسكنات الألم والمسكنات&nbsp;</li>\n<li>يُمنع الراحة المطلقة والنوم اللاحق للعمليات الجراحية بسبب خطر تجلط الدم في الساقين ويجب أن يكون الشخص نشطا ويقوم بأعماله اليومية&nbsp;</li>\n<li>تناول أناناس أو كومبوت طازج يمكن أن يسرع عملية الشفاء&nbsp;</li>\n<li>الفاكهة والأسماك والروبيان مفيدة للغاية خلال هذا الوقت&nbsp;</li>\n<li>الإفراز النزفي من الجرح أمر طبيعي ولكن النزيف النشط يتطلب متابعة فورية ، خاصة في الأسبوعين الأولين بعد الجراحة&nbsp;</li>\n<li>يجب تجنب رفع جسم ثقيل اثناء فتره العلاج</li>\n<li>من الطبيعي أن تكون الكدمات والإزعاج اللاحق للعمليات الجراحية أمرًا طبيعيًا ، فمن خلال ارتداء ضمادة خاصة وبطن ممتد لمدة شهر ، يمكنها التحكم في كدمات وتورم المنطقة ودعم إصلاح أنسجة البطن. كما أنه فعال في تكوين الجلد الجديد في المنطقة المعالجة&nbsp;</li>\n<li>يجب تجنب جميع أشكال النيكوتين لمدة شهر أو أكثر قبل الجراحة وكذلك خلال فترة الشفاء&nbsp;</li>\n<li>يجب أن يقلل من تناول الملح على أسبوعين على الأقل بعد الجراحة&nbsp;</li>\n<li>من الضروري القيام بزيارة متابعة في اليوم الثالث والأسبوع الأول بعد الجراحة لفحص منطقة الجرح والجرح. عادة ما يخرج الصرف في اليوم الثالث&nbsp;</li>\n<li>منطقة الجرح هي جرح أحمر بارز ، مع بطانة فضية رفيعة فقط مع الرعاية المناسبة. يستغرق التئام الجروح الكاملة من 3-6 أشهر حتى عام واحد. عادة ما يكون الجرح في الأيام الأولى بعد الجراحة جيدًا ولكن بمرور الوقت سوف يصبح أكثر وضوحًا وأحمر غامق وحتى أرجواني. ثم ، مع مرور الأشهر ، تبدأ في التلاشي. لكن الندبة ستبقى بشكل دائم تحت البطن</li>\n</ul>\n</div>','2019-08-31 06:25:31','2019-08-31 06:25:31'),(777,'categories','excerpt',54,'ar','Breast Lift, also known as Mastopexy, is a cosmetic procedure aiming to raise sagging breasts. This procedure helps women feel more confident by reshaping their breasts for a more youthful look. Sagging breasts can be caused by aging, weight loss, or breastfeeding. The difference between a breast lift and a breast reduction is that in a breast lift surgery only excess tissue is removed. You should with a plastic surgeon to decide which one is best for you but sometimes both surgeries are done together. ','2019-08-31 06:41:34','2019-08-31 06:41:34'),(778,'categories','body',54,'ar','<div id=\"template-content\" class=\"mceTmpl\">\n<ul>\n<li><a href=\"#a1\">Breast Lift Definition</a></li>\n<li><a href=\"#a2\">Good Candidates for Breast Lift</a></li>\n<li><a href=\"#a3\">Breast Lift Alternatives (Non-Surgical Breast Lift)</a></li>\n<li><a href=\"#a4\">Breast Lift Risks and Complications</a></li>\n<li><a href=\"#a5\">Breast Lift Preparations</a></li>\n<li><a href=\"#a6\">Breast Lift Options</a></li>\n<li><a href=\"#a7\">Recovery from Breast Lift</a></li>\n<li><a href=\"#a8\">Breast Lift Costs</a></li>\n</ul>\n<h3 id=\"a1\" class=\"template-subtitle\">Breast Lift Definition</h3>\n<p class=\"paragraph-medium paragraph-black template-p\"><strong>Breast Lift</strong>, also known as <strong>Mastopexy</strong>, is a cosmetic procedure aiming to raise sagging breasts. This procedure helps women feel more confident by reshaping their breasts for a more youthful look. Sagging breasts can be caused by aging, weight loss, or breastfeeding. The difference between a <strong>breast lift</strong> and a <strong>breast reduction</strong> is that in a <strong>breast lift surgery</strong>, only excess skin is removed, however, in breast reduction, the actual breast tissue is removed. You should consult with a plastic surgeon to decide which one is best for you but sometimes both surgeries are done together.&nbsp;</p>\n<h3 id=\"a2\" class=\"template-subtitle\">Good Candidates for Breast Lift</h3>\n<p class=\"paragraph-medium paragraph-black template-p\">A <strong>breast lift</strong> might be right for you if:</p>\n<ul class=\"template-ul\">\n<li>You have sagging breasts</li>\n<li>Your nipples point downward</li>\n<li>You have uneven breasts or one is lower than the other</li>\n</ul>\n<p>Keep in mind that if you want to get pregnant, this surgery might not be right for you because pregnancy eliminate the effect of a <strong>breast lift</strong>.&nbsp;</p>\n<h3 id=\"a3\" class=\"template-subtitle\"><strong>Breast Lift Alternatives</strong> (Non-Surgical Breast Lift)</h3>\n<p class=\"paragraph-medium paragraph-black template-p\">There is a way to lift sagging breast without having surgery. This alternative procedure uses PRP (Platelet Rich Plasma) and radiofrequency waves to lift the breasts. This method is also known as a &lsquo;Vampire Breast Lift&rsquo;, in which general anesthesia is not needed. Also, there is no downtime. This approach will increase breast and nipple sensitivity, reduce wrinkles, and it will lift sagging breasts without any surgery. For optimal results, a vampire breast lift is combined with Microneedling or laser resurfacing.&nbsp;</p>\n<h3 id=\"a4\" class=\"template-subtitle\">Breast Lift Risks and Complications</h3>\n<p class=\"paragraph-medium paragraph-black template-p\">All major surgeries have risks and a breast lift is not an exception. Some of this surgeries risks are:</p>\n<ul class=\"template-ul\">\n<li>Scarring. The scars will fade over time but will not disappear completely. However, the scars can become thick and wide due to poor healing.</li>\n<li>Difficulty breastfeeding</li>\n<li>Asymmetrical breasts</li>\n<li>Changes in nipple or breast sensation</li>\n<li>Bleeding</li>\n<li>Anesthesia risks</li>\n<li>Infection</li>\n</ul>\n<h3 id=\"a5\" class=\"template-subtitle\">Breast Lift Preparations</h3>\n<p class=\"paragraph-medium paragraph-black template-p\">During your consultation, your plastic surgeon will:</p>\n<ul class=\"template-ul\">\n<li>Review your medical history. Your surgeon will ask about your current and past medical conditions. You should notify your surgeon if you have a family history of breast cancer.</li>\n<li>Examine your breasts. Your doctor will examine your breasts to determine the best approach for your surgery.&nbsp;</li>\n<li>Talk to you about your expectations. You should talk about why you want to have this surgery and what you are hoping for as a result.</li>\n<li>Take photographs for your medical record.</li>\n</ul>\n<p>Also, before the surgery, you need to stop smoking and avoid taking certain medication like aspirin (because it can increase bleeding).</p>\n<h3 id=\"a6\" class=\"template-subtitle\">Breast Lift Options</h3>\n<p class=\"paragraph-medium paragraph-black template-p\">Depending on the patient&rsquo;s condition, there are three types of <strong>breast lift</strong>:</p>\n<ul class=\"template-ul\">\n<li><strong>Periareolar incision</strong>: This approach is best for those who have large areolas and minimal breast sagging.</li>\n<li><strong>Vertical breast reduction incision</strong>: This approach is more suitable for patients with moderate sagging in their breasts.</li>\n<li><strong>Inverted-T incision: </strong>This approach, in which the maximum breast lift is obtained is the most common one.</li>\n</ul>\n<h3 id=\"a7\" class=\"template-subtitle\">Recovery from Breast Lift</h3>\n<p class=\"paragraph-medium paragraph-black template-p\">During the first few days after the surgery, you can take painkillers that are recommended by your doctor to help with the pain. You might feel numb for up to six weeks. Your breasts will also swell and bruise, but these symptoms will subside after two weeks. Your surgeon might place small tubes at the incision sites to drain excess blood or fluid. The tubes are usually removed after a few days. If your surgeon hasn&rsquo;t used dissolvable stiches, you need to visit your doctor to have your stiches removed, usually 1-2 weeks after the surgery. Keep in mind that the results of a <strong>breast lift</strong> are not permanent because as you age, your skin becomes less elastic and sag.</p>\n<h3 id=\"a8\" class=\"template-subtitle\">Breast Lift Costs</h3>\n<p class=\"paragraph-medium paragraph-black template-p\">The cost of this cosmetic surgery starts from about $2100, $2900, $2300, $3000 and $3600 in India, Turkey, UK, Mexico and Thailand, respectively. The breast lift surgery costs averagely about $3300 in European countries. In Iran, this surgery is done at the same quality, but the cost of it starts from $1600.&nbsp;</p>\n</div>','2019-08-31 06:41:34','2019-09-08 08:11:14'),(779,'faqs','question',1,'ar','ما هو مدتورايران؟','2019-08-31 09:09:26','2019-11-08 13:57:06'),(780,'faqs','answer',1,'ar','<p class=\"MsoNormal\" dir=\"RTL\"><span lang=\"AR-IQ\" style=\"font-size: 16.0pt; line-height: 107%; font-family: \'Arial\',sans-serif; mso-ascii-font-family: Calibri; mso-ascii-theme-font: minor-latin; mso-hansi-font-family: Calibri; mso-hansi-theme-font: minor-latin; mso-bidi-language: AR-IQ;\">مدتورايران هي عبارة عن مركز لتيسير و توفير السياحة الطبية عبر الإنترنت<span style=\"mso-spacerun: yes;\">&nbsp; </span>لمواطني دول اخري للسفر إلى إيران والحصول على خدمات رعاية صحية عالية الجودة وبأسعار معقولة. في الوقت الحالي ، يعمل هذا المركز في طهران ومشهد وشيراز ، أكبر المدن في إيران. يوفر مركز مدتورايران جميع الخدمات التي يحتاجها المرضى الدوليون بما في ذلك التأشيرة ، الطيران ، النقل ، الإقامة ، الخدمات الطبية والتجميلية ، مشاهدة معالم المدينة والمتابعة بعد اجرائات طبيه.</span></p>','2019-08-31 09:09:26','2019-11-08 13:48:49'),(781,'faqs','question',2,'ar','ما هي الخدمات الطبية و التجميلة التي يتم تقديمها في مركز مدتورايران؟','2019-08-31 09:10:21','2019-11-08 13:49:57'),(782,'faqs','answer',2,'ar','<p class=\"MsoNormal\" dir=\"RTL\"><span lang=\"AR-IQ\" style=\"font-size: 16.0pt; line-height: 107%; font-family: \'Arial\',sans-serif; mso-ascii-font-family: Calibri; mso-ascii-theme-font: minor-latin; mso-hansi-font-family: Calibri; mso-hansi-theme-font: minor-latin; mso-bidi-language: AR-IQ;\">تشمل الخدماتنا الطبية : الأنف ,الأذن والحنجرة ، جراحة العظام ، العناية بالعيون ، العقم ، أمراض القلب ، صحة الأسنان ، الجراحاتنا التجميلية هي ، تجميل الأنف ، زرع الشعر ، جراحة شد البطن ، شفط الدهون ، جراحة الثدي<span style=\"mso-spacerun: yes;\">&nbsp; </span>يتم توفيرها في مدتورايران. انقر هنا لعرض قائمة من إجراءاتنا وانقر هنا لعرض مجموعاتنا الطبية والتجميلية. نوفر أيضًا علاجًا تكميليًا وطبًا بديلاً لمختلف الحالات المرضية التي يمكنك ملء نموذج الاتصال الخاص بنا في أسفل الصفحة إذا كنت بحاجة.</span></p>','2019-08-31 09:10:21','2019-11-08 13:49:57'),(783,'faqs','question',4,'ar','ما هي مميزاتكم لاختيار المراكز الطبية (العيادات والمستشفيات)؟','2019-08-31 10:08:08','2019-11-08 13:54:43'),(784,'faqs','answer',4,'ar','<ul>\n<li class=\"MsoNormal\" dir=\"RTL\" style=\"text-align: right;\"><span lang=\"AR-IQ\" style=\"font-size: 16.0pt; line-height: 107%; font-family: \'Arial\',sans-serif; mso-ascii-font-family: Calibri; mso-ascii-theme-font: minor-latin; mso-hansi-font-family: Calibri; mso-hansi-theme-font: minor-latin; mso-bidi-language: AR-IQ;\">أحدث البنية التحتية</span></li>\n<li class=\"MsoNormal\" dir=\"RTL\" style=\"text-align: right;\"><span lang=\"AR-IQ\" style=\"font-size: 16.0pt; line-height: 107%; font-family: \'Arial\',sans-serif; mso-ascii-font-family: Calibri; mso-ascii-theme-font: minor-latin; mso-hansi-font-family: Calibri; mso-hansi-theme-font: minor-latin; mso-bidi-language: AR-IQ;\">استخدام أحدث التقنيات</span></li>\n<li class=\"MsoNormal\" dir=\"RTL\" style=\"text-align: right;\"><span lang=\"AR-IQ\" style=\"font-size: 16.0pt; line-height: 107%; font-family: \'Arial\',sans-serif; mso-ascii-font-family: Calibri; mso-ascii-theme-font: minor-latin; mso-hansi-font-family: Calibri; mso-hansi-theme-font: minor-latin; mso-bidi-language: AR-IQ;\">مزود برعاية صحية ذو خبرة جيدة</span></li>\n<li class=\"MsoNormal\" dir=\"RTL\" style=\"text-align: right;\"><span lang=\"AR-IQ\" style=\"font-size: 16.0pt; line-height: 107%; font-family: \'Arial\',sans-serif; mso-ascii-font-family: Calibri; mso-ascii-theme-font: minor-latin; mso-hansi-font-family: Calibri; mso-hansi-theme-font: minor-latin; mso-bidi-language: AR-IQ;\">أحدث علم الأمراض ومختبر التشخيص</span></li>\n<li class=\"MsoNormal\" dir=\"RTL\" style=\"text-align: right;\"><span lang=\"AR-IQ\" style=\"font-size: 16.0pt; line-height: 107%; font-family: \'Arial\',sans-serif; mso-ascii-font-family: Calibri; mso-ascii-theme-font: minor-latin; mso-hansi-font-family: Calibri; mso-hansi-theme-font: minor-latin; mso-bidi-language: AR-IQ;\">الموظفين التعاونيين الداعمين الذين يمكنهم فهم اللغتين الإنجليزية والعربية.</span></li>\n<li class=\"MsoNormal\" dir=\"RTL\" style=\"text-align: right;\"><span lang=\"AR-IQ\" style=\"font-size: 16.0pt; line-height: 107%; font-family: \'Arial\',sans-serif; mso-ascii-font-family: Calibri; mso-ascii-theme-font: minor-latin; mso-hansi-font-family: Calibri; mso-hansi-theme-font: minor-latin; mso-bidi-language: AR-IQ;\">ضيافة ممتازة</span></li>\n<li class=\"MsoNormal\" dir=\"RTL\" style=\"text-align: right;\"><span lang=\"AR-IQ\" style=\"font-size: 16.0pt; line-height: 107%; font-family: \'Arial\',sans-serif; mso-ascii-font-family: Calibri; mso-ascii-theme-font: minor-latin; mso-hansi-font-family: Calibri; mso-hansi-theme-font: minor-latin; mso-bidi-language: AR-IQ;\">خطط ومرافق احتياطية لتلبية احتياجات الطوارئ - طاقة احتياطية كهربائية ، عدد كاف من الموظفين التنافسيين ، ترتيب الدم ، سيارة إسعاف ، مرافق المرافقين</span></li>\n<li class=\"MsoNormal\" dir=\"RTL\" style=\"text-align: right;\"><span lang=\"AR-IQ\" style=\"font-size: 16.0pt; line-height: 107%; font-family: \'Arial\',sans-serif; mso-ascii-font-family: Calibri; mso-ascii-theme-font: minor-latin; mso-hansi-font-family: Calibri; mso-hansi-theme-font: minor-latin; mso-bidi-language: AR-IQ;\">النظافة والبيئة الصحية</span></li>\n<li class=\"MsoNormal\" dir=\"RTL\" style=\"text-align: right;\"><span lang=\"AR-IQ\" style=\"font-size: 16.0pt; line-height: 107%; font-family: \'Arial\',sans-serif; mso-ascii-font-family: Calibri; mso-ascii-theme-font: minor-latin; mso-hansi-font-family: Calibri; mso-hansi-theme-font: minor-latin; mso-bidi-language: AR-IQ;\">موقع مناسب - سهولة الوصول إلى الوجهة التي تتمتع بسهولة الوصول إلى وجهة الأخرى مثل السوق. تقع في مكان هادئ بعيدا عن الضوضاء وتلوث حركة المرور.</span></li>\n<li class=\"MsoNormal\" dir=\"RTL\" style=\"text-align: right;\"><span lang=\"AR-IQ\" style=\"font-size: 16.0pt; line-height: 107%; font-family: \'Arial\',sans-serif; mso-ascii-font-family: Calibri; mso-ascii-theme-font: minor-latin; mso-hansi-font-family: Calibri; mso-hansi-theme-font: minor-latin; mso-bidi-language: AR-IQ;\">مراجعة بيانات اعتمادهم الدولية والمحلية والسريرية والخدمية.</span></li>\n<li class=\"MsoNormal\" dir=\"RTL\" style=\"text-align: right;\"><span lang=\"AR-IQ\" style=\"font-size: 16.0pt; line-height: 107%; font-family: \'Arial\',sans-serif; mso-ascii-font-family: Calibri; mso-ascii-theme-font: minor-latin; mso-hansi-font-family: Calibri; mso-hansi-theme-font: minor-latin; mso-bidi-language: AR-IQ;\">نقوم بزيارة المكان شخصيًا من وقت لآخر ونحن على اتصال دائم بالمنظمة وموظفيها للحصول على آخر التحديثات.</span></li>\n</ul>','2019-08-31 10:08:08','2019-11-08 13:54:43'),(785,'faqs','question',5,'ar','ما هو التحضير المطلوب قبل سفر العلاج الطبي؟','2019-08-31 10:10:02','2019-11-08 13:55:54'),(786,'faqs','answer',5,'ar','<p class=\"MsoNormal\" dir=\"RTL\" style=\"text-align: right;\"><span lang=\"AR-IQ\" style=\"font-size: 16.0pt; line-height: 107%; font-family: \'Arial\',sans-serif; mso-ascii-font-family: Calibri; mso-ascii-theme-font: minor-latin; mso-hansi-font-family: Calibri; mso-hansi-theme-font: minor-latin; mso-bidi-language: AR-IQ;\">هناك بعض معايير \"يجب أن تعرف\" والتي يجب تقييمها بعناية لضمان نتائج ناجحة والابتعاد عن السفر الطبي الكارثي. فيما يلي الإرشادات التي ستساعدك في الحصول على رحلة طبية ناجحة ومثمرة:</span></p>\n<p class=\"MsoListParagraphCxSpFirst\" dir=\"RTL\" style=\"text-indent: -0.25in; text-align: right;\"><!-- [if !supportLists]--><span style=\"font-size: 16.0pt; line-height: 107%; font-family: Symbol; mso-fareast-font-family: Symbol; mso-bidi-font-family: Symbol; mso-bidi-language: AR-IQ;\"><span style=\"mso-list: Ignore;\">&middot;<span style=\"font: 7.0pt \'Times New Roman\';\">&nbsp;&nbsp;&nbsp;&nbsp;&nbsp;&nbsp; </span></span></span><!--[endif]--><span lang=\"AR-IQ\" style=\"font-size: 16.0pt; line-height: 107%; font-family: \'Arial\',sans-serif; mso-ascii-font-family: Calibri; mso-ascii-theme-font: minor-latin; mso-hansi-font-family: Calibri; mso-hansi-theme-font: minor-latin; mso-bidi-language: AR-IQ;\">اختيار الوجهة</span></p>\n<p class=\"MsoListParagraphCxSpMiddle\" dir=\"RTL\" style=\"text-indent: -0.25in; text-align: right;\"><!-- [if !supportLists]--><span style=\"font-size: 16.0pt; line-height: 107%; font-family: Symbol; mso-fareast-font-family: Symbol; mso-bidi-font-family: Symbol; mso-bidi-language: AR-IQ;\"><span style=\"mso-list: Ignore;\">&middot;<span style=\"font: 7.0pt \'Times New Roman\';\">&nbsp;&nbsp;&nbsp;&nbsp;&nbsp;&nbsp; </span></span></span><!--[endif]--><span lang=\"AR-IQ\" style=\"font-size: 16.0pt; line-height: 107%; font-family: \'Arial\',sans-serif; mso-ascii-font-family: Calibri; mso-ascii-theme-font: minor-latin; mso-hansi-font-family: Calibri; mso-hansi-theme-font: minor-latin; mso-bidi-language: AR-IQ;\">اختيار المركز الطبي أو العيادة أو الطبيب. نعلمك بالتجربة العملية والخبرات العملية وشهادات المريض ونسبة نجاح الجراح المعني من خلال النقر على أطبائنا.</span></p>\n<p class=\"MsoListParagraphCxSpMiddle\" dir=\"RTL\" style=\"text-indent: -0.25in; text-align: right;\"><!-- [if !supportLists]--><span style=\"font-size: 16.0pt; line-height: 107%; font-family: Symbol; mso-fareast-font-family: Symbol; mso-bidi-font-family: Symbol; mso-bidi-language: AR-IQ;\"><span style=\"mso-list: Ignore;\">&middot;<span style=\"font: 7.0pt \'Times New Roman\';\">&nbsp;&nbsp;&nbsp;&nbsp;&nbsp;&nbsp; </span></span></span><!--[endif]--><span lang=\"AR-IQ\" style=\"font-size: 16.0pt; line-height: 107%; font-family: \'Arial\',sans-serif; mso-ascii-font-family: Calibri; mso-ascii-theme-font: minor-latin; mso-hansi-font-family: Calibri; mso-hansi-theme-font: minor-latin; mso-bidi-language: AR-IQ;\">التشاور مع خبراء الصحة لدينا.</span></p>\n<p class=\"MsoListParagraphCxSpMiddle\" dir=\"RTL\" style=\"text-indent: -0.25in; text-align: right;\"><!-- [if !supportLists]--><span style=\"font-size: 16.0pt; line-height: 107%; font-family: Symbol; mso-fareast-font-family: Symbol; mso-bidi-font-family: Symbol; mso-bidi-language: AR-IQ;\"><span style=\"mso-list: Ignore;\">&middot;<span style=\"font: 7.0pt \'Times New Roman\';\">&nbsp;&nbsp;&nbsp;&nbsp;&nbsp;&nbsp; </span></span></span><!--[endif]--><span lang=\"AR-IQ\" style=\"font-size: 16.0pt; line-height: 107%; font-family: \'Arial\',sans-serif; mso-ascii-font-family: Calibri; mso-ascii-theme-font: minor-latin; mso-hansi-font-family: Calibri; mso-hansi-theme-font: minor-latin; mso-bidi-language: AR-IQ;\">للتأكد من أن لديك جواز سفر موقّع وساري المفعول والتأشيرة المطلوبة. من الأفضل الحصول على بعض نسخ صفحة تعريف جواز السفر التي ستكون مفيدة للغاية في حالة فقدان جواز السفر أو سرقته.<span style=\"mso-spacerun: yes;\">&nbsp; &nbsp;</span></span></p>\n<p class=\"MsoListParagraphCxSpMiddle\" dir=\"RTL\" style=\"text-indent: -0.25in; text-align: right;\"><!-- [if !supportLists]--><span style=\"font-size: 16.0pt; line-height: 107%; font-family: Symbol; mso-fareast-font-family: Symbol; mso-bidi-font-family: Symbol; mso-bidi-language: AR-IQ;\"><span style=\"mso-list: Ignore;\">&middot;<span style=\"font: 7.0pt \'Times New Roman\';\">&nbsp;&nbsp;&nbsp;&nbsp;&nbsp;&nbsp; </span></span></span><!--[endif]--><span lang=\"AR-IQ\" style=\"font-size: 16.0pt; line-height: 107%; font-family: \'Arial\',sans-serif; mso-ascii-font-family: Calibri; mso-ascii-theme-font: minor-latin; mso-hansi-font-family: Calibri; mso-hansi-theme-font: minor-latin; mso-bidi-language: AR-IQ;\"><span style=\"mso-spacerun: yes;\">&nbsp;&nbsp;</span>للاحتفاظ بنسخ جواز السفر أو الصور الفوتوغرافية الممسوحة ضوئيًا أو صور فوتوغرافية والسجلات الطبية <span style=\"mso-spacerun: yes;\">&nbsp;&nbsp;</span>والتذاكر الورقية مع قائمة بأرقام الهواتف المهمة في حسابات البريد الإلكتروني.</span></p>\n<p class=\"MsoListParagraphCxSpLast\" dir=\"RTL\" style=\"text-indent: -0.25in; text-align: right;\"><span style=\"font-size: 16.0pt; line-height: 107%; font-family: Symbol; mso-fareast-font-family: Symbol; mso-bidi-font-family: Symbol; mso-bidi-language: AR-IQ;\"><span style=\"mso-list: Ignore;\">&middot;<span style=\"font: 7.0pt \'Times New Roman\';\">&nbsp;&nbsp;&nbsp;&nbsp;&nbsp;&nbsp; </span></span></span><!--[endif]--><span lang=\"AR-IQ\" style=\"font-size: 16.0pt; line-height: 107%; font-family: \'Arial\',sans-serif; mso-ascii-font-family: Calibri; mso-ascii-theme-font: minor-latin; mso-hansi-font-family: Calibri; mso-hansi-theme-font: minor-latin; mso-bidi-language: AR-IQ;\">لتنفيذ تقارير طبية كاملة / ملاحظات الأطباء ، وكذلك نسخة من جميع الوصفات الطبيب .</span></p>\n<p style=\"text-align: right;\">&nbsp;</p>\n<p style=\"text-align: right;\">&nbsp;</p>','2019-08-31 10:10:02','2019-11-08 13:56:22'),(787,'faqs','question',3,'ar','ماذا  أفعل إذا كان العلاج الذي أبحث عنه غير مذكور في النظام الأساسي الخاص بكم؟','2019-08-31 10:10:38','2019-11-08 13:51:02'),(788,'faqs','answer',3,'ar','<p class=\"MsoNormal\" dir=\"RTL\"><span lang=\"AR-IQ\" style=\"font-size: 16.0pt; line-height: 107%; font-family: \'Arial\',sans-serif; mso-ascii-font-family: Calibri; mso-ascii-theme-font: minor-latin; mso-hansi-font-family: Calibri; mso-hansi-theme-font: minor-latin; mso-bidi-language: AR-IQ;\">لقد ذكرنا فقط بعض العلاجات الشائعة وخىمات التجميلة في موقعنا. إذا لم يتم إجراء العلاج الذي تبحث عنه في موقعنا ، فنحن هنا لإرشادك لاختيار أفضل الخيارات الممكنة وفقًا لمتطلباتك وحالتك الطبية. يمكنك ملء نموذج الاتصال الخاص بنا وسيسمح لك زميلنا بمعرفة المزيد عن مختلف الإجراءات الطبية والتجميلية الأخرى.</span></p>\n<p class=\"MsoNormal\" dir=\"RTL\"><span lang=\"AR-IQ\" style=\"font-size: 16.0pt; line-height: 107%; font-family: \'Arial\',sans-serif; mso-ascii-font-family: Calibri; mso-ascii-theme-font: minor-latin; mso-hansi-font-family: Calibri; mso-hansi-theme-font: minor-latin; mso-bidi-language: AR-IQ;\">&nbsp;</span><span style=\"font-family: Arial, sans-serif; font-size: 16pt;\">نحن مقيمين على تقديم الخدمات الطبية بأسعار معقولة وممتازة. لقد اخترنا انتمائنا على أساس المعايير المذكورة أدناه.</span></p>','2019-08-31 10:10:38','2019-11-08 13:51:02'),(789,'categories','body',61,'ar','<div id=\"template-content\" class=\"mceTmpl\">\n<ul>\n<li><a href=\"#a1\">What is Infertility in Men?</a></li>\n<li><a href=\"#a2\">Varicocele</a></li>\n<li><a href=\"#a3\">Common Causes of Infertility</a></li>\n<li><a href=\"#a4\">Infertility Treatment</a></li>\n<li><a href=\"#a5\">Why Iran?</a></li>\n</ul>\n<h3 id=\"a1\" class=\"template-subtitle\">What is Infertility in Men?</h3>\n<p class=\"paragraph-medium paragraph-black template-p\">Male infertility refers to weakness in Male reproductive system and to those factors and problems associated with that. Male infertility can have many different causes, such as:</p>\n<h3 class=\"template-subtitle\">Varicocele</h3>\n<h3 id=\"a2\" class=\"template-subtitle\">Infertility symptoms</h3>\n<p class=\"paragraph-medium paragraph-black template-p\">In case you are diagnosed with Infertility (unable to conceive a child), you can get treatment. But first let&rsquo;s take a look at some of the symptoms that can help you to seek help earlier:</p>\n<ul class=\"template-ul\">\n<li><strong>Irregular menstrual periods :&nbsp;</strong>One of the signs which shows that a woman ovulates regularly is having regular menstrual periods (every 21 to 35 days). Ovulation of the egg is necessary for pregnancy. Therefore, if you&rsquo;re trying to conceive a baby and you have irregular menstrual cycles, do not wait until the 12th month and take action and see a doctor to find out the problem.</li>\n<li><strong>Women over 35 :&nbsp;</strong>As women age, they face decreasing in the number of eggs and it is less likely for an egg to be genetically normal. Accordingly, if a couple has been trying to have a baby for 6 months or more and the woman is over 35 years old, they&rsquo;d better be evaluated for infertility.</li>\n<li><strong>&nbsp;A history of sexually transmitted diseases :&nbsp;</strong>A sperm must cross the tubes in order to reach the ovulated egg and fertilize it. Therefore, open tubes are essential to get pregnant naturally. Sexually transmitted diseases such as gonorrhea, can damage fallopian tubes and prevent a proper conception. That is why if the woman has a history of pelvic infection, should get an immediate evaluation if the couple intends to conceive a child.&nbsp;</li>\n</ul>\n<h3 id=\"a3\" class=\"template-subtitle\">Common Causes of Infertility</h3>\n<ul>\n<li><strong>Delaying childbirth:</strong> As discussed previously, the number of eggs will diminish as a woman ages. A woman beyond the age of 45 is unlikely to get pregnant.</li>\n<li><strong>Endometrial polyps:</strong> Endometrial polyps can arise from the inner lining of the uterus and can decrease fertility. In some cases, if the doctor simply removes the polyp, your infertility will be solved.</li>\n<li><strong>&nbsp;Male factor infertility:</strong> If the abnormality of semen is confirmed, the guy should visit a reproductive urologist to get proper treatment.</li>\n<li><strong>Uterine fibroids:</strong> Fibroids are very common among women and have 3 types. Submucosal fibroids are the type that can reduce the chance of pregnancy and need to be treated so that the couple can have a baby.</li>\n</ul>\n<h3 id=\"a4\" class=\"template-subtitle\">Infertility Treatment</h3>\n<p class=\"paragraph-medium paragraph-black template-p\">Couples need to educate themselves about the symptoms of infertility so that they can recognize when to seek help. Aside from that, your doctor can suggest special treatments to aid conceiving a baby:</p>\n<ul class=\"template-ul\">\n<li><strong>Medications:</strong> In order to stimulate egg development and ovulation, your doctor may prescribe special pills or injections. You should use them as you&rsquo;re instructed to enhance the chance of conceiving a baby.</li>\n<li><strong>Insemination:</strong> Insemination is a method in which they take the sperm and prepare it for placement into the uterine cavity. In this case, there is a higher opportunity for the sperm to get closer to the ovulated egg. The man needs to be checked for sperm abnormality, otherwise, the sperm cannot swim and fertilize the egg.&nbsp;</li>\n<li><strong>In Vitro Fertilization:</strong> IVF means &ldquo;outside the body&rdquo; and the reason is that in this process, they collect eggs and fertilize them by sperm outside the body, in the laboratory. They check the eggs again after about 40 hours and if they are fertilized, they will be put back in the woman\'s uterus.&nbsp;</li>\n</ul>\n<h3 id=\"a5\" class=\"template-subtitle\">Why Iran?</h3>\n<p class=\"paragraph-medium paragraph-black template-p\">Aside from <strong>affordable prices</strong> for infertility treatment in Iran (compared to other countries), there are a number of other reasons that you&rsquo;d better consider visiting this country to find the best treatment awaiting you:</p>\n<ul class=\"template-ul\">\n<li>Advanced treatment for infertility</li>\n<li>Knowledgeable and experienced specialists</li>\n<li>Well-equipped hospitals and laboratories</li>\n<li>Beautiful attractions to visit while you are in the city</li>\n</ul>\n</div>','2019-09-03 04:36:22','2019-09-03 04:36:22'),(790,'categories','excerpt',34,'ar','تسمى الأذن الخارجية \"pinna\" او\"الصيوان \" و جراحة  الأذن االخارجية هي العملية الجراحية التي تصحح الصيوان في حال كانت بارزة أو إذا كان لديها أي تشوهات. يُعرف هذا الإجراء أيضًا باسم Otoplasty أو جراحة الأذن التجميلية. لا يؤثر هذا الإجراء على السمع لأن السمع يشمل الأذن الوسطى والداخلية. يتضمن هذا الإجراء إعادة تشكيل أو تغيير موضع الأذنين لجعلها أقل بروزًا وأكثر طبيعية. ضع في اعتبارك أن الآذان البارزة لا تعتبر حالة طبية ، ولكن إجراء هذه الجراحة قد يساعدك على الشعور بثقة أكبر .','2019-09-03 04:58:16','2019-09-03 04:58:16'),(791,'categories','body',34,'ar','<div id=\"template-content\" class=\"mceTmpl\">\n<ul>\n<li><a href=\"#a1\">ماهي جراحة الأذن او جراحة الأذن الخارجية ؟</a></li>\n<li><a href=\"#a2\">مخاطر جراحة الأذن والآثار الجانبية :</a></li>\n<li><a href=\"#a3\">أنواع تجميل الأذن المختلفة&nbsp;</a></li>\n<li><a href=\"#a4\">إجراءات جراحة الأذن&nbsp;</a></li>\n<li><a href=\"#a5\">تجميل الأذن غير الجراحي&nbsp;&nbsp;</a></li>\n<li><a href=\"#a6\">المرشحون لعمليات&nbsp; تجميل الأذن&nbsp;</a></li>\n<li><a href=\"#a7\">الاستعدادات لعملية الأذن&nbsp;</a></li>\n<li><a href=\"#a8\">الشفاء من جراحة الأذن&nbsp;</a></li>\n<li><a href=\"#a9\">لماذا تختار ايران لعملية الأذن ؟</a></li>\n<li><a href=\"#a10\">تكاليف جراحة الأذن التجميلية&nbsp;&nbsp;</a></li>\n</ul>\n<h3 id=\"a1\" class=\"template-subtitle\">ماهي جراحة الأذن او جراحة الأذن الخارجية ؟</h3>\n<p class=\"paragraph-medium paragraph-black template-p\">تسمى الأذن الخارجية \"<strong>pinna</strong>\" او\"<strong>الصيوان</strong> \" و جراحة&nbsp; الأذن االخارجية هي العملية الجراحية التي تصحح الصيوان في حال كانت بارزة أو إذا كان لديها أي تشوهات. يُعرف هذا الإجراء أيضًا باسم <strong>Otoplasty</strong> أو جراحة الأذن التجميلية. لا يؤثر هذا الإجراء على السمع لأن السمع يشمل الأذن الوسطى والداخلية. يتضمن هذا الإجراء إعادة تشكيل أو تغيير موضع الأذنين لجعلها أقل بروزًا وأكثر طبيعية. ضع في اعتبارك أن الآذان البارزة لا تعتبر حالة طبية ، ولكن إجراء هذه الجراحة قد يساعدك على الشعور بثقة أكبر .</p>\n<h3 id=\"a2\" class=\"template-subtitle\"><span style=\"font-size: 18.72px;\">مخاطر جراحة الأذن والآثار الجانبية&nbsp;</span></h3>\n<p class=\"paragraph-medium paragraph-black template-p\">تماما مثل أي عملية جراحية كبرى أخرى جراحة الأذن تحمل مخاطر مختلفة مثل العدوى ، والنزيف ، ومخاطر التخدير ، وآذان غير متناظرة ، وتندب. يمكن أن يتسبب تجميل الأذن أيضًا في حدوث تغيرات في الإحساس بالجلد أو إنشاء مظهر غير طبيعي ، مما يجعل الأذنين تبدو مثبتة في الخلف .</p>\n<h3 id=\"a3\" class=\"template-subtitle\">أنواع تجميل الأذن المختلفة&nbsp;</h3>\n<p class=\"paragraph-medium paragraph-black template-p\"><strong>تجميل الأذن</strong> لديها ثلاثة أنواع مختلفة:</p>\n<ul class=\"template-ul\">\n<li><strong>الأذنين البارزين&nbsp; :&nbsp;</strong>كما يسمى تثبيت الأذن ويتم ذلك لتسطيح الأذنين البارزين.</li>\n<li><strong>تكبير الأذن : </strong>إذا الصيوان أصغر من المعتاد&nbsp; يسمى حالة صغر صيوان الأذن. وتهدف زيادة الأذن لعلاج هذه الحالة عن طريق إعادة بناء أو توسيع الصيوان.</li>\n<li><strong>الحد من كبر الأذن&nbsp; : </strong>إذا الصيوان هو أكبر من المعتاد، ويسمى حالة ضخامة الأذن. جراحة تصغير الأذن ، تقلل من حجم الأذنين الكبيرة بشكل غير طبيعي عن طريق إزالة الغضاريف والجلد من الأذنين.</li>\n</ul>\n<h3 id=\"a4\" class=\"template-subtitle\">إجراءات جراحة الأذن&nbsp;</h3>\n<p class=\"paragraph-medium paragraph-black template-p\">تتم عملية <strong>تجميل الأذن</strong> عادة تحت التخدير العام مما يعني أنك ستصبح فاقدًا للوعي أثناء الجراحة. اعتمادًا على حالة المريض ، يمكن للجراح إما إجراء شقوق في الجزء الخلفي من الأذنين أو داخل التجاعيد الداخلية للأذنين. بعد إجراء الشقوق ، سوف يقوم جراحك بإجراء تغييرات على الأذن حسب الحالة. في النهاية ، سيتم لف الرأس بضمادات لحماية الأذنين. يستغرق إجراء جراحة تجميل الأنف بضع ساعات .</p>\n<h3 id=\"a5\" class=\"template-subtitle\">تجميل الأذن غير الجراحي&nbsp;&nbsp;</h3>\n<p class=\"paragraph-medium paragraph-black template-p\">تتضمن جراحة الأذن التقليدي عمل شقوق وإزالة الجلد الزائد والغضاريف ، ولكن هناك بديل. يتم إجراء<strong> تجميل الأذن&nbsp;</strong> غير الجراحية فقط باستخدام الشبك لتثبيت الأذان. هذه الدعامات دائمة ولكنها غير مرئية أو ملموسة. الجانب الإيجابي لهذه الطريقة هو أنه يمكن للمرضى رؤية النتائج على الفور ، وإذا لم يكونوا راضين عنها ، فيمكن عكس الإجراء بعد أيام قليلة من الجراحة الأولية. يتم إجراء عمليات تجميل الأذن غير الجراحية باستخدام التخدير الموضعي ويمكنك العودة إلى أنشطتك اليومية في غضون بضعة أيام .</p>\n<h3 id=\"a6\" class=\"template-subtitle\">المرشحون لعمليات&nbsp; تجميل الأذن&nbsp;</h3>\n<p class=\"paragraph-medium paragraph-black template-p\">تصل آذان الأطفال إلى 80٪ من حجم البالغين عند بلوغهم السادسة من العمر. يمكن إجراء عمليات<strong> تجميل الأذن</strong> التقليدية على المرضى الذين لا يقل عمرهم عن 4 سنوات ولكن تجميل الأذن <strong>الغير جراحية مناسبة</strong> أكثر للمرضى الذين تزيد أعمارهم عن 6. خلال الأسبوعين الأولين بعد الولادة في حال كان لدى الرضيع آذان بارزة ، يمكن استخدام قوالب الأذن لتصحيح الأذنين لأن الغضاريف لا تزال ناعمة.&nbsp;</p>\n<h3 id=\"a7\" class=\"template-subtitle\">الاستعدادات لعملية الأذن&nbsp;</h3>\n<p class=\"paragraph-medium paragraph-black template-p\">قبل الجراحة تحتاج إلى التحدث مع جراحك. أثناء التشاور سوف يقوم الجراح الخاص بك بما يلي:</p>\n<ul class=\"template-ul\">\n<li>مراجعة تاريخك الطبي</li>\n<li>فحص أذنيك</li>\n<li>التقاط الصور للمقارنة</li>\n<li>تحدث عن توقعات</li>\n</ul>\n<p class=\"paragraph-medium paragraph-black template-p\">قبل إجراء الجراحة أيضًا ، يجب عليك تجنب تناول بعض الأدوية مثل الأسبرين لأنها قد تسبب نزيفًا. يجب عليك أيضًا التوقف عن التدخين قبل الجراحة لأنه يبطئ عملية الشفاء ويزيد من خطر العدوى. يجب عليك أيضًا أن ترتب لشخص من مدتورإيران لأخذك إلى المنزل بعد الجراحة والبقاء معك لليلة واحدة على الأقل.&nbsp;</p>\n<h3 id=\"a8\" class=\"template-subtitle\">الشفاء من جراحة الأذن&nbsp;</h3>\n<p class=\"paragraph-medium paragraph-black template-p\">بعد الجراحة ، سيتم تغطية أذنيك بضمادات للدعم والحماية. سيتم إزالة الضمادات بعد 7-10 أيام. عندما تكون الضمادات مغلقة ، يجب أن ترتدي طوقًا عريضًا لمدة 2-6 أسابيع أثناء النوم من أجل الحفاظ على الأذنين مثبتتين في الخلف. من الطبيعي أن تشعر أذنيك بالتهاب. إذا كنت تعاني من ألم شديد أو إذا كان هناك نزيف ، يجب عليك الاتصال بطبيبك على الفور. يجب عليك أيضًا أن تبقي أذنيك نظيفة لتقليل خطر الإصابة. على الرغم من أن أذنيك قد تشعرين بالحكة ، إلا أنه لا ينبغي عليك لمسها أو فركها حتى لا تتسبب في تلف الغرز. إذا لم تكن راضيًا عن النتائج ، يجب عليك التحدث مع طبيبك حول عملية المراجعة.</p>\n<h3 id=\"a9\" class=\"template-subtitle\">لماذا تختار ايران لعملية الأذن ؟</h3>\n<p class=\"paragraph-medium paragraph-black template-p\">الجراحون الإيرانيون هم من المثقفين وذوي الخبرة العالية. المستشفيات والعيادات في إيران متقدمة ومجهزة جيدًا. تكلف أي عملية جراحية في إيران تقريبًا أقل من أي دولة أخرى ، لكن الفرق في التكاليف لا يعني أن الخدمات منخفضة الجودة. هذا الاختلاف يرجع إلى عوامل اقتصادية. الأشخاص المضيافون والكرماء ، والمأكولات الرائعة ، ومناطق الجذب التاريخية الجميلة والمذهلة ليست سوى عدد قليل من الأسباب الكثيرة التي تجعلك تختار إيران. إذا اخترت إيران لإجراء العملية الجراحية ، يمكنك الاتصال بـ مدتور إيران للحصول على استشارة وتخطيط رحلتك .</p>\n<h3 id=\"a10\" class=\"template-subtitle\">تكاليف جراحة الأذن التجميلية&nbsp;&nbsp;</h3>\n<p class=\"paragraph-medium paragraph-black template-p\">تكاليف <strong>جراحة الأذن</strong> تختلف على نطاق واسع. تتراوح تكلفة جراحة <strong>تجميل الأنف</strong> في إيران بين 1000 دولار و 2200 دولار ، ولكن إذا كنت ترغب في إجراء هذه الجراحة في الولايات المتحدة فسوف يكلفك ذلك حوالي 3150 دولارًا. تبدأ تكلفة <strong>Otoplasty</strong> من 1500 دولار في الهند ، ومتوسط تكلفة ذلك في تركيا هو 2200 دولار. إذا كنت ترغب في إجراء هذه العملية الجراحية في الدول الأوروبية ، فإن متوسط التكلفة حوالي 2000 دولار. لذلك من المعقول إجراء هذه <strong>العملية الجراحية في إيران</strong> لأنك ستحصل على نفس جودة الخدمات إن لم تكن أعلى ولكن بأسعار معقولة&nbsp; و أقل كلفة .</p>\n</div>','2019-09-03 04:58:16','2019-09-03 04:58:16'),(792,'categories','title',62,'ar','تصغير الثدي','2019-09-03 05:55:08','2019-09-08 08:10:17'),(793,'categories','excerpt',62,'ar','جراحة تصغير الثدي أو تصغير الثدي هي عملية تهدف إلى تقليل حجم الثديين عن طريق إزالة الدهون الزائدة والأنسجة والجلد. في بعض الأحيان ، يتسبب الثدي الكبير للغاية في فقدان المرأة للثقة وتسبب آلام الرقبة والظهر وأعراض جسدية أخرى. هذه العوامل قد تكون السبب في أن البعض يفكر في جراحة تصغير الثدي. حتى الرجال الذين يعانون من التثدي يمكنهم الحصول على هذه الجراحة. لذا فإن جراحة تصغير الثدي ليست مجرد جراحة تجميلية ويمكن أن يكون لها أغراض طبية. للحصول على أقصى استفادة من جراحة تصغير الثدي والحصول على نتيجة طبيعية ، يجب ألا يكون مؤشر كتلة الجسم لديك أعلى من 35 عامًا. تتضمن جراحة تصغير الثدي عادةً رفع الثدي أيضًا.','2019-09-03 05:55:08','2019-09-03 07:10:09'),(794,'categories','body',62,'ar','<div id=\"template-content\" class=\"mceTmpl\">\n<ul>\n<li><a href=\"#a1\">ما هي جراحة تصغير الثدي؟</a></li>\n<li><a href=\"#a2\">لماذا تختار إيران لجراحة تصغير الثدي؟ </a></li>\n<li><a href=\"#a3\">لماذا تختار مدتور إيران؟ </a></li>\n<li><a href=\"#a4\">مخاطر جراحة تصغير الثدي&nbsp; </a></li>\n<li><a href=\"#a5\">الاستعدادات لجراحة تصغير الثدي </a></li>\n<li><a href=\"#a6\">الشفاء من جراحة تصغير الثدي&nbsp;</a></li>\n<li><a href=\"#a7\">جراحة تصغير الثدي غير الجراحية&nbsp;</a></li>\n<li><a href=\"#a8\">تكاليف جراحة تصغير الثدي&nbsp;</a></li>\n</ul>\n<h3 id=\"a1\" class=\"template-subtitle\">ما هي جراحة تصغير الثدي؟</h3>\n<p class=\"paragraph-medium paragraph-black template-p\"><strong>جراحة تصغير الثدي</strong> أو تصغير الثدي هي عملية تهدف إلى تقليل حجم الثديين عن طريق إزالة الدهون الزائدة والأنسجة والجلد. في بعض الأحيان ، يتسبب الثدي الكبير للغاية في فقدان المرأة للثقة وتسبب آلام الرقبة والظهر وأعراض جسدية أخرى. هذه العوامل قد تكون السبب في أن البعض يفكر في جراحة تصغير الثدي. حتى الرجال الذين يعانون من التثدي يمكنهم الحصول على هذه الجراحة. لذا فإن جراحة تصغير الثدي ليست مجرد جراحة تجميلية ويمكن أن يكون لها أغراض طبية. للحصول على أقصى استفادة من جراحة تصغير الثدي والحصول على نتيجة طبيعية ، يجب ألا يكون مؤشر كتلة الجسم لديك أعلى من 35 عامًا. تتضمن جراحة تصغير الثدي عادةً رفع الثدي أيضًا.</p>\n<h3 id=\"a2\" class=\"template-subtitle\">لماذا تختار إيران لجراحة تصغير الثدي؟</h3>\n<p class=\"paragraph-medium paragraph-black template-p\">قد تتساءل عما إذا كان من المعقول السفر إلى بلد آخر لإجراء عملية تجميلية ، فمن المنطقي فقط إذا أجريت العملية بنفس الجودة ولكن بسعر أقل. إن الجراحين في إيران متعلمين جيدًا وذوي خبرة عالية ومعدل نجاح العمليات الجراحية التجميلية في إيران مرتفع جدًا. لأنه ليس فقط لإيران جراحين كبار ولكن أيضًا عيادات ومستشفيات حديثة. نظرًا لأسباب اقتصادية ، أصبحت تكاليف العمليات الجراحية في إيران ميسورة التكلفة أكثر من أي وقت مضى وأقل من البلدان الأخرى مثل المملكة المتحدة والولايات المتحدة الأمريكية والمكسيك وكندا. كما أن الثقافة الغنية لإيران وتاريخها وشعبها المضياف ومأكولاتها الممتازة تجعلها وجهة سياحية رائعة. لذلك ، <strong>إيران</strong> هي واحدة من أفضل الخيارات للسياحة الطبية.</p>\n<h3 id=\"a3\" class=\"template-subtitle\"><span style=\"font-size: 18.72px;\">لماذا تختار مدتور إيران؟</span></h3>\n<p class=\"paragraph-medium paragraph-black template-p\">تم تأسيس <strong>مدتور إيران</strong> في إيران كأكبر مركز يقدم خدمات الطب والجراحة والتجميل. تقدم هذه الشركة أفضل الخدمات بأسعار معقولة باستخدام خبراء طبيين مؤهلين وعيادات متقدمة ومستشفيات. يرعى هذا المركز نائب الرئيس للعلوم والتكنولوجيا في إيران. الهدف الرئيسي من مدتور إيران هو منع المتعاملين الذين ، رغم تلقيهم لمعدلات مرتفعة ، من ربط الناس بالمراكز غير الموثوق بها وغير المختصة.</p>\n<h3 id=\"a4\" class=\"template-subtitle\">مخاطر جراحة تصغير الثدي&nbsp;</h3>\n<p class=\"paragraph-medium paragraph-black template-p\">كما هو الحال مع أي عملية جراحية كبرى أخرى ، ينطوي تصغير الثدي أيضًا على مخاطر مثل:</p>\n<ul class=\"template-ul\">\n<li>النزيف</li>\n<li>العدوى</li>\n<li>مخاطر التخدير</li>\n<li>كدمات أو ندبات</li>\n<li>صعوبة أو عدم القدرة على الرضاعة الطبيعية</li>\n<li>الثدي غير متناظر</li>\n</ul>\n<h3 id=\"a5\" class=\"template-subtitle\">الاستعدادات لجراحة تصغير الثدي</h3>\n<p class=\"paragraph-medium paragraph-black template-p\">قبل إجراء <strong>جراحة لتخفيض الثدي</strong> ، هناك بعض الأشياء التي يجب القيام بها:</p>\n<p>قبل جراحة تصغير الثدي ، يجب عليك التوقف عن التدخين وتجنب تناول الأسبرين لأنه قد يزيد من النزيف. قد يطلب منك أن تأخذ الاختبارات المعملية المختلفة. إذا لم تكن مقيمًا في المستشفى ، فيجب عليك أن ترتب لشخصًا يأخذك إلى المنزل والبقاء معك لليلة واحدة على الأقل.</p>\n<h3 id=\"a6\" class=\"template-subtitle\">الشفاء من جراحة تصغير الثدي&nbsp;</h3>\n<p class=\"paragraph-medium paragraph-black template-p\">بعد الجراحة ، سيتم تغطية الثديين بضمادات وسيصف طبيبك مسكنات الألم والمضادات الحيوية لتقليل خطر الإصابة. في الأيام القليلة الأولى ، من المحتمل أن يشعر ثديك بالحساسية وقد يتضخم ويحدث كدمات. وعادة ما يستغرق حوالي 2-6 أسابيع من أجل التعافي من جراحة تصغير الثدي وتحتاج للحد من النشاط البدني خلال الأسابيع 2-4 الأولى. يجب أن تستريح قدر الإمكان أو تشاهد التلفزيون أو تقرأ كتابًا جيدًا. سوف تتلاشى الندبات بمرور الوقت ولكنها لن تختفي تمامًا. قد تواجه بعض الآثار الجانبية المؤقتة خلال الأشهر القليلة الأولى مثل الخدر.</p>\n<h3 id=\"a7\" class=\"template-subtitle\">جراحة تصغير الثدي غير الجراحية&nbsp;</h3>\n<p class=\"paragraph-medium paragraph-black template-p\">يمكنك تقليل حجم ثدييك بمقدار واحد أو اثنين من أحجام الكؤوس باستخدام شفط الدهون المدعوم باور (P.A.L) ، الذي يعد أقل توغلاً وأكثر أمانًا من تصغير الثدي الجراحي. إذا كنت تريد تقليل حجم ثدييك دون إجراء عملية جراحية ، فقد تكون هذه الطريقة مفيدة للغاية. عادة ما يتم إجراء عملية تصغير الثدي غير الجراحية تحت التخدير العام. يمكن لهذا النهج أن يجعل ثديك أصغر وأخف وزناً دون تغيير شكله الطبيعي ، ويمكن لمعظم المرضى العودة إلى أنشطتهم اليومية في اليوم التالي.</p>\n<h3 id=\"a8\" class=\"template-subtitle\">تكاليف جراحة تصغير الثدي&nbsp;</h3>\n<p class=\"paragraph-medium paragraph-black template-p\">تبدأ تكاليف <strong>الحد من الثدي</strong> في إيران من 800 دولار ، ولكن تكلفة ذلك في الهند تبدأ من 2500 دولار. تبلغ تكلفة <strong>جراحة تصغير الثدي</strong> حوالي 3700 دولار و 5600 دولار و 8100 دولار في تركيا والولايات المتحدة الأمريكية والمملكة المتحدة على التوالي. بالإضافة إلى ذلك ، تتراوح التكاليف بين حوالي 1570 دولارًا في بلغاريا و 5000 دولارًا في إسبانيا. بالنظر إلى التكاليف ونوعية الخدمات المقدمة في إيران ، يمكن أن تكون هذه الدولة الخيار الأفضل لهذه الجراحة والسياحة الطبية بشكل عام.</p>\n</div>','2019-09-03 05:55:08','2019-09-03 07:10:09'),(795,'packages','testimonial',7,'ar','5ZKJh92UmjQ','2019-09-03 06:31:36','2019-09-03 06:31:36'),(796,'packages','testimonial',2,'ar','5ZKJh92UmjQ','2019-09-03 06:35:15','2019-09-03 06:35:15'),(801,'categories','slug',62,'ar','tsghyr-althdy','2019-09-03 07:10:09','2019-09-08 08:10:17'),(813,'packages','title',27,'ar',' الإخصاب في المختبر (IVF)','2019-09-08 07:47:34','2019-09-08 08:07:44'),(814,'packages','before_price',27,'ar','From','2019-09-08 07:47:34','2019-09-08 07:47:34'),(815,'packages','slug',27,'ar','alikhsab-fy-almkhtbr-ivf','2019-09-08 07:47:34','2019-09-08 08:07:44'),(816,'packages','title',28,'ar',' الإخصاب في المختبر (IVF)','2019-09-08 07:50:20','2019-09-08 08:07:34'),(817,'packages','before_price',28,'ar','From','2019-09-08 07:50:20','2019-09-08 07:50:20'),(818,'packages','title',30,'ar','دوالي الخصية','2019-09-08 08:04:43','2019-09-08 08:06:29'),(819,'packages','before_price',30,'ar','ابتداءً من','2019-09-08 08:04:43','2019-09-08 08:06:29'),(820,'packages','after_price',30,'ar','USD','2019-09-08 08:04:43','2019-09-08 08:04:43'),(821,'packages','slug',30,'ar','dwaly-alkhsyh','2019-09-08 08:06:29','2019-09-08 08:06:29'),(822,'packages','title',29,'ar','دوالي الخصية','2019-09-08 08:06:40','2019-09-08 08:06:40'),(823,'packages','before_price',29,'ar','From','2019-09-08 08:06:40','2019-09-08 08:06:40'),(824,'packages','after_price',29,'ar','USD','2019-09-08 08:06:40','2019-09-08 08:06:40'),(825,'packages','slug',29,'ar','dwaly-alkhsyh','2019-09-08 08:06:40','2019-09-08 08:06:40'),(826,'packages','slug',28,'ar','alikhsab-fy-almkhtbr-ivf','2019-09-08 08:07:16','2019-09-08 08:07:34'),(827,'packages','title',31,'ar','Hair transplant ','2019-09-08 08:15:25','2019-09-08 08:15:25'),(828,'packages','subtitle',31,'ar','Package In Tehran','2019-09-08 08:15:25','2019-09-08 08:15:25'),(829,'packages','description',31,'ar','<p>test</p>','2019-09-08 08:15:25','2019-09-08 08:15:25'),(830,'packages','before_price',31,'ar','From','2019-09-08 08:15:25','2019-09-08 08:15:25'),(831,'packages','after_price',31,'ar','USD','2019-09-08 08:15:25','2019-09-08 08:15:25'),(832,'packages','options',31,'ar','Visa;\nTransfer within Tehran;\nAccommodation;\nInterpreter;\nFollow-up;\nCity Sightseeing\n','2019-09-08 08:15:25','2019-09-08 08:15:25'),(833,'packages','testimonial',31,'ar','5ZKJh92UmjQ','2019-09-08 08:15:25','2019-09-08 08:15:25'),(834,'packages','title',32,'ar','Hair transplant ','2019-09-08 08:16:35','2019-09-08 08:16:35'),(835,'packages','subtitle',32,'ar','Package In Tehran','2019-09-08 08:16:35','2019-09-08 08:16:35'),(836,'packages','description',32,'ar','<p>test</p>','2019-09-08 08:16:35','2019-09-08 08:16:35'),(837,'packages','before_price',32,'ar','From','2019-09-08 08:16:35','2019-09-08 08:16:35'),(838,'packages','after_price',32,'ar','USD','2019-09-08 08:16:35','2019-09-08 08:16:35'),(839,'packages','options',32,'ar','Visa;\nTransfer within Tehran;\nAccommodation;\nInterpreter;\nFollow-up;\nCity Sightseeing\n','2019-09-08 08:16:35','2019-09-08 08:16:35'),(840,'packages','testimonial',32,'ar','5ZKJh92UmjQ','2019-09-08 08:16:35','2019-09-08 08:16:35'),(841,'packages','title',33,'ar','Hair transplant ','2019-09-08 08:17:03','2019-09-08 08:17:03'),(842,'packages','subtitle',33,'ar','Package In Tehran','2019-09-08 08:17:03','2019-09-08 08:17:03'),(843,'packages','description',33,'ar','<p>test</p>','2019-09-08 08:17:03','2019-09-08 08:17:03'),(844,'packages','before_price',33,'ar','From','2019-09-08 08:17:03','2019-09-08 08:17:03'),(845,'packages','after_price',33,'ar','USD','2019-09-08 08:17:03','2019-09-08 08:17:03'),(846,'packages','options',33,'ar','Visa;\nTransfer within Tehran;\nAccommodation;\nInterpreter;\nFollow-up;\nCity Sightseeing\n','2019-09-08 08:17:03','2019-09-08 08:17:03'),(847,'packages','testimonial',33,'ar','5ZKJh92UmjQ','2019-09-08 08:17:03','2019-09-08 08:17:03'),(848,'packages','title',34,'ar','Ear surgery','2019-09-10 17:47:33','2019-09-10 17:47:33'),(849,'packages','before_price',34,'ar','From','2019-09-10 17:47:33','2019-09-10 17:47:33'),(850,'packages','after_price',34,'ar','USD','2019-09-10 17:47:33','2019-09-10 17:47:33'),(851,'packages','testimonial',34,'ar','5ZKJh92UmjQ','2019-09-10 17:47:33','2019-09-10 17:47:33'),(852,'packages','title',35,'ar','Ear surgery','2019-09-10 17:50:04','2019-09-10 17:50:04'),(853,'packages','before_price',35,'ar','From','2019-09-10 17:50:04','2019-09-10 17:50:04'),(854,'packages','after_price',35,'ar','USD','2019-09-10 17:50:04','2019-09-10 17:50:04'),(855,'packages','testimonial',35,'ar','5ZKJh92UmjQ','2019-09-10 17:50:04','2019-09-10 17:50:04'),(856,'packages','title',36,'ar','علاج الماء الابيض مع زراعة عدسة','2019-09-11 06:08:25','2019-09-11 11:01:15'),(857,'packages','before_price',36,'ar','From','2019-09-11 06:08:25','2019-09-11 06:08:25'),(858,'packages','after_price',36,'ar','USD','2019-09-11 06:08:25','2019-09-11 06:08:25'),(859,'packages','slug',36,'ar','alaj-almaa-alabydh-ma-zraah-adsh','2019-09-11 06:08:25','2019-09-11 11:01:15'),(860,'packages','title',37,'ar','Cataract Surgery','2019-09-11 06:11:36','2019-09-11 06:11:36'),(861,'packages','before_price',37,'ar','From','2019-09-11 06:11:36','2019-09-11 06:11:36'),(862,'packages','after_price',37,'ar','USD','2019-09-11 06:11:36','2019-09-11 06:11:36'),(863,'packages','title',38,'ar','علاج الماء الابيض مع زراعة عدسة','2019-09-11 06:12:43','2019-09-11 11:05:30'),(864,'packages','before_price',38,'ar','From','2019-09-11 06:12:43','2019-09-11 06:12:43'),(865,'packages','after_price',38,'ar','USD','2019-09-11 06:12:43','2019-09-11 06:12:43'),(866,'packages','title',39,'ar','علاج الماء الابيض مع زراعة عدسة','2019-09-11 06:13:32','2019-09-11 11:01:07'),(867,'packages','before_price',39,'ar','From','2019-09-11 06:13:32','2019-09-11 06:13:32'),(868,'packages','after_price',39,'ar','USD','2019-09-11 06:13:32','2019-09-11 06:13:32'),(869,'package_items','title',9,'ar','علاج (الجراحة فقط)','2019-09-11 06:19:38','2019-09-11 06:19:38'),(870,'packages','title',40,'ar','عملية زرع صمام قلب','2019-09-11 06:30:44','2019-09-11 06:30:44'),(871,'packages','before_price',40,'ar','From','2019-09-11 06:30:44','2019-09-11 06:30:44'),(872,'packages','after_price',40,'ar','USD','2019-09-11 06:30:44','2019-09-11 06:30:44'),(873,'packages','slug',40,'ar','amlyh-zra-smam-qlb','2019-09-11 06:30:44','2019-09-11 06:30:44'),(874,'packages','title',41,'ar','Heart Valve Replacement','2019-09-11 06:31:58','2019-09-11 06:31:58'),(875,'packages','testimonial',6,'ar','5ZKJh92UmjQ','2019-09-11 07:19:17','2019-09-11 07:19:17'),(876,'packages','pricing',2,'ar','{\n    \"1\": {\n        \"title\": \"Treatment + 3-Star Hotel\",\n        \"price\": \"From 5500$\"\n       },\n    \"2\": {\n        \"title\": \"Treatment + 3-Star Hotel\",\n        \"price\": \"From 5500$\"\n       }\n}','2019-09-11 07:35:49','2019-09-11 07:45:24'),(877,'packages','pricing',41,'ar','{\n    \"1\": {\n        \"title\": \"Treatment + 3-Star Hotel\",\n        \"price\": \"From 5500$\"\n       },\n    \"2\": {\n        \"title\": \"Treatment + 3-Star Hotel\",\n        \"price\": \"From 5500$\"\n       }\n}','2019-09-11 07:37:33','2019-09-11 07:37:33'),(878,'packages','pricing',40,'ar','{\n    \"1\": {\n        \"title\": \"Treatment + 3-Star Hotel\",\n        \"price\": \"From 10000$\"\n       }\n}','2019-09-11 10:55:37','2019-09-11 10:55:37'),(879,'packages','pricing',39,'ar','{\n    \"1\": {\n        \"title\": \"Treatment \",\n        \"price\": \"From 7820$\"\n       },\n  \"1\": {\n        \"title\": \"Treatment +3 Star Hotel\",\n        \"price\": \"From 8220$\"\n       }\n}','2019-09-11 10:59:00','2019-09-11 10:59:00'),(880,'packages','pricing',36,'ar','{\n    \"1\": {\n        \"title\": \"Treatment \",\n        \"price\": \"From 800$\"\n       },\n  \"1\": {\n        \"title\": \"Treatment +3 Star Hotel\",\n        \"price\": \"From 1200$\"\n       }\n}','2019-09-11 10:59:08','2019-09-11 10:59:08'),(881,'packages','slug',39,'ar','alaj-almaa-alabydh-ma-zraah-adsh','2019-09-11 11:01:07','2019-09-11 11:01:07'),(882,'packages','slug',38,'ar','alaj-almaa-alabydh-ma-zraah-adsh','2019-09-11 11:05:30','2019-09-11 11:05:30'),(883,'packages','pricing',38,'ar','{\n    \"1\": {\n        \"title\": \"Treatment \",\n        \"price\": \"From 800$\"\n       },\n  \"1\": {\n        \"title\": \"Treatment +3 Star Hotel\",\n        \"price\": \"From 1200$\"\n       }\n}','2019-09-11 11:05:30','2019-09-11 11:05:30'),(884,'packages','pricing',7,'ar','{\n    \"1\": {\n        \"title\": \"Treatment \",\n        \"price\": \"From 1150$\"\n       },\n  \"1\": {\n        \"title\": \"Treatment +3 Star Hotel\",\n        \"price\": \"From 1550$\"\n       }\n}','2019-09-11 11:10:30','2019-09-11 11:10:30'),(885,'packages','pricing',34,'ar','{\n    \"1\": {\n        \"title\": \"Treatment \",\n        \"price\": \"From 1150$\"\n       },\n  \"1\": {\n        \"title\": \"Treatment +3 Star Hotel\",\n        \"price\": \"From 1550$\"\n       }\n}','2019-09-11 11:10:55','2019-09-11 11:10:55'),(886,'packages','pricing',1,'ar','{\n    \"1\": {\n        \"title\": \"Treatment \",\n        \"price\": \"From 650$\"\n       },\n  \"1\": {\n        \"title\": \"Treatment +3 Star Hotel (2 Night)\",\n        \"price\": \"From 750$\"\n       }\n}','2019-09-11 11:15:34','2019-09-11 11:15:34'),(887,'package_items','title',10,'ar','فندق 3-4 نجوم (اسبوع واحد)','2019-09-11 11:20:28','2019-09-11 11:20:45'),(888,'packages','title',42,'ar','جراحة الجفن (بليفاروبلاستي)','2019-09-13 13:08:48','2019-09-13 13:08:48'),(889,'packages','slug',42,'ar','jrahh-aljfn-blyfarwblasty','2019-09-13 13:08:48','2019-09-13 13:08:48'),(890,'packages','pricing',42,'ar','{\n    \"1\": {\n        \"title\": \"علاج\",\n        \"price\": \"إبتدا من800$ \"\n       },\n  \"2\": {\n        \"title\": \"علاج+ 3 نجوم فندق\",\n        \"price\": \"إبتدا من 1000$ \"\n       }\n}','2019-09-13 13:12:32','2019-09-14 03:52:43'),(891,'packages','title',43,'ar','Eyelid surgery (Blepharoplasty)','2019-09-13 13:14:31','2019-09-13 13:14:31'),(892,'packages','pricing',43,'ar','{\n    \"1\": {\n        \"title\": \"Treatment \",\n        \"price\": \"From 800$\"\n       },\n  \"2\": {\n        \"title\": \"Treatment +3 Star Hotel\",\n        \"price\": \"From 1000$\"\n       }\n}','2019-09-13 13:14:31','2019-09-13 13:14:31'),(893,'video_reviews','title',4,'ar','زراعة الشعر في ايران','2019-09-14 04:05:53','2019-09-14 04:05:53'),(894,'video_reviews','body',4,'ar','نظرًا للجراحات التجميلية عالية الجودة وبأسعار معقولة ، يختار العديد من السائحين الطبيين إيران للعلاج. يتحدث هذا المريض عن تجربته من وجوده في طهران. تم إجراء عملية زرع الشعر عن طريق شركة مدتورإيران','2019-09-14 04:05:53','2019-09-14 04:05:53'),(895,'packages','pricing',31,'ar','{\n    \"1\": {\n        \"title\": \"علاج\",\n        \"price\": \" إبتدا من 600$\"\n       },\n  \"2\": {\n        \"title\": \"علاج + 3 نجوم فندق\",\n        \"price\": \"إبتىا من 850$\"\n       }\n}','2019-09-14 04:12:22','2019-09-14 04:12:22'),(898,'doctors','name',19,'ar','الدكتور شهريار يحيوي','2019-10-12 04:37:39','2019-10-12 05:26:51'),(899,'doctors','testimonal',19,'ar','<p><iframe title=\"\" src=\"https://www.youtube.com/embed/883nSp_R_Xo?wmode=opaque&amp;theme=dark\" width=\"560\" height=\"315\" frameborder=\"0\" allowfullscreen=\"\"></iframe></p>','2019-10-12 04:37:39','2019-10-12 04:37:39'),(900,'doctors','education',19,'ar','{\n    \"1\": {\n        \"name\": \"جامعة العلوم الطبية في إيران\",\n        \"degree\": \"دكتور في الطب\",\n        \"date\": \"1988\"\n       },\n \"2\": {\n        \"name\": \"مستشفى امير اعلم\",\n        \"degree\": \"درجة طبيب أذن وحنجرة\",\n        \"date\": \"2002\"\n       }\n}\n','2019-10-12 04:37:39','2019-10-30 05:52:19'),(901,'doctors','skills',19,'ar','{\n    \"1\": {\n        \"skill\": \"عملية تجميل الأنف\",\n        \"percent\": \"100\"\n    },\n\"2\": {\n        \"skill\": \"جراحة الأنف والأذن والحنجرة\",\n        \"percent\": \"100\"\n    },\n\"3\": {\n        \"skill\": \"رأب الجفن (جراحة الجفن)\",\n        \"percent\": \"95\"\n    },\n\"4\": {\n        \"skill\": \"شد الوجه\",\n        \"percent\": \"90\"\n    }\n}\n','2019-10-12 04:37:39','2019-10-30 05:52:19'),(902,'doctors','about',19,'ar','الدكتور شهريار يحيافي هو أخصائي نشط في جراحات تجميل الوجه والأنف وجراحات الأنف والجيوب الأنفية بالمنظار واضطرابات التنفس وأورام الرأس والعنق.','2019-10-12 04:49:47','2019-10-30 05:52:19'),(903,'doctors','name',21,'ar','الدكتور حميدرضا عليزاده اطاقور','2019-10-12 05:05:59','2019-10-12 05:26:28'),(904,'doctors','about',21,'ar','الدكتور عليزاده متخصص في الجراحة التجميلية والترميمية والتجميلية. وهي أستاذ وعضو هيئة تدريس في الجامعة وكذلك عضو في جمعية ومجتمع الجراحين التجميليين في البلاد. الدكتور عليزاده هو واحد من أفضل 1 في المائة من أعضاء المجلس المتخصص في إيران.','2019-10-12 05:05:59','2019-10-30 06:09:57'),(905,'doctors','testimonal',21,'ar','4_e-SE5fDk0;iHH9xmhXgjY;evj--mSzuGU;oL1mu6ERJfk;EM5aSSJVeCA','2019-10-12 05:05:59','2019-10-12 05:05:59'),(906,'doctors','education',21,'ar','{\n    \"1\": {\n        \"name\": \"جامعة شهيد بهشتي للعلوم الطبية\",\n        \"degree\": \"تخصص في الجراحة التجميلية والترميمية \",\n        \"date\": \"1988\"\n       }\n}\n','2019-10-12 05:05:59','2019-10-30 06:09:57'),(907,'doctors','skills',21,'ar','{\n    \"1\": {\n        \"skill\": \"عملية تجميل الأنف\",\n        \"percent\": \"100\"\n    },\n\"2\": {\n        \"skill\": \"جراحة الأنف والأذن والحنجرة\",\n        \"percent\": \"100\"\n    },\n\"3\": {\n        \"skill\": \"رأب الجفن (جراحة الجفن)\",\n        \"percent\": \"95\"\n    },\n\"4\": {\n        \"skill\": \"شد الوجه\",\n        \"percent\": \"92\"\n    },\n   \"5\": {\n        \"skill\": \"تكبير الثدي والحد منه\",\n        \"percent\": \"100\"\n    }\n}\n','2019-10-12 05:05:59','2019-10-30 06:09:57'),(908,'doctors','name',22,'ar','الدكتورة ركسانا عباسي','2019-10-30 05:29:11','2019-10-30 05:46:17'),(909,'doctors','name',22,'ku','Dr Roxana Abbasi','2019-10-30 05:29:11','2019-10-30 05:29:11'),(910,'doctors','about',22,'ar','الدكتورة روكسانا عباسي لديها مجلس متخصص في الأمراض الباطنية ونشط في علاج أمراض الجهاز الهضمي والغدد ومرض السكري وجميع الأمراض الداخلية. وهو أيضًا عضو في الجمعية الأمريكية للمهنيين الطبيين (ACP) ، والرابطة الإيرانية لأمراض الجهاز الهضمي والكبد (IGHA) والرابطة الكندية لأطباء السكري. وهو حاصل على درجة التنظير من IGHA. كما أن لديها دورة تدريبية في نهاية المطاف في قياس الضغط في مختبر الحركة وقياس درجة الحموضة المريئي وقياس الضغط الشرجي من تورونتو ، غرب كندا.','2019-10-30 05:29:11','2019-10-30 05:46:17'),(911,'doctors','about',22,'ku','adadad','2019-10-30 05:29:11','2019-10-30 05:29:11'),(912,'doctors','education',22,'ar','{\n    \"1\": {\n        \"name\": \"درجة التنظير\",\n        \"degree\": \"الجمعية الإيرانية لأمراض الجهاز الهضمي والكبد (IGHA)\",\n        \"date\": \"1998\"\n       },\n\"2\": {\n        \"name\": \"الجهاز الهضمي والغدد الصماء والسكري وجميع الأمراض الداخلية\",\n        \"degree\": \"تورونتو ، غرب كندا\",\n        \"date\": \"1998\"\n       }\n}','2019-10-30 05:29:11','2019-10-30 05:48:37'),(913,'doctors','education',22,'ku','{\n    \"1\": {\n        \"name\": \"General Surgery Specialist Board\",\n        \"degree\": \"Medical University of Tehran\",\n        \"date\": \"1998\"\n       }\n}','2019-10-30 05:29:11','2019-10-30 05:29:11'),(914,'doctors','skills',22,'ar','{\n    \"1\": {\n        \"skill\": \"الجهاز الهضمي والغدد الصماء والسكري وجميع الأمراض الداخلية\",\n        \"percent\": \"100\"\n    },\n\"2\": {\n        \"skill\": \"التنظير وتنظير القولون\",\n        \"percent\": \"100\"\n    }\n}\n','2019-10-30 05:29:11','2019-10-30 05:46:17'),(915,'doctors','skills',22,'ku','{\n    \"1\": {\n        \"skill\": \"Abdominal Plastic Surgery (Tommy Tuck or Abdominoplasty, Lipobdominoplasty)\",\n        \"percent\": \"95\"\n    },\n\"2\": {\n        \"skill\": \"cosmetic surgery\",\n        \"percent\": \"90\"\n    },\n\"3\": {\n        \"skill\": \"Eyelid surgery\",\n        \"percent\": \"90\"\n    },\n\"4\": {\n        \"skill\": \"Injection of fat (face, back of hands and other parts of body)\",\n        \"percent\": \"90\"\n    }\n}\n','2019-10-30 05:29:11','2019-10-30 05:29:11'),(916,'categories','slug',12,'ku','medical','2019-10-30 05:49:08','2019-10-30 05:49:08'),(917,'categories','title',12,'ku','Medical','2019-10-30 05:49:08','2019-10-30 05:49:08'),(918,'doctors','name',19,'ku','Dr. Shahriyar Yahyavi','2019-10-30 05:52:19','2019-10-30 05:52:19'),(919,'doctors','about',19,'ku','Dr. Shahriyar Yahyavi is an  active specialist in facial and nose cosmetic surgeries, nose and sinus endoscopic surgeries, breathing disorders, head and neck tumors.','2019-10-30 05:52:19','2019-10-30 05:52:19'),(920,'doctors','testimonal',19,'ku','4_e-SE5fDk0;iHH9xmhXgjY;evj--mSzuGU;oL1mu6ERJfk;EM5aSSJVeCA','2019-10-30 05:52:19','2019-10-30 05:52:19'),(921,'doctors','education',19,'ku','{\n    \"1\": {\n        \"name\": \"Iran’s university of medical science\",\n        \"degree\": \"Doctor of Medicine\",\n        \"date\": \"1988\"\n       },\n \"2\": {\n        \"name\": \"Amir-Alam hospital\",\n        \"degree\": \"otolaryngologist degree\",\n        \"date\": \"2002\"\n       }\n}\n','2019-10-30 05:52:19','2019-10-30 05:52:19'),(922,'doctors','skills',19,'ku','{\n    \"1\": {\n        \"skill\": \"Rhinoplasty\",\n        \"percent\": \"100\"\n    },\n\"2\": {\n        \"skill\": \"Otoplasty (Ear surgery)\",\n        \"percent\": \"95\"\n    },\n\"3\": {\n        \"skill\": \"Blepharoplasty (Eyelid Surgery)\",\n        \"percent\": \"90\"\n    },\n\"4\": {\n        \"skill\": \"Face lift\",\n        \"percent\": \"90\"\n    }\n}\n','2019-10-30 05:52:19','2019-10-30 05:52:19'),(923,'doctors','name',4,'ku','Dr. Bahram Badamchi','2019-10-30 05:56:36','2019-10-30 05:56:36'),(924,'doctors','testimonal',4,'ku','<p><iframe title=\"\" src=\"https://www.youtube.com/embed/883nSp_R_Xo?wmode=opaque&amp;theme=dark\" width=\"560\" height=\"315\" frameborder=\"0\" allowfullscreen=\"\"></iframe></p>','2019-10-30 05:56:36','2019-10-30 05:56:36'),(925,'doctors','education',4,'ku','{\n    \"1\": {\n        \"name\": \"General Surgery Specialist Board\",\n        \"degree\": \"Medical University of Tehran\",\n        \"date\": \"1998\"\n       }\n}\n','2019-10-30 05:56:36','2019-10-30 05:56:36'),(926,'doctors','skills',4,'ku','{\n    \"1\": {\n        \"skill\": \"Abdominal Plastic Surgery (Tommy Tuck or Abdominoplasty, Lipobdominoplasty)\",\n        \"percent\": \"95\"\n    },\n\"2\": {\n        \"skill\": \"cosmetic surgery\",\n        \"percent\": \"90\"\n    },\n\"3\": {\n        \"skill\": \"Eyelid surgery\",\n        \"percent\": \"90\"\n    },\n\"4\": {\n        \"skill\": \"Injection of fat (face, back of hands and other parts of body)\",\n        \"percent\": \"90\"\n    }\n}\n','2019-10-30 05:56:36','2019-10-30 05:56:36'),(927,'doctors','name',21,'ku','Dr. HamidReza Alizadeh Otaghvar','2019-10-30 06:09:57','2019-10-30 06:09:57'),(928,'doctors','about',21,'ku','Dr. Hamid Reza Alizadeh is a specialist in plastic, reconstructive and cosmetic surgery and has a specialized board in this field.\nHe graduated from Alborz High School in 2007 and was admitted to medicine that same year.\n After completing a general medical course and earning a first rank, he graduated and achieved a 1% first place in the residency admission test.\nHe was immediately accepted into the field of general surgery and completed his degree with a nationally-honored degree and was selected as a faculty member.\nSubsequently, he was accepted to the specialty exam in Plastic, Reconstructive and Aesthetic Surgery and after a three-year specialization in this field, he graduated from Shahid Beheshti University of Medical Sciences.\nCurrently, he is an Exemplary Professor at Iran University of Medical Sciences.\nHe has had several surgeries so far and has had numerous international and domestic articles and has authored numerous books.\nSo far, he has been elected to the University three times as an Exemplary Professor and is currently working in the field of medical education as a consultant with the Deputy Minister of Education of the Ministry of Health and Medical Education.\nIt should be noted that he is a member of the Society of Specialist Plastic Surgeons of the country\n- Editorial Board of the top scientific and research journals of the country\n- The jury member of international journals of plastic, reconstructive and cosmetic surgeons.','2019-10-30 06:09:57','2019-10-30 06:09:57'),(929,'doctors','education',21,'ku','{\n    \"1\": {\n        \"name\": \"Shahid Beheshti University of Medical Sciences\",\n        \"degree\": \"Specialty in Plastic, Reconstructive and Cosmetic Surgery\",\n        \"date\": \"1988\"\n       }\n}\n','2019-10-30 06:09:57','2019-10-30 06:09:57'),(930,'doctors','skills',21,'ku','{\n    \"1\": {\n        \"skill\": \"Rhinoplasty\",\n        \"percent\": \"100\"\n    },\n\"2\": {\n        \"skill\": \"Otoplasty (Ear surgery)\",\n        \"percent\": \"95\"\n    },\n\"3\": {\n        \"skill\": \"Blepharoplasty (Eyelid Surgery)\",\n        \"percent\": \"90\"\n    },\n\"4\": {\n        \"skill\": \"Face lift\",\n        \"percent\": \"90\"\n    },\n   \"5\": {\n        \"skill\": \"Breast Augmentation and reduction\",\n        \"percent\": \"90\"\n    }\n}\n','2019-10-30 06:09:57','2019-10-30 06:09:57'),(931,'doctors','name',14,'ku','Dr Hasan Ghandehari','2019-10-30 06:14:15','2019-10-30 06:14:15'),(932,'doctors','about',14,'ku','Dr. Hassan Ghandahari is one of the best specialist surgeons in spine surgery in medtouriran company who performs many spine surgeries annually due to his expertise.He went to France, Germany and Italy for the Fellowship period. After returning from June 2008, he became a member of the faculty of Iran University of Medical Sciences and is currently a member of the faculty with the rank of Associate Professor.','2019-10-30 06:14:15','2019-10-30 06:14:15'),(933,'doctors','education',14,'ku','{\n    \"1\": {\n        \"name\": \"Golestan University of Medical Sciences\",\n        \"degree\": \"Doctor of Medicine\",\n        \"date\": \"1999 \"\n    },\n    \"2\": {\n        \"name\": \"Iran University of Medical Sciences\",\n        \"degree\": \"Orthopedic Specialty \",\n        \"date\": \"2003\"\n     },\n    \"3\": {\n        \"name\": \"Iran University of Medical Sciences\",\n        \"degree\": \"Spinal Surgery Fellowship \",\n        \"date\": \"2007\"\n}\n}\n','2019-10-30 06:14:15','2019-10-30 06:14:15'),(934,'doctors','skills',14,'ku','\n{\n    \"1\": {\n        \"skill\": \"Spine\",\n        \"percent\": \"100\"\n    },\n\"2\": {\n        \"skill\": \"Orthopedic surgery\",\n        \"percent\": \"95\"\n    }\n}\n','2019-10-30 06:14:15','2019-10-30 06:14:15'),(935,'doctors','name',23,'ar','الدكتور محمد نصير نادري','2019-10-30 06:17:07','2019-10-30 06:32:46'),(936,'doctors','name',23,'ku','Dr Hasan Ghandehari','2019-10-30 06:17:07','2019-10-30 06:17:07'),(937,'doctors','about',23,'ar','تخرج الدكتور محمد نصير نادري من جامعة طهران على شهادة البكالوريوس في الطب العام في عام 2007. بعد الانتهاء من خدمته العسكرية ، بدأ دورة إقامته في جراحة العظام في جامعة إيران ، وبدأ حياته المهنية كأخصائي جراحة العظام في العظام والعظام جراحة المفاصل. بعد التخرج ، اكتسب أيضًا خبرة قيمة من خلال الاستمرار في العمل مع المتدربين في مجال الصدمات النفسية ، وخاصة مشاكل الكسر داخل المفصل وكسور الورك.\nللحصول على تخصص فرعي ، أكمل دورة لمدة 6 أشهر في تنظير المفصل والصدمات الرياضية في النمسا وحصل على تدريب لمدة 5 أشهر في دورة الكتف والتنظير المفصلي تحت إشراف البروفيسور فونك الذي قضى في إنجلترا.','2019-10-30 06:17:07','2019-10-30 06:32:46'),(938,'doctors','about',23,'ku','Dr. Hassan Ghandahari is one of the best specialist surgeons in spine surgery in medtouriran company who performs many spine surgeries annually due to his expertise.He went to France, Germany and Italy for the Fellowship period. After returning from June 2008, he became a member of the faculty of Iran University of Medical Sciences and is currently a member of the faculty with the rank of Associate Professor.','2019-10-30 06:17:07','2019-10-30 06:17:07'),(939,'doctors','education',23,'ar','{\n    \"1\": {\n        \"name\": \"جامعة طهران\",\n        \"degree\": \"الطب العام\",\n        \"date\": \"2007\"\n    },\n    \"2\": {\n        \"name\": \"بالطبع الإقامة في جراحة العظام\",\n        \"degree\": \"جامعة ايران الطبية \",\n        \"date\": \"2010\"\n     },\n    \"3\": {\n        \"name\": \"بالطبع الكتف والمنظار\",\n        \"degree\": \"إنجلترا (تحت إشراف البروفيسور فونك) \",\n        \"date\": \"2013\"\n}\n}\n','2019-10-30 06:17:07','2019-10-30 06:32:46'),(940,'doctors','education',23,'ku','{\n    \"1\": {\n        \"name\": \"Golestan University of Medical Sciences\",\n        \"degree\": \"Doctor of Medicine\",\n        \"date\": \"1999 \"\n    },\n    \"2\": {\n        \"name\": \"Iran University of Medical Sciences\",\n        \"degree\": \"Orthopedic Specialty \",\n        \"date\": \"2003\"\n     },\n    \"3\": {\n        \"name\": \"Iran University of Medical Sciences\",\n        \"degree\": \"Spinal Surgery Fellowship \",\n        \"date\": \"2007\"\n}\n}\n','2019-10-30 06:17:07','2019-10-30 06:17:07'),(941,'doctors','skills',23,'ar','\n{\n    \"1\": {\n        \"skill\": \"جراحة استبدال الكتف\",\n        \"percent\": \"100\"\n    },\n\"2\": {\n        \"skill\": \"العمليات بالمنظار (العمليات المغلقة)\",\n        \"percent\": \"100\"\n    },\n\"3\": {\n        \"skill\": \"جراحة العظام\",\n        \"percent\": \"95\"\n    }\n}\n','2019-10-30 06:17:07','2019-10-30 06:32:46'),(942,'doctors','skills',23,'ku','\n{\n    \"1\": {\n        \"skill\": \"Spine\",\n        \"percent\": \"100\"\n    },\n\"2\": {\n        \"skill\": \"Orthopedic surgery\",\n        \"percent\": \"95\"\n    }\n}\n','2019-10-30 06:17:07','2019-10-30 06:17:07'),(943,'doctors','name',24,'ar','الدكتور مرتضي نخعي','2019-10-30 07:13:09','2019-10-30 07:15:52'),(944,'doctors','name',24,'ku','Dr Mohammad Nasir Naderi','2019-10-30 07:13:09','2019-10-30 07:13:09'),(945,'doctors','about',24,'ar','تخرج الدكتور  مرتضي نخعي من جامعة طهران للعلوم الطبية برتبة 6 في مجال امتحان القبول. حصل على الدكتوراه في الطب العام مع مرتبة الشرف الأولى (أول 3 ٪ من الجامعة) من الجامعة نفسها. أمضى عامين في الجيش كممارس للصحة العامة ثم التحق بجراحة العظام في جامعة طهران للعلوم الطبية. حصل على شهادة تخصص في جراحة العظام من جامعة إيران للعلوم الطبية.\nأكمل الدكتور  مرتضي نخعي درجة جراحة الكتف في جامعة إيران للعلوم الطبية ، ثم درجة أخرى في جراحة الكتف والكوع في تنظير المفاصل في المملكة المتحدة (مستشفى جامعة ليفربول الملكية) ، وهو حاليًا عضو في هيئة التدريس. (أستاذ مشارك) جراحة العظام في جامعة إيران للعلوم الطبية - قسم جراحة الكتف - طهران.\nحصلت الدكتورة مرتضي نخعي على خبرة لمدة عامين مع شهادة الطب العام ، ثم حصلت على شهادة في الجراحة والتخصص في جراحة العظام. ولأحد عشر عامًا كجراح مشط وارتجاج ، يعمل في كل من القطاعين الأكاديمي والخاص.','2019-10-30 07:13:09','2019-10-30 07:13:09'),(946,'doctors','about',24,'ku','Dr. Mohammad Nasir Naderi graduated from the University of Tehran with a degree in General Medicine in 2007. After completing his military service, he began his residency course in orthopedics at the University of Iran, and began his career as an orthopedic specialist in bone and joint surgery. After graduating, he also gained valuable experience by continuing to work with trainees in the field of trauma, particularly intra-articular fracture problems and hip fractures.\nFor a subspecialty, he completed a 6-month course in Arthroscopy & Sport Traumatology in Austria and had  a 5-month training in shoulder and arthroscopic course under the supervision of Professor Funk spent in England.','2019-10-30 07:13:09','2019-10-30 07:13:09'),(947,'doctors','education',24,'ar','{\n    \"1\": {\n        \"name\": \"جامعة طهران للعلوم الطبية\",\n        \"degree\": \"الطب العام\",\n        \"date\": \"1997\"\n    },\n    \"2\": {\n        \"name\": \"مجلس العظام التخصصي\",\n        \"degree\": \"جامعة إيران للعلوم الطبية \",\n        \"date\": \"2003\"\n     },\n    \"3\": {\n        \"name\": \"جراحة الكتف والكوع وتنظير المفصل\",\n        \"degree\": \"إنجلترا (مستشفى جامعة ليفربول الملكي)\",\n        \"date\": \"2007\"\n}\n}\n','2019-10-30 07:13:09','2019-10-30 07:13:09'),(948,'doctors','education',24,'ku','{\n    \"1\": {\n        \"name\": \"University of Tehran\",\n        \"degree\": \"General Medicine\",\n        \"date\": \"2007\"\n    },\n    \"2\": {\n        \"name\": \"residency course in orthopedicss\",\n        \"degree\": \"University of Iran \",\n        \"date\": \"2010\"\n     },\n    \"3\": {\n        \"name\": \"shoulder and arthroscopic course\",\n        \"degree\": \"England (under the supervision of Professor Funk) \",\n        \"date\": \"2013\"\n}\n}\n','2019-10-30 07:13:09','2019-10-30 07:13:09'),(949,'doctors','skills',24,'ar','\n{\n    \"1\": {\n        \"skill\": \"جراحة الكتف بالمنظار\",\n        \"percent\": \"100\"\n    },\n\"2\": {\n        \"skill\": \"جراحة مفصل الكتف\",\n        \"percent\": \"100\"\n    },\n\"3\": {\n        \"skill\": \"جراحة العظام\",\n        \"percent\": \"95\"\n    }\n}\n','2019-10-30 07:13:09','2019-10-30 07:13:09'),(950,'doctors','skills',24,'ku','\n{\n    \"1\": {\n        \"skill\": \"Shoulder replacement surgery\",\n        \"percent\": \"100\"\n    },\n\"2\": {\n        \"skill\": \"Arthroscopic operations (closed operations)\",\n        \"percent\": \"100\"\n    },\n\"3\": {\n        \"skill\": \"Orthopedic surgery\",\n        \"percent\": \"95\"\n    }\n}\n','2019-10-30 07:13:09','2019-10-30 07:13:09'),(959,'doctors','name',27,'ar','الدكتور بابك باب شريف','2019-10-30 10:01:45','2019-10-30 10:19:57'),(960,'doctors','name',27,'ku','Dr Faramarz Safaei','2019-10-30 10:01:45','2019-10-30 10:01:45'),(961,'doctors','about',27,'ar','الدكتور بابك باب شريف متخصص في الجراحة التجميلية (العين) وجراحة الليزر. وهو عضو في الأكاديمية الأمريكية لطب العيون (AAO) وكذلك عضو في الجمعية الأوروبية لجراحي الساد وجراحة الانكسار (ESCRS).','2019-10-30 10:01:45','2019-10-30 10:19:57'),(962,'doctors','about',27,'ku','Dr. Faramarz Safaei Pirouz has a Specialty board in General Surgery from Tehran University of Medical Sciences, graduating in 1998 and having completed more than 5,000 surgical procedures in various fields of General Surgery since late 2002. During this time, Dr. Safaei completed various courses in the field of laparoscopic surgery, the use of facelift yarn, hyaluronic acid gel injection, lipolysis laser, contour threads, and natural hair transplantation at Iran and abroad.','2019-10-30 10:01:45','2019-10-30 10:01:45'),(963,'doctors','education',27,'ar','{\n    \"1\": {\n        \"name\": \"جامعة شهيد بهشتي للعلوم الطبية\",\n        \"degree\": \"شهادة طبية عامة\",\n        \"date\": \"1998\"\n  \n       },\n \"2\": {\n        \"name\": \"جامعة شهيد بهشتي للعلوم الطبيةs\",\n        \"degree\": \"مجلس طب العيون التخصصي\",\n        \"date\": \"1998\"\n      \n       },\n\"3\": {\n        \"name\": \"جامعة شهيد بهشتي للعلوم الطبية\",\n        \"degree\": \"التخصص في طب العيون\",\n        \"date\": \"1998\"\n      \n       },\n\"4\": {\n        \"name\": \"المجلس الدولي لطب العيون (ICO) كامبريدج ، إنجلترا\",\n        \"degree\": \"شهادة\",\n        \"date\": \"1998\"\n      \n       },\n\"5\": {\n        \"name\": \"جامعة تكساس ، الولايات المتحدة الأمريكية\",\n        \"degree\": \"بالطبع الدراسات العليا\",\n        \"date\": \"1998\"\n      \n       }\n}\n','2019-10-30 10:01:45','2019-10-30 10:19:57'),(964,'doctors','education',27,'ku','{\n    \"1\": {\n        \"name\": \"General Surgery Specialist Board\",\n        \"degree\": \"Medical University of Tehran\",\n        \"date\": \"1998\"\n  \n       },\n \"2\": {\n        \"name\": \"General Surgery Specialist Board\",\n        \"degree\": \"Medical University of Tehran\",\n        \"date\": \"1998\"\n      \n       }\n}\n','2019-10-30 10:01:45','2019-10-30 10:01:45'),(965,'doctors','skills',27,'ar','{\n    \"1\": {\n        \"skill\": \"جراحة الجفن التجميلية\",\n        \"percent\": \"100\"\n    },\n\"2\": {\n        \"skill\": \"جراحة كيس العين\",\n        \"percent\": \"100\"\n    },\n\"3\": {\n        \"skill\": \"جراحة الحول العين\",\n        \"percent\": \"95\"\n    },\n\"4\": {\n        \"skill\": \"جراحة الليزك\",\n        \"percent\": \"95\"\n    },\n\"5\": {\n        \"skill\": \"رفع الحاجب والجبهة\",\n        \"percent\": \"95\"\n    },\n\"6\": {\n        \"skill\": \"حقن البوتوكس وهلام\",\n        \"percent\": \"95\"\n    }\n \n \n}\n','2019-10-30 10:01:45','2019-10-30 10:19:57'),(966,'doctors','skills',27,'ku','{\n    \"1\": {\n        \"skill\": \"Abdominal Plastic Surgery (Tommy Tuck or Abdominoplasty, Lipobdominoplasty)\",\n        \"percent\": \"95\"\n    },\n\"2\": {\n        \"skill\": \"cosmetic surgery\",\n        \"percent\": \"90\"\n    },\n\"3\": {\n        \"skill\": \"Eyelid surgery\",\n        \"percent\": \"90\"\n    },\n\"4\": {\n        \"skill\": \"Injection of fat (face, back of hands and other parts of body)\",\n        \"percent\": \"90\"\n    },\n\"5\": {\n        \"skill\": \"Eyelid surgery\",\n        \"percent\": \"90\"\n    }\n \n}\n','2019-10-30 10:01:45','2019-10-30 10:01:45'),(967,'doctors','name',15,'ku','Dr Faramarz Safaei','2019-10-30 10:21:50','2019-10-30 10:21:50'),(968,'doctors','about',15,'ku','Dr. Faramarz Safaei Pirouz has a Specialty board in General Surgery from Tehran University of Medical Sciences, graduating in 1998 and having completed more than 5,000 surgical procedures in various fields of General Surgery since late 2002. During this time, Dr. Safaei completed various courses in the field of laparoscopic surgery, the use of facelift yarn, hyaluronic acid gel injection, lipolysis laser, contour threads, and natural hair transplantation at Iran and abroad.','2019-10-30 10:21:50','2019-10-30 10:21:50'),(969,'doctors','education',15,'ku','{\n    \"1\": {\n        \"name\": \"General Surgery Specialist Board\",\n        \"degree\": \"Medical University of Tehran\",\n        \"date\": \"1998\"\n  \n       },\n \"2\": {\n        \"name\": \"General Surgery Specialist Board\",\n        \"degree\": \"Medical University of Tehran\",\n        \"date\": \"1998\"\n      \n       }\n}\n','2019-10-30 10:21:50','2019-10-30 10:21:50'),(970,'doctors','skills',15,'ku','{\n    \"1\": {\n        \"skill\": \"Abdominal Plastic Surgery (Tommy Tuck or Abdominoplasty, Lipobdominoplasty)\",\n        \"percent\": \"95\"\n    },\n\"2\": {\n        \"skill\": \"cosmetic surgery\",\n        \"percent\": \"90\"\n    },\n\"3\": {\n        \"skill\": \"Eyelid surgery\",\n        \"percent\": \"90\"\n    },\n\"4\": {\n        \"skill\": \"Injection of fat (face, back of hands and other parts of body)\",\n        \"percent\": \"90\"\n    },\n\"5\": {\n        \"skill\": \"Eyelid surgery\",\n        \"percent\": \"90\"\n    }\n \n}\n','2019-10-30 10:21:50','2019-10-30 10:21:50'),(971,'doctors','name',17,'ku','Dr Vahid Sanjari','2019-10-30 19:37:35','2019-10-30 19:37:35'),(972,'doctors','about',17,'ku','Dr. Matin Attaran  is a Gynecologist and Infertility Specialist  working in Mashhad and providing  infertility services to women. Some of these services include specialized infertility and infertility treatment, IVF, IUI, sonohysterography, fetal sex determination, PGD, variety of gynecological surgeries such as laparoscopy, hysteroscopy, pregnancy and childbirth care, treatment of various genital diseases in women and more.','2019-10-30 19:37:35','2019-10-30 19:37:35'),(973,'doctors','education',17,'ku','{\n    \"1\": {\n        \"name\": \"Rafsanjan Kerman University of Medical Sciences \",\n        \"degree\": \"Doctor of Medicine\",\n        \"date\": \"2008\"\n    },\n    \"2\": {\n        \"name\": \"Mashhad University of Medical Sciences\",\n        \"degree\": \"Gynecology Specialty \",\n        \"date\": \"2014\"\n    },\n  \"3\": {\n        \"name\": \"Mashhad University of Medical Sciences\",\n        \"degree\": \"Infertility Fellowship (IVF)\",\n        \"date\": \"2014\"\n    }\n}\n','2019-10-30 19:37:35','2019-10-30 19:37:35'),(974,'doctors','skills',17,'ku','\n{\n    \"1\": {\n        \"skill\": \"Infertility\",\n        \"percent\": \"95\"\n    },\n\"2\": {\n        \"skill\": \"IVF\",\n        \"percent\": \"90\"\n    }\n}\n','2019-10-30 19:37:35','2019-10-30 19:37:35'),(975,'categories','slug',15,'ku','z-sh','2019-11-07 10:02:07','2019-11-07 10:03:37'),(976,'categories','title',15,'ku','پزیشکی ','2019-11-07 10:02:07','2019-11-07 10:03:37'),(977,'categories','excerpt',15,'ku','Orthopedics (also spelled Orthopaedics), is one of medicine’s subspecialties focusing on the musculoskeletal system (an organ system that enables the human to move). Orthopedic surgeons can use both non-surgical and surgical methods to treat different conditions. ','2019-11-07 10:02:07','2019-11-07 10:02:07'),(978,'categories','body',15,'ku','<div id=\"template-content\" class=\"mceTmpl\">\n<ul>\n<li><a href=\"#What-is-Orthopedics\">What is Orthopedics?</a></li>\n<li><a href=\"#Orthopedic-surgery-in-Iran\">Orthopedic surgery in Iran</a></li>\n</ul>\n<h3 id=\"What-is-Orthopedics\" class=\"template-subtitle\">What is Orthopedics?</h3>\n<p class=\"paragraph-medium paragraph-black template-p\"><strong>Orthopedics</strong> (also spelled <strong>Orthopaedics</strong>), is one of medicine&rsquo;s subspecialties focusing on the musculoskeletal system (an organ system that enables the human to move). <strong>Orthopedic surgeons</strong> can use both non-surgical and surgical methods to treat different conditions. Common <strong>Orthopedic procedures</strong> include:</p>\n<ul class=\"template-ul\">\n<li class=\"paragraph-medium paragraph-black template-p\"><a href=\"https://medtouriran.com/en/packages/19/knee-replacement-surgery\"><strong>Knee replacement surgery</strong></a>: <strong>Knee replacement</strong> (also called <strong>Knee arthroplasty</strong>) is an <strong>Orthopedic</strong> procedure aimed to treat a damaged knee and replacing the knee joint with an artificial one.&nbsp;</li>\n<li><strong>Hip replacement surgery</strong>: Hip replacement (also called Hip arthroplasty) is a procedure that involves removing a painful hip joint with arthritis and replacing it with an artificial joint. This procedure is usually done when other treatments have failed.</li>\n<li><strong>Ankle replacement surgery</strong>: Ankle replacement (also called Ankle arthroplasty) involves removing a damaged ankle joint and replacing it with an artificial one. This surgery enables you to move your ankle freely and without pain.</li>\n<li><a href=\"https://medtouriran.com/en/packages/22/shoulder-replacement-surgery\"><strong>Shoulder replacement surgery</strong></a>: Shoulder replacement surgery (also called total shoulder arthroplasty) aims to relieve pain and improve mobility by removing damaged areas of the shoulder and replacing them with artificial ones. This procedure is needed if you have severe arthritis or a fracture in the shoulder joint.</li>\n<li><strong>Meniscus repair</strong> : Menisci is a C-shaped disc of soft tissue (called cartilage) that connects the thigh bone to the shinbone and helps keep the knee stable. Meniscus repair is an arthroscopic surgery done to repair torn knee cartilage. Athletes are prone to meniscus tears.</li>\n<li><strong>Achilles tendon repair</strong>: The Achilles tendon is a largest tendon in the body which connects the heel bones to the calf muscles. Achilles tendon is a&nbsp;springy band of tissue at the back of your ankle and above the heel. Achilles tendon repair surgery fixes a damaged Achilles tendon.</li>\n<li><strong>Herniated disc surgery</strong>: There are discs between the bones in the spine acting as shock absorbers. If the annulus within the spine is ruptured, a part of the disc nuclus will be pushed out of the annulus into the spinal canal. This condition is called a herniated disc. Lifting something wrong and suddenly twisting the spine can cause a&nbsp; herniated disc. This condition is not painful until the disc pushes against a nerve. Herniated disc surgery is usually done when other treatments have failed.</li>\n<li><strong>Laminectomy</strong> : Laminectomy surgery (also called Decompression surgery) is performed to create space by removing the lamina (back part of a vertebra which covers the spinal canal). Laminectomy relieves pressure on the spinal nerves. This surgery is usually done when other treatments are unable to help or the symptoms are severe.</li>\n<li><strong>Spinal fusion</strong>: Spinal fusion (also called Spondylodesis) is done to join two or more vertebrae (small bones in the spine). Spinal fusion is analogous to welding process.</li>\n<li><strong>PCL reconstruction surgery</strong> : To replace a torn Posterior cruciate ligament (PCL), the patient should undergo PCL reconstruction surgery. This surgery involves replacing the torn PCL with your own tissues or an allograft.</li>\n<li><strong>Scoliosis surgery</strong>: The presence of an abnormal curve in the spine is called scoliosis. To fix this abnormal curve, Scoliosis surgery is recommended. If the curve is bigger than 45-50 degrees Scoliosis surgery is needed.&nbsp;</li>\n</ul>\n<h3 id=\"Orthopedic-surgery-in-Iran\" class=\"template-subtitle\">Orthopedic surgery in Iran</h3>\n<p class=\"paragraph-medium paragraph-black template-p\">Iran is among the top 10 countries in <strong>Orthopedics. </strong>Iranian&nbsp;surgeons perform high-quality surgeries at affordable prices. Iran is also a great country to travel to due to its rich culture and history, warm-hearted people, and exquisite cuisine. Many people from various countries travel to Iran yearly to get different surgeries. If you have decided to travel to Iran for your <strong>Orthopedics </strong>surgery you can always contact <strong>MedtourIran</strong> to get consultation and plan your trip.</p>\n</div>','2019-11-07 10:02:07','2019-11-07 10:02:07'),(979,'faqs','question',1,'ku','What is Medtouriran?','2019-11-08 13:48:49','2019-11-08 13:48:49'),(980,'faqs','answer',1,'ku','<p>Medtouriran is an online medical tourism facilitator platform to provide this opportunity for citizens of one country to travel to IRAN and obtain high quality and affordable health care services. At now, this platform is active in Tehran, Mashhad and Shiraz, the biggest cities in Iran. Medtouriran provides all services international patients need include visa, flight, transfer, accommodation, medical and cosmetic services, city sightseeing and follow up.</p>','2019-11-08 13:48:49','2019-11-08 13:48:49'),(981,'faqs','question',2,'ku','Which medical and cosmetic services are provided in Medtouriran?','2019-11-08 13:49:57','2019-11-08 13:49:57'),(982,'faqs','answer',2,'ku','<p>The various elective medical services include diagnostic, ENT (ear, nose and throat), orthopedic, eye care, infertility, cardiology, dental health, and cosmetic operation include rhinoplasty, hair transplant, tommy tuck, liposuction, mammoplasty, eyelids surgery and so on are provided in Medtouriran.<span style=\"color: #00ffff;\"><strong><a style=\"color: #00ffff;\" href=\"https://medtouriran.com/en/procedures\" target=\"_blank\" rel=\"noopener\"> Click here</a></strong></span> to view the list of our procedures and<span style=\"color: #00ffff;\"> <strong><a style=\"color: #00ffff;\" href=\"https://medtouriran.com/en/packages\" target=\"_blank\" rel=\"noopener\">click here</a></strong></span> to view our medical and cosmetic packages. We also provide complementary and alternative medicine treatment for various diseased conditions that you can fill out our contact form at the bottom of the page if you need.</p>','2019-11-08 13:49:57','2019-11-08 13:49:57'),(983,'faqs','question',3,'ku','What should I do if the treatment I’m looking for is not mentioned in your platform?','2019-11-08 13:51:02','2019-11-08 13:51:02'),(984,'faqs','answer',3,'ku','<p>We have mentioned only some common popular treatments and cosmetic services in our website. If the treatment you are looking for is not undertaken at our platform, we are here to guide you for selection of the best possible options according to your requirement and medical condition. You can fill out our contact form and our colleague let you know more about various other medical and cosmetic procedures.</p>','2019-11-08 13:51:02','2019-11-08 13:51:02'),(985,'faqs','question',4,'ku',' In which criteria medical centers (clinics and hospitals) are selected? ','2019-11-08 13:54:43','2019-11-08 13:54:43'),(986,'faqs','answer',4,'ku','<p>We thrive on providing affordable and excellent medical services. We have chosen our affiliation on the basis of below mentioned criteria.</p>\n<p> State of art infrastructure</p>\n<p> Use of latest technology</p>\n<p> Well experienced health care provider</p>\n<p> Latest pathology and diagnostic laboratory</p>\n<p> Supportive cooperative staff, who can understand English and Arabic languages.</p>\n<p> Excellent hospitality</p>\n<p> Back-up plans and facilities to counter emergency needs - electrical power back up, enough competitive staff, blood arrangement, ambulance, escorts facility</p>\n<p> Cleanliness and hygienic environment</p>\n<p> Proper location- easy to reach destination that has easy access to other facilities such as market. Located at a quiet place away from noise and pollution of traffic.</p>\n<p> Review of their international, domestic, clinical and service credentials.</p>\n<p> We visit the place personally time to time and are in constant connection with organization, their staff to have the latest updates.</p>','2019-11-08 13:54:43','2019-11-08 13:54:43'),(987,'faqs','question',5,'ku','Which preparation is needed before a medical treatment travel?','2019-11-08 13:55:54','2019-11-08 13:55:54'),(988,'faqs','answer',5,'ku','<p>There are certain &lsquo;must know&rsquo; parameters which need to be carefully evaluated to ensure successful outcome and stay away from disastrous medical travel. The guidelines that will help you to have successful and fruitful medical journey are as mentioned below:</p>\n<p> Selection of the destination</p>\n<p> Selection of medical center, clinic or doctor. We let you know the educational, back-ground, work experience, patient&rsquo;s testimonials and success ratio of the concerned surgeon through clicking <span style=\"color: #00ffff;\"><strong><a style=\"color: #00ffff;\" href=\"https://medtouriran.com/en/services/doctors\" target=\"_blank\" rel=\"noopener\">our doctors</a>. </strong></span></p>\n<p> Consult with our wellness experts.</p>\n<p> To make sure you have a signed and valid passport and the required visa. It is better to have some copies of passport identification page that will be of great help if the passport is lost or stolen.</p>\n<p> To keep the scanned or photo copies of passport, passport photos, medical records, and paper tickets with the list of important phone numbers in email accounts.</p>\n<p> To carry complete medical reports/doctors notes, as well as copy of all drug prescriptions.<span style=\"color: #00ffff;\"> <strong><a style=\"color: #00ffff;\" href=\"https://medtouriran.com/en/blogs\" target=\"_blank\" rel=\"noopener\">Read more</a></strong></span></p>','2019-11-08 13:55:54','2019-11-08 13:55:54'),(989,'posts','body',12,'ar','<div id=\"template-content\" class=\"mceTmpl\">\n<ul>\n<li><a href=\"#a1\">العين</a></li>\n<li><a href=\"#a2\">ما هي أجزاء العين؟</a></li>\n<li><a href=\"#a3\">انواع امراض العين وعلاجها :</a></li>\n<li><a href=\"#a4\">أشهر أمراض العيون</a></li>\n<li><a href=\"#a5\">مرض المياه الزرق أو الجلوكوم و علاجه&nbsp;</a></li>\n<li><a href=\"#a6\">مرض المياه البيضاء- الماء الأبيض( الساد) و علاجه</a></li>\n<li><a href=\"#a7\">مرض إنحلال البقعة الصفراء و علاجه</a></li>\n<li><a href=\"#a8\">مرض إنفصال الشبكية و علاجه</a></li>\n<li><a href=\"#a9\">مرض إلتهاب الملتحمة( العين الوردية) و علاجه</a></li>\n<li><a href=\"#a10\">مرض إلتهاب القزحية و علاجه</a></li>\n<li><a href=\"#a11\">علاج أمراض العيون في إيران و شركة مدتورإيران</a></li>\n</ul>\n<h3 class=\"template-subtitle\"><span style=\"font-size: 12pt; color: #000000;\"><span style=\"font-weight: 400;\">ما هي العين؟ ما هي وظيفة العين؟ و ما هي أمراض العين؟ أية أمراض تعتبر أشهر أمراض العین؟ هل تجري عمليات علاج أمراض العين في إيران؟</span></span></h3>\n<h3 id=\"a1\" class=\"template-subtitle\">العين</h3>\n<p class=\"paragraph-medium paragraph-black template-p\" style=\"direction: rtl;\">إن العين هي مظهر الجمال و وسيلة النظر. إن العين هي عضو ثمين يمتلكها الإنسان. بعض الأشخاص يقيمون بإجراء جراحة العين الطبية و بعضهم يلجئون إلى جراحة العين التجميلية. نريد أن نقوم بذكر أمراض العيون في هذا المجال و شرح أشهرها و علاج هذه الأمراض، إن العيون تصيب بأمراض عديدة فعلينا أن نحافظ عنها بسبب أهميتها.</p>\n<h3 id=\"a2\" class=\"template-subtitle\">ما هي أجزاء العين؟</h3>\n<p class=\"paragraph-medium paragraph-black template-p\" style=\"direction: rtl;\">في البداية نتطرق إلى تركيب العين حتى نتعرف العين بشكل صحيح. إن العين تتكون من القرنية(هي نسيج شفاف في منتصف العين و وظيفتها هي تجميع الضوء و تركيزه على شبكية) و القزحية(غشاء تتغير حالته حسب وضع النظر و مؤثر في لون العين ) و بؤبؤ العين(ثغرة في وسط القزحية و يمر الضوء منها) و العدسة (تجمع الضوء و ترسله إلى الشبكية) و الشبكية(هذا الجزء يقوم بأخذ الضوء المجمع و إستبداله بالإشارات العصبية) و البقعة الصفراء(وظيفتها هي رؤية تفاصيل صغيرة و نوعية النظر ألتي تضع في مركز الشبكية) و العصب البصري(هي وسيلة الإتصال بين الشبكية و مركز الإبصار في المخ) و سائل العين(هو سائل شفاف يقوم بإمتلاء تجويف العين).</p>\n<h3 id=\"a3\" class=\"template-subtitle\">انواع امراض العين وعلاجها :</h3>\n<p class=\"paragraph-medium paragraph-black template-p\" style=\"direction: rtl;\">إن العيون تصاب بالأمراض المختلفة و تختلف هذه الأمراض من ناحية منطقة ألتي تصيب بالعيب و من جهة علاجها. في هذا القسم نذكر أمراض العيون و بعده نقوم بشرح بعض الأمراض الشائعة و علاجها.</p>\n<p class=\"paragraph-medium paragraph-black template-p\" style=\"direction: rtl;\">أمراض العيون: هي المياه الزرقاء أو الجلوكوميا أو الزرق و المياه البيضاء و إنحلال بقعة الصفراء و إنفصال الشبكية و إلتهاب الملتحمة و قصر النظر و إعتلال الشبكية السكري و إلتهاب الشبكية الصباغي و متلازمة تولوزا هنت و وذمة حليمة العصب البصري و التنكس البقعي و متلازمة باردت &ndash; بيدل و الساد أو كاتاراكت و شعيرة العين و عمى الألوان و الحول و الغمش أو كسل العين و التراخوما و التهاب العنبية و تشنج الجفن و جفاف العيون و إلتهاب العيون و إلتهاب باطن المقلة و الضمور البصري و سد شريان الشبكية و إلتهاب الجفون و الورم الأرومي الشبكي و إلتهاب بكتيري بالقرنية و الزرق الخلقي لأاولي و الزرق مفتوح الزاوية و الزرق متضيق الزاوية&nbsp; و الزجاجي المنفصل.</p>\n<h3 id=\"a4\" class=\"template-subtitle\">أشهر أمراض العيون</h3>\n<p class=\"paragraph-medium paragraph-black template-p\" style=\"direction: rtl;\">هنا نشرح بعض الأمراض الشهيرة و الشائعة للعين</p>\n<h3 id=\"a5\" class=\"template-subtitle\">مرض المياه الزرق أو الجلوكوم و علاجه&nbsp;</h3>\n<p class=\"paragraph-medium paragraph-black template-p\" style=\"direction: rtl;\">إن مرض المياه الزرق هو أشهر أمراض العيون و أخطرها ألتي تؤدي إلى فقدان البصر بالنسبة العالية. العصب البصري هو قسم يتأثر من مرض الجلوكوما ألذي يرفع ضغط العين الداخلي و يؤدي إلى فقدان البصر. إن هذا مرض العين لايرافق أعراض خاص ولكن يمكن علاجه بعد إكتشافه فورا. المياه الزرق يشتمل على نوعين مختلفتين و هما جلوكوما ذات زاوية مفتوحة و ذات الزاوية المغلقة . من خصائص نوع الأول من جلوكوما هي نوع شائع و من خصائص نوع الإثنين هي الألم الشديد و حالة مفاجئة تسبب فقدان البصر.&nbsp;</p>\n<h3 class=\"paragraph-medium paragraph-black template-p\" style=\"direction: rtl;\">علاج المياه الزرق أو جلوكوما</h3>\n<p class=\"paragraph-medium paragraph-black template-p\" style=\"direction: rtl;\">لايمكن أن نذكر علاج أكيد و قاطع لهذا المرض ولكن من الممكن أن يلجأ الشخص المريض إلى إستخدام بعض قطرات العيون أو اللجوء إلى الليزر و يمكن الوصول إلى العلاج التام و النجاح في عملية العلاج مع التشخيص المبكر لمرض الجلوكوما و هي عن طريق العملية الجراحية.</p>\n<h3 id=\"a6\" class=\"template-subtitle\">مرض المياه البيضاء- الماء الأبيض( الساد) و علاجه</h3>\n<p class=\"paragraph-medium paragraph-black template-p\" style=\"direction: rtl;\">متي يصيب الشخص بمرض المياه البيضاء أو الماء الأبيض؟ إن الشخص يصاب بهذا المرض إذا يتعرض لضربة شديدة بعينه أو عندما يعاني من مرض السكري أو يتناول الكورتيزون كثيرا. إن عدسة العين تصيب بهذا المرض و يتم تبديل لونها من اللون الشفاف إلى اللون الداكن و المعتم أو اللون الأبيض الغامق و يستمر هذا الإستبدال في اللون تدريجيا حتى يتم إستبدالها بشكل كامل إلى اللون المعتم.</p>\n<h3 class=\"paragraph-medium paragraph-black template-p\" style=\"direction: rtl;\">علاج مرض الساد</h3>\n<p class=\"paragraph-medium paragraph-black template-p\" style=\"direction: rtl;\">عندما يتم تشخيص مرض المياه البيضاء من جهة الطبيب، إنه يقوم بتوصية المريض بإستخدام النظارة الشمسية و تجنب النظر المباشر تحت أي ضوء ساطع طبيعي أو مصنوعي، و عندما لايصل الشخص بالعلاج فتجري العملية الجراحية لتبديل العدسة المعتمة بعدسة سليمة.</p>\n<h3 id=\"a7\" class=\"template-subtitle\">مرض إنحلال البقعة الصفراء و علاجه</h3>\n<p class=\"paragraph-medium paragraph-black template-p\" style=\"direction: rtl;\">إن البقعة الصفراء هي جزء يهتم برؤية التفاصيل الصغيرة و جودة المنظر و يواجه الكبار و الشيوخ بهذا المرض و بهذا السبب إنهم يعتبرون مجموعة يعاني من ضعف الرؤية المركزية فعندما يقومون بنظر أطرافهم يستطيعون أن يشاهدوا كل ما يوجد جوارهم ولكن لايقدرون على رؤية واضحة.</p>\n<h3 class=\"paragraph-medium paragraph-black template-p\" style=\"direction: rtl;\">علاج مرض إنحلال البقعة الصفراء</h3>\n<p style=\"direction: rtl;\">على الرغم من وجود علاجات مختلفة لهذا المرض ولكن لايمكن الوصول إلى علاج بالغ و من هذه العلاجات هي: الليزر و بعض الأدوية المضادة للأكسدة و الزنك و حقن العين.</p>\n<h3 id=\"a8\" class=\"template-subtitle\">&nbsp;مرض إنفصال الشبكية و علاجه</h3>\n<p class=\"paragraph-medium paragraph-black template-p\" style=\"direction: rtl;\">كما يتبين من إسم هذا المرض فهو يكون حالة إنفصال الشبكية عن جدار العين. عندما تتحرك الشبكية من مقرها و يتم نقلها من مكانها و إمتلاءه بالسائل الموجود في تجويف العين فيؤدي هذا الأمر إلى فصل الشبكية عن جدر العين ولكن ما هو سبب تحرك الشبكية و نقلها؟ إن هذه الحركة تجري تحت إصطدام شديد أو شرخ و فتحة.</p>\n<h3 class=\"paragraph-medium paragraph-black template-p\" style=\"direction: rtl;\">علاج مرض إنفصال الشبكية:</h3>\n<p class=\"paragraph-medium paragraph-black template-p\" style=\"direction: rtl;\">إن العملية الجراحية هي علاج إنفصال الشبكية و تقوم هذه العملية بإعادة تثبيت الشبكية. يمكن أن نقول إن هذه العملية تكون ناجحة في أكثر الأوقات أو دوما و يصل المريض بصحته بعد إجراء هذه العملية.</p>\n<h3 id=\"a9\" class=\"template-subtitle\">&nbsp;مرض إلتهاب الملتحمة( العين الوردية) و علاجه</h3>\n<p class=\"paragraph-medium paragraph-black template-p\" style=\"direction: rtl;\">يصيب الشخص في هذا المرض من أمراض العيون بإلتهاب في ملتحمة العين و الغشاء الشفاف و إحمرارها. تحدث هذه المشكلة بسبب إصابة العين بالبكتيريا أو الفيروسة أو بسبب وجود حساسية في العين و تعرضها للتراب أو ما يضر للعين.</p>\n<h3 class=\"paragraph-medium paragraph-black template-p\" style=\"direction: rtl;\">علاج العين الوردية:</h3>\n<p class=\"paragraph-medium paragraph-black template-p\" style=\"direction: rtl;\">عندما نتحدث عن علاج مرض إلتهاب ملتحمة العين فتختلف العلاجات بسبب إختلاف عوامل إيجاد هذا المرض. عندما تصيب العين بالفيروس فيستخدم القطرات المطهرة فقط و عندما تصيب العين بالبكتيريا فعلاجها هي قطرات المضاد الحيوي.</p>\n<h3 id=\"a10\" class=\"template-subtitle\">&nbsp;مرض إلتهاب القزحية و علاجه</h3>\n<p>إن مرض إلتهاب القزحية( إلتهاب العنبية الأمامي) تعتبر من أخطر أمراض العيون و نادرها. إن هذا الإلتهاب نوع من إلتهاب العنبية و سببه هو إلتهاب في الأوعية الدموية ألتي تقوم بتوصيل الأوكسجين و الغذاء إلى خلايا العين و بهذا السبب تمثل دورا بارزا في جودة الرؤية و مهمات العين. من أسباب إصابة العيون بهذا المرض هي البكتيريا و الفيروس أو عامل وراثي.</p>\n<h3 class=\"paragraph-medium paragraph-black template-p\" style=\"direction: rtl;\">علاج مرض إلتهاب القزحية:</h3>\n<p style=\"direction: rtl;\">توجد علاجات مختلفة لمرض إلتهاب العنبية الأمامي ولكن إن أفضل العلاج هو العلاج المبكر قبل تطور المرض في العين.</p>\n<h3 id=\"a11\" class=\"template-subtitle\" style=\"direction: rtl;\">علاج أمراض العيون في إيران و شركة مدتورإيران:</h3>\n<p style=\"direction: rtl;\">هل تجري العمليات جراحية أمراض العيون في إيران؟ هل يوجد الأطباء الأخصائيين في إيران؟ كم هي أسعار عمليات جراحة العيون لعلاج أمرضها؟</p>\n<p style=\"direction: rtl;\">نعم، تجري كل عملية تتعلق بعلاج أمراض العيون في إيران. إن العيادات التخصصية و المستشفيات المتطورة في إيران تقوم بإجراء العملية الجراحية لعلاج أنواع أمراض العيون. إن إيران تتمتع من خبرة الأطباء ألذين تم دراستهم في أفضل جامعات العالم أو إيران.</p>\n<p style=\"direction: rtl;\">شركة مدتورإيران هي شركة توفر لكم أحسن الخدمات و أفضل الأطباء لتشخيص أمراض العيون و علاجها و يمكن الحضور في مراكزها الطبية (بعض المستشفيات و العيادات) في طهران و مشهد و شيراز و الوصول إلى صحتكم.</p>\n<p style=\"direction: rtl;\">نشير إلى بعض أسعار العمليات الجراحية لأمراض العيون في شركة مدتور إيران:</p>\n<p style=\"direction: rtl;\">أسعار عملية علاج الماء الأبيض مع زراعة العدسة في طهران&nbsp; &nbsp; &nbsp; &nbsp; &nbsp; &nbsp;1150 دولارات</p>\n<p style=\"direction: rtl;\">أسعار عملية علاج الماء الأبيض مع زراعة العدسة في مشهد&nbsp; &nbsp; &nbsp; &nbsp; &nbsp; 1150 دولارات</p>\n<p style=\"direction: rtl;\">أسعار عملية علاج الماء الأبيض مع زراعة العدسة في شيراز&nbsp; &nbsp; &nbsp; &nbsp; &nbsp; 1050 دولارات</p>\n<p>&nbsp;</p>\n<p class=\"paragraph-medium paragraph-black template-p\" style=\"direction: rtl;\">&nbsp;</p>\n<p class=\"paragraph-medium paragraph-black template-p\" style=\"direction: rtl;\">&nbsp;</p>\n<p class=\"paragraph-medium paragraph-black template-p\" style=\"direction: rtl;\">&nbsp;</p>\n<p class=\"paragraph-medium paragraph-black template-p\" style=\"direction: rtl;\">&nbsp;</p>\n</div>','2019-11-13 08:08:22','2019-11-16 09:54:23'),(990,'posts','body',12,'ku','<div id=\"template-content\" class=\"mceTmpl\">\n<ul>\n<li><a href=\"#a1\">The eye</a></li>\n<li><a href=\"#a2\">Eye and eye disease</a></li>\n<li><a href=\"#a3\">What are the eye parts? </a></li>\n<li><a href=\"#a4\">Types of eye diseases and their treatment</a></li>\n<li><a href=\"#a5\">Most common eyes disease</a></li>\n<li><a href=\"#a6\">Glaucoma or Glaucoma Water Eye Disease and its treatment</a></li>\n<li><a href=\"#a7\">Treatment of Glaucoma</a></li>\n<li><a href=\"#a8\">Cataract or White water</a></li>\n<li><a href=\"#a9\">Treatment of Cataract</a></li>\n<li><a href=\"#a10\">Macular Degeneration</a></li>\n<li><a href=\"#a11\">Treatment of Macular Degeneration</a></li>\n<li><a href=\"#a12\">Retinal Detachment</a></li>\n<li><a href=\"#a13\">Treatment of Retinal Detachment</a></li>\n<li><a href=\"#a14\">Conjunctivitis</a></li>\n<li><a href=\"#a15\">Conjunctivitis treatment</a></li>\n<li><a href=\"#a16\">Eye Disease Treatment in Iran and MedTourIran Company</a></li>\n<li><a href=\"#a17\">Some eye surgery prices in MedTourIran</a></li>\n<li><a href=\"#a18\">Uveitis</a></li>\n<li><a href=\"#a19\">Uveitis</a></li>\n<li><a href=\"#a20\">Uveitis</a></li>\n</ul>\n<h3 id=\"a1\" class=\"template-subtitle\">lorem</h3>\n<p class=\"paragraph-medium paragraph-black template-p\">Lorem ipsum dolor</p>\n<ul class=\"template-ul\">\n<li><strong>The eye :</strong>What&rsquo;s the eye? What&rsquo;s its function? What&rsquo;s eye disease? What are the most common eye diseases?&nbsp; Is eye surgery treatment performed in Iran? .<a class=\"imp\" href=\"#\">Read More</a></li>\n<li><strong>lorem :</strong>Lorem ipsum dolor.<a class=\"imp\" href=\"#\">Read More</a></li>\n<li><strong>lorem :</strong>Lorem ipsum dolor.<a class=\"imp\" href=\"#\">Read More</a></li>\n<li><strong>lorem :</strong>Lorem ipsum dolor.<a class=\"imp\" href=\"#\">Read More</a></li>\n<li><strong>lorem :</strong>Lorem ipsum dolor.<a class=\"imp\" href=\"#\">Read More</a></li>\n<li><strong>lorem :</strong>Lorem ipsum dolor.<a class=\"imp\" href=\"#\">Read More</a></li>\n<li><strong>lorem :</strong>Lorem ipsum dolor.<a class=\"imp\" href=\"#\">Read More</a></li>\n<li><strong>lorem :</strong>Lorem ipsum dolor.<a class=\"imp\" href=\"#\">Read More</a></li>\n</ul>\n<h3 id=\"a2\" class=\"template-subtitle\">lorem</h3>\n<p class=\"paragraph-medium paragraph-black template-p\">Lorem ipsum dolor</p>\n<ul class=\"template-ul\">\n<li><strong>lorem :</strong>Lorem ipsum dolor.<a class=\"imp\" href=\"#\">Read More</a></li>\n<li><strong>lorem :</strong>Lorem ipsum dolor.<a class=\"imp\" href=\"#\">Read More</a></li>\n<li><strong>lorem :</strong>Lorem ipsum dolor.<a class=\"imp\" href=\"#\">Read More</a></li>\n<li><strong>lorem :</strong>Lorem ipsum dolor.<a class=\"imp\" href=\"#\">Read More</a></li>\n<li><strong>lorem :</strong>Lorem ipsum dolor.<a class=\"imp\" href=\"#\">Read More</a></li>\n<li><strong>lorem :</strong>Lorem ipsum dolor.<a class=\"imp\" href=\"#\">Read More</a></li>\n<li><strong>lorem :</strong>Lorem ipsum dolor.<a class=\"imp\" href=\"#\">Read More</a></li>\n<li><strong>lorem :</strong>Lorem ipsum dolor.<a class=\"imp\" href=\"#\">Read More</a></li>\n</ul>\n<h3 id=\"a3\" class=\"template-subtitle\">lorem</h3>\n<p class=\"paragraph-medium paragraph-black template-p\">Lorem ipsum dolor</p>\n<ul class=\"template-ul\">\n<li><strong>lorem :</strong>Lorem ipsum dolor.<a class=\"imp\" href=\"#\">Read More</a></li>\n<li><strong>lorem :</strong>Lorem ipsum dolor.<a class=\"imp\" href=\"#\">Read More</a></li>\n<li><strong>lorem :</strong>Lorem ipsum dolor.<a class=\"imp\" href=\"#\">Read More</a></li>\n<li><strong>lorem :</strong>Lorem ipsum dolor.<a class=\"imp\" href=\"#\">Read More</a></li>\n<li><strong>lorem :</strong>Lorem ipsum dolor.<a class=\"imp\" href=\"#\">Read More</a></li>\n<li><strong>lorem :</strong>Lorem ipsum dolor.<a class=\"imp\" href=\"#\">Read More</a></li>\n<li><strong>lorem :</strong>Lorem ipsum dolor.<a class=\"imp\" href=\"#\">Read More</a></li>\n<li><strong>lorem :</strong>Lorem ipsum dolor.<a class=\"imp\" href=\"#\">Read More</a></li>\n</ul>\n<h3 id=\"a4\" class=\"template-subtitle\">lorem</h3>\n<p class=\"paragraph-medium paragraph-black template-p\">Lorem ipsum dolor</p>\n<ul class=\"template-ul\">\n<li><strong>lorem :</strong>Lorem ipsum dolor.<a class=\"imp\" href=\"#\">Read More</a></li>\n<li><strong>lorem :</strong>Lorem ipsum dolor.<a class=\"imp\" href=\"#\">Read More</a></li>\n<li><strong>lorem :</strong>Lorem ipsum dolor.<a class=\"imp\" href=\"#\">Read More</a></li>\n<li><strong>lorem :</strong>Lorem ipsum dolor.<a class=\"imp\" href=\"#\">Read More</a></li>\n<li><strong>lorem :</strong>Lorem ipsum dolor.<a class=\"imp\" href=\"#\">Read More</a></li>\n<li><strong>lorem :</strong>Lorem ipsum dolor.<a class=\"imp\" href=\"#\">Read More</a></li>\n<li><strong>lorem :</strong>Lorem ipsum dolor.<a class=\"imp\" href=\"#\">Read More</a></li>\n<li><strong>lorem :</strong>Lorem ipsum dolor.<a class=\"imp\" href=\"#\">Read More</a></li>\n</ul>\n<h3 id=\"a5\" class=\"template-subtitle\">lorem</h3>\n<p class=\"paragraph-medium paragraph-black template-p\">Lorem ipsum dolor</p>\n<ul class=\"template-ul\">\n<li><strong>lorem :</strong>Lorem ipsum dolor.<a class=\"imp\" href=\"#\">Read More</a></li>\n<li><strong>lorem :</strong>Lorem ipsum dolor.<a class=\"imp\" href=\"#\">Read More</a></li>\n<li><strong>lorem :</strong>Lorem ipsum dolor.<a class=\"imp\" href=\"#\">Read More</a></li>\n<li><strong>lorem :</strong>Lorem ipsum dolor.<a class=\"imp\" href=\"#\">Read More</a></li>\n<li><strong>lorem :</strong>Lorem ipsum dolor.<a class=\"imp\" href=\"#\">Read More</a></li>\n<li><strong>lorem :</strong>Lorem ipsum dolor.<a class=\"imp\" href=\"#\">Read More</a></li>\n<li><strong>lorem :</strong>Lorem ipsum dolor.<a class=\"imp\" href=\"#\">Read More</a></li>\n<li><strong>lorem :</strong>Lorem ipsum dolor.<a class=\"imp\" href=\"#\">Read More</a></li>\n</ul>\n<h3 id=\"a6\" class=\"template-subtitle\">lorem</h3>\n<p class=\"paragraph-medium paragraph-black template-p\">Lorem ipsum dolor</p>\n<ul class=\"template-ul\">\n<li><strong>lorem :</strong>Lorem ipsum dolor.<a class=\"imp\" href=\"#\">Read More</a></li>\n<li><strong>lorem :</strong>Lorem ipsum dolor.<a class=\"imp\" href=\"#\">Read More</a></li>\n<li><strong>lorem :</strong>Lorem ipsum dolor.<a class=\"imp\" href=\"#\">Read More</a></li>\n<li><strong>lorem :</strong>Lorem ipsum dolor.<a class=\"imp\" href=\"#\">Read More</a></li>\n<li><strong>lorem :</strong>Lorem ipsum dolor.<a class=\"imp\" href=\"#\">Read More</a></li>\n<li><strong>lorem :</strong>Lorem ipsum dolor.<a class=\"imp\" href=\"#\">Read More</a></li>\n<li><strong>lorem :</strong>Lorem ipsum dolor.<a class=\"imp\" href=\"#\">Read More</a></li>\n<li><strong>lorem :</strong>Lorem ipsum dolor.<a class=\"imp\" href=\"#\">Read More</a></li>\n</ul>\n<h3 id=\"a7\" class=\"template-subtitle\">lorem</h3>\n<p class=\"paragraph-medium paragraph-black template-p\">Lorem ipsum dolor</p>\n<ul class=\"template-ul\">\n<li><strong>lorem :</strong>Lorem ipsum dolor.<a class=\"imp\" href=\"#\">Read More</a></li>\n<li><strong>lorem :</strong>Lorem ipsum dolor.<a class=\"imp\" href=\"#\">Read More</a></li>\n<li><strong>lorem :</strong>Lorem ipsum dolor.<a class=\"imp\" href=\"#\">Read More</a></li>\n<li><strong>lorem :</strong>Lorem ipsum dolor.<a class=\"imp\" href=\"#\">Read More</a></li>\n<li><strong>lorem :</strong>Lorem ipsum dolor.<a class=\"imp\" href=\"#\">Read More</a></li>\n<li><strong>lorem :</strong>Lorem ipsum dolor.<a class=\"imp\" href=\"#\">Read More</a></li>\n<li><strong>lorem :</strong>Lorem ipsum dolor.<a class=\"imp\" href=\"#\">Read More</a></li>\n<li><strong>lorem :</strong>Lorem ipsum dolor.<a class=\"imp\" href=\"#\">Read More</a></li>\n</ul>\n<h3 id=\"a8\" class=\"template-subtitle\">lorem</h3>\n<p class=\"paragraph-medium paragraph-black template-p\">Lorem ipsum dolor</p>\n<ul class=\"template-ul\">\n<li><strong>lorem :</strong>Lorem ipsum dolor.<a class=\"imp\" href=\"#\">Read More</a></li>\n<li><strong>lorem :</strong>Lorem ipsum dolor.<a class=\"imp\" href=\"#\">Read More</a></li>\n<li><strong>lorem :</strong>Lorem ipsum dolor.<a class=\"imp\" href=\"#\">Read More</a></li>\n<li><strong>lorem :</strong>Lorem ipsum dolor.<a class=\"imp\" href=\"#\">Read More</a></li>\n<li><strong>lorem :</strong>Lorem ipsum dolor.<a class=\"imp\" href=\"#\">Read More</a></li>\n<li><strong>lorem :</strong>Lorem ipsum dolor.<a class=\"imp\" href=\"#\">Read More</a></li>\n<li><strong>lorem :</strong>Lorem ipsum dolor.<a class=\"imp\" href=\"#\">Read More</a></li>\n<li><strong>lorem :</strong>Lorem ipsum dolor.<a class=\"imp\" href=\"#\">Read More</a></li>\n</ul>\n<p class=\"paragraph-medium paragraph-black template-p\">Lorem ipsum dolor sit amet,</p>\n</div>','2019-11-13 08:08:22','2019-11-13 08:08:22'),(991,'tags','title',8,'ar','جراحه العین','2019-11-13 10:15:50','2019-11-13 10:15:50'),(992,'tags','title',9,'ar','عملية ليزك للعيون','2019-11-13 10:19:30','2019-11-16 09:59:03'),(993,'posts','title',12,'ar','أمراض العيون','2019-11-16 04:54:59','2019-11-16 05:37:58'),(994,'posts','title',12,'ku','All About Types Of Eye Diseases And Their Treatment','2019-11-16 04:54:59','2019-11-16 04:54:59'),(995,'posts','slug',12,'ar','amradh-alaywn','2019-11-16 04:54:59','2019-11-16 05:37:58'),(996,'posts','slug',12,'ku','all-about-types-of-eye-diseases-and-their-treatment','2019-11-16 04:54:59','2019-11-16 04:54:59'),(997,'posts','body',13,'ar','<div id=\"template-content\" class=\"mceTmpl\">\n<ul>\n<li><a href=\"#a1\">القلب</a></li>\n<li><a href=\"#a2\">طب القلب</a></li>\n<li><a href=\"#a3\">أمراض القلب و أعراضها</a></li>\n<li><a href=\"#a4\">أمراض الأوعية الدمويّة و أعراضها</a></li>\n<li><a href=\"#a5\">حالات عدم انتظام نبضات القلب و أعراضها</a></li>\n<li><a href=\"#a6\">عيوب القلب الخَلقيّة و أعراضها</a></li>\n<li><a href=\"#a7\">عدوى القلب و أعراضه</a></li>\n<li><a href=\"#a8\">أمراض صمّامات القلب و أعراضها</a></li>\n<li><a href=\"#a9\">الفشل القلبيّ</a></li>\n<li><a href=\"#a10\">علاج أمراض القلب</a></li>\n<li><a href=\"#a11\">علاج أمراض القلب في إيران</a></li>\n<li><a href=\"#a12\">علاج أمراض القلب في مدتورإيران</a></li>\n</ul>\n<h3 class=\"template-subtitle\"><span style=\"font-size: medium;\"><span style=\"font-weight: 400;\">ما هو القلب؟ و ما هو طب القلب؟ ما هي أمراض القلب؟ و ما هي أعراض طب القلب؟ هل يرتبط القلب بالشرايين و الأوعية الدموية و الأعصاب؟ هل يمكن علاج أمراض القلب في إيران؟ نحن معكم حتى نقوم بإجابة هذه الأسئلة.</span></span></h3>\n<h3 id=\"a1\" class=\"template-subtitle\">القلب</h3>\n<p class=\"paragraph-medium paragraph-black template-p\">إن القلب هو عضو أساسي في الجهاز الدوراني و عملية ضخ الدم تتم عن طريق القلب إلى أعضاء الجسم تماما.&nbsp; يحافط القفص الصدري على القلب و هذا بسبب أهمية القلب في الجسم و بقاء الإنسان و حجم القلب يكون كقبضة اليد تقريبا.</p>\n<p class=\"paragraph-medium paragraph-black template-p\">إن الأوعية الدموية هي جهاز يقوم بتوزيع الدم في الجسم و تجري هذه العملية مع إنقباض القلب لضخ الدم منتظما. يشتمل القلب على 4 حجرات تفعل معا لإجراء عملية القلب و ضخ الدم و هذه الحجرات تضع في جبهتين اليمين و اليسار. إن الحجرات ألتي تقع في جهة اليمين تشتمل على الدم غير الصافي و الغير المؤكسج و الحجرات ألتي تضع في جبهة اليسار تحتوي على الدم النظيف و دم يوجد فيه الأكسجين.</p>\n<h3 id=\"a2\" class=\"template-subtitle\">طب القلب:</h3>\n<p class=\"paragraph-medium paragraph-black template-p\">طب القلب يعتبر من فروع الطب الباطني و يهتم بعلاج أمراض القلب و صحته و الجهاز الدوران. إن فرع طب القلب يقوم بتشخيص الأمراض و أعراض الأمراض. إن طبيب القلب هو متخصص في هذا المجال. طب القلب يشتمل عمل بعض الفروع و هي طب القلب و الشرايين و طب القلب التداخلي و القلب و الأعصاب و طب القلب النووي و آخر الأمور المتعلقة بالقلب.</p>\n<h3 id=\"a3\" class=\"template-subtitle\">أمراض القلب و أعراضها :</h3>\n<p class=\"paragraph-medium paragraph-black template-p\">ما هي أمراض يصيب القلب بها ؟ إن القلب هو عضو يتكون من الأجزاء المختلفة و يرتبط عمله بآخر الأعضاء و بهذا السبب يعتبر القلب من الأعضاء الهامة في الجسم و من الواجب أن نعرف أمراض القلب حتى نقوم بالوقاية أو علاجها. نريد أن نقدم لكم بعض المعلومات حول الأمراض الشائعة للقلب فنذكر المرض و نشرح بعض&nbsp; المعلومات و أعراض أي مرض القلب كتضيق النفس و الإرهاق و ألم الصدر ألذي يكون شائع بين كل أمراض القلب.</p>\n<h3 id=\"a4\" class=\"template-subtitle\">أمراض الأوعية الدمويّة و أعراضها</h3>\n<p class=\"paragraph-medium paragraph-black template-p\">جهاز الدورة الدموية يتكون من أوعية مختلفة و شرايين متعددة و&nbsp; هذا الجهاز يهتم بنقل الدم ألذي يحتوي على الأكسجين و يتم هذا النقل من القلب إلى أنسجة الجسم و كل الأعضاء و هذا الجهاز يقوم بأداء آخر المهمات. إن أمراض الأوعية الدموية تكون منبثقة من إلتصاق الكوليسترول في جدران الأوعية و تشتمل على ضيق الأوعية الدموية أو إنسدادها. إن أمراض الأوعية الدموية تنقسم إلى أنواع عديدة و تصلب الشرايين هو عامل يسبب مرض القلب التاجي و النوبة القلبية و الذبحة الصدرية.</p>\n<h3 class=\"paragraph-medium paragraph-black template-p\" style=\"direction: rtl;\">أعراض أمراض الأوعية الدموية:</h3>\n<ul class=\"template-ul\">\n<li><strong>الإحساس بألم في الصدر و ضيق فيه</strong></li>\n<li><strong>الإحساس بألم في العنق أو الحلق أ الفك</strong></li>\n<li><strong>ضيق النفس</strong></li>\n<li><strong>الإحساس بالضعف أو الألم في الذراعين</strong></li>\n<li><strong>الإحساس بالألم في الظهر أو البطن</strong></li>\n</ul>\n<h3 id=\"a6\" class=\"template-subtitle\">حالات عدم انتظام نبضات القلب و أعراضها</h3>\n<p class=\"paragraph-medium paragraph-black template-p\">إن حالة عدم إنتظام نبضات القلب تعتبر من آخر أمراض القلب ألتي تؤدي إلى ضعف عملية الدورة الدموية و ترتبط حالة عدم إنتظام ضربات القلب بسرعة دقات القلب و في هذا المرض يدق القلب بالهدوء جدا أو بالسرعة العالية. عندما يواجه القلب بوجود بعض التغييرات في الدائرة القصيرة في القلب أو في النظام الكهربائي المتعلق بالقلب فيواجه الشخص بمرض عدم إنتظام نبضات القلب. إن حالة عدم إنتظام ضربات القلب قد تؤدي إلى إرتفاع خطر السكتة الدماغية و فشل القلب.</p>\n<h3 class=\"paragraph-medium paragraph-black template-p\" style=\"direction: rtl;\">أعراض حالات عدم انتظام نبضات القلب:</h3>\n<ul class=\"template-ul\">\n<li><strong>ضيق التنفس</strong></li>\n<li><strong>الدوخة و الدوار</strong></li>\n<li><strong>الإحساس بألم في الصدر</strong></li>\n<li><strong>فقدان الوعي</strong></li>\n<li><strong>السرعة أو الهدوء في ضربات القلب</strong></li>\n</ul>\n<h3 id=\"a8\" class=\"template-subtitle\">عيوب القلب الخَلقيّة و أعراضها</h3>\n<p class=\"paragraph-medium paragraph-black template-p\">عيوب القلب الخلقية أو مرض القلب الخلقي هو مرض موجود في الجسم و القلب عند الولادة و يرتبط بعيوب بنية القلب و الأوعية الكبرى. إن هذا المرض قد يؤدي إلى تعوق تأخر تدفق الدم في القلب أو الأوعية و تعوقعه. عندما يعارض القلب بعدم تكوينه في جسم الجنين فيصاب المولود بمرض القلب الخلقي و يواجه خلال حياته ببعض المشاكل البسيطة أو المعقدة ألتي تسبب وجود الصعوبة في الحياة.</p>\n<h3 class=\"paragraph-medium paragraph-black template-p\" style=\"direction: rtl;\">أعراض مرض القلب الخلقي:</h3>\n<p>بالنسبة لحديث الولادة:</p>\n<ul class=\"template-ul\">\n<li><strong>لون جلده هو أرزق أو رمادي</strong></li>\n<li><strong>وجود التورم أو إنتفاح الساقين أو البطن</strong></li>\n<li><strong>ضيق تنفس الرضيعة إبان الرضاعة</strong></li>\n</ul>\n<p>بالنسبة للأطفال و الكبار:</p>\n<ul class=\"template-ul\">\n<li><strong>ضيق تنفس المريض خلال الأنشطة القليلة</strong></li>\n<li><strong>الإرهاق بعد الأنشطة القليلة</strong></li>\n<li><strong>الإنتفاح في اليدين و القدمين و الكاحلين&nbsp;</strong></li>\n</ul>\n</div>\n<h3 id=\"a9\" class=\"template-subtitle\">عدوى القلب و أعراضه</h3>\n<p>عدوي القلب هو مرض يرتبط بعدوي عضلة القلب و إلتهاب بطانة القلب الداخلية ألذي يتم تأثيره على الغشاء الداخلي في القلب يعني الشغاف ألذي مهمته هي إيجاد الفصل بين صمامات القلب و حجراته.</p>\n<h3 class=\"paragraph-medium paragraph-black template-p\" style=\"direction: rtl;\">أعراض مرض عدوى القلب:</h3>\n<ul class=\"template-ul\">\n<li><strong>ضيق التنفس</strong></li>\n<li><strong>الدوخة و الدوار</strong></li>\n<li><strong>الإحساس بألم في الصدر</strong></li>\n<li><strong>فقدان الوعي</strong></li>\n<li><strong>السرعة أو الهدوء في ضربات القلب</strong></li>\n</ul>\n<ul>\n<li><strong>ضيق التنفس</strong></li>\n<li><strong>الإرهاق</strong></li>\n<li><strong>الضعف</strong></li>\n<li><strong>إرتفاع درجة الحرارة و الحمى</strong></li>\n<li><strong>إنتفاح الساقين و تورم البطن</strong></li>\n<li><strong>إصابة بالسعال</strong></li>\n<li><strong>بروز بقع غير مألوفة أو الطفح الجلدي</strong></li>\n</ul>\n<h3 id=\"a10\" class=\"template-subtitle\">أمراض صمّامات القلب و أعراضها</h3>\n<p class=\"paragraph-medium paragraph-black template-p\">إن عملية تدفق الدم داخل القلب تعتمد على صمامات القلب. يشتمل القلب على 4 صمامات تقوم بهذه العملية و هي: الصمام الأبهري و الصمام التاجي و الصمام الرئوي و الصمام ثلاثي الشرفات. بعض الأوقات تصاب هذه الصمامات ببعض العيوب ألتي تسمي بأمراض صمامات القلب و هي التضيق في الصمامات و إعادة دخول الدم إلى القلب و إيجاد الخلل في إغلاق الصمامات.</p>\n<h3 class=\"paragraph-medium paragraph-black template-p\" style=\"direction: rtl;\">أعراض أمراض صمّامات القلب:</h3>\n<ul>\n<li><strong>ضيق التنفس</strong></li>\n<li><strong>الإحساس بالألم في الصدر</strong></li>\n<li><strong>الإرهاق&nbsp;</strong></li>\n<li><strong>الإغماء</strong></li>\n<li><strong>إنتفاح القدمين أو الكاحلين</strong></li>\n</ul>\n<h3 id=\"a11\" class=\"template-subtitle\">الفشل القلبيّ:</h3>\n<p class=\"paragraph-medium paragraph-black template-p\">فشل القلب أو فشل القلب الإحتقاني أو قصور القلب هو يعتبر من إحدى أمراض القلب الشائعة . في هذا المرض لايقدر القلب على ضخ الدم بالنسبة الكافية إلى كل الأعضاء و كل الجسم و هذا الدم الذي يتم ضخه يحتوي على الأوكسجين و يعتبر من أهم العوامل لأداء المهمات من قبل الجسم. يمكن الإشارة ببعض أسباب تؤدي إلى فشل القلب و هي النوبة القبلية أو إرتفاع ضغط الدم أو مرض السكري.</p>\n<h3 id=\"a12\" class=\"template-subtitle\">الفشل القلبيّ</h3>\n<p class=\"paragraph-medium paragraph-black template-p\">عيوب القلب الخلقية أو مرض القلب الخلقي هو مرض موجود في الجسم و القلب عند الولادة و يرتبط بعيوب بنية القلب و الأوعية الكبرى. إن هذا المرض قد يؤدي إلى تعوق تأخر تدفق الدم في القلب أو الأوعية و تعوقعه. عندما يعارض القلب بعدم تكوينه في جسم الجنين فيصاب المولود بمرض القلب الخلقي و يواجه خلال حياته ببعض المشاكل البسيطة أو المعقدة ألتي تسبب وجود الصعوبة في الحياة.</p>\n<h3 id=\"a12\" class=\"template-subtitle\">علاج أمراض القلب</h3>\n<p class=\"paragraph-medium paragraph-black template-p\">كما قرأنا توجد عديدة من أمراض القلب و لهذا توجد أنواع&nbsp; الأدوية والعملية الجراحية لعلاج هذه الأمراض و بسبب المهمة الخطيرة و الهامة ألتي يقوم القلب بتنفيذها، علينا أن نحافظ عن القلب و عندما نواجه بأعراض ترشدنا إلى أمراض القلب فعلينا أن نقوم بزيارة طبيب أخصائي و طبيب القلب الأخصائي و نهتم بأوامره و وصفته حتى نصل إلى الصحة الكاملة. يستخدم الأطباء علاجات مختلفة لأمراض القلب و هي الأدوية و العمليات الجراحية المختلفة ألتي نشير إليها في هذا المقال:</p>\n<h3 class=\"paragraph-medium paragraph-black template-p\" style=\"direction: rtl;\">بعض الأدوية:&nbsp;</h3>\n<p class=\"paragraph-medium paragraph-black template-p\">أدوية لإنخفاض الكوليسترول و كلوبيدوقرل والأسبرين و وارفارين و حاصرات مستقبلات بيتا و آخر الأدوية.</p>\n<h3 class=\"paragraph-medium paragraph-black template-p\" style=\"direction: rtl;\">بعض العمليات الجراحية لعلاج أمراض القلب:&nbsp;</h3>\n<p>عملية جراحة قلب المفتوح و عملية زراعة القلب و عملية زراعة القلب الإصطناعي و عملية إصلاح و تعديل و إستبدال صمامات القلب و علاج الرجفان الأذيني و عملية زراعة جهاز ضبط نبضات القلب و عملية رأب الأوعية الدموية و عملية قسطرة القلب و عملية إستئصال التأمور.</p>\n<p>&nbsp;</p>\n<h3 id=\"a13\" class=\"template-subtitle\">علاج أمراض القلب في إيران</h3>\n<p class=\"paragraph-medium paragraph-black template-p\">يمكن علاج أمراض القلب في إيران مع جودة عالية. إن إيران هي مركز طبي كبير تجري فيها أنواع العمليات الجراحية و منها العمليات الجراحية للقلب. وجود الأطباء المتخصصين و الأجهزة الحديثة في إيران و تطوير إيران في مجال جراحات القلب يوفر لكل شخص أن يحضر في إيران لعلاج أمراض القلب. إن المراكز الموجودة في إيران و تقنياتها الحديثة تساعد أطباء القلب المتخصصين أن يقوموا بإجراء أنواع عملية جراحة القلب بجودة عالية. توجد في إيران مستشفيات كثيرة و شهيرة في المدن المختلفة ألتي تقوم بإجراء أنواع العمليات الجراحية و يخضع كثير من المرضي الإيرانيين و الأجنبيين للعلاج في هذه المراكز و جدير للذكر إن أسعار العمليات الجراحية تكون معقولة بالنسبة لبلدان أخري.</p>\n<h3 id=\"a14\" class=\"template-subtitle\">علاج أمراض القلب في مدتورإيران</h3>\n<p class=\"paragraph-medium paragraph-black template-p\">إن شركة مدتورإيران تقوم بتقديم أية خدمات صحية و تشخيصية و علاجية منها إجراء أنواع عمليات جراحة القلب في مراكز شهيرة و هذه المراكز تستخدم أفضل الأطباء و تقدم أفضل الخدمات للمرضى ألذين يعانون من أمراض القلب و علينا أن نقول بخدمتكم مع أسعار معقولة جدا.&nbsp;</p>\n<p class=\"paragraph-medium paragraph-black template-p\">&nbsp;</p>\n<p class=\"paragraph-medium paragraph-black template-p\">&nbsp;</p>\n<p class=\"paragraph-medium paragraph-black template-p\">&nbsp;</p>\n<p class=\"paragraph-medium paragraph-black template-p\">&nbsp;</p>\n<p class=\"paragraph-medium paragraph-black template-p\">&nbsp;</p>','2019-11-16 09:54:01','2019-11-16 11:54:23'),(998,'posts','body',13,'ku','<div id=\"template-content\" class=\"mceTmpl\">\n<p>What&rsquo;s Heart? What&rsquo;s Cardiology? What&rsquo;s heart disease and what are Cardiology symptoms? Is the heart related to the arteries and the blood vessels and the nerves? Can heart disease be treated in Iran? We are here to answer these questions</p>\n<ul>\n<li><a href=\"#a1\">Heart</a></li>\n<li><a href=\"#a2\">Cardiology</a></li>\n<li><a href=\"#a3\">Heart disease and symptoms</a></li>\n<li><a href=\"#a4\">Vascular disease and symptoms</a></li>\n<li><a href=\"#a5\">Arrhythmias and symptoms</a></li>\n<li><a href=\"#a6\">Congenital heart defects and symptoms</a></li>\n<li><a href=\"#a7\">Heart infection and symptoms</a></li>\n<li><a href=\"#a8\">Heart valves diseases and symptoms</a></li>\n<li><a href=\"#a9\">Cardiac failure</a></li>\n<li><a href=\"#a10\">Treatment of heart disease in Iran</a></li>\n<li><a href=\"#a11\">Treatment of heart disease in MedTourIran</a></li>\n</ul>\n<h3 id=\"a1\" class=\"template-subtitle\">Heart</h3>\n<p class=\"paragraph-medium paragraph-black template-p\">&nbsp;The heart is an integral organ of the circulatory system and the process of pumping blood to all the organs of the body is done by the heart. The rib cage protects the heart and that&rsquo;s because of its importance inside the body and the survival of the human. The size of human heart is roughly a fist.</p>\n<p class=\"paragraph-medium paragraph-black template-p\">Blood vessels are systems that distributes blood in the body and this process is done through the systole of the heart to pump blood regularly. The heart has four chambers that work together to perform the heart function and pump the blood. These chambers are placed on the left and the right side. The right chambers include the unclean and deoxygenated blood, and the left chambers include clean blood and blood that contains oxygen.</p>\n<h3 id=\"a2\" class=\"template-subtitle\">Cardiology</h3>\n<p class=\"paragraph-medium paragraph-black template-p\">&nbsp;Cardiology is considered one of the branches of internal medicine and is concerned with the treatment of heart disease, health and circulatory system. The branch of Cardiology diagnoses diseases and the symptoms of them. A cardiologist is a specialist in this field. Cardiology includes the functions of some branches such as cardiology and arteries, interventional cardiology, heart and neurology, nuclear cardiology and other relevant cardiovascular issues.</p>\n<h3 id=\"a3\" class=\"template-subtitle\">Heart disease and symptoms</h3>\n<p class=\"paragraph-medium paragraph-black template-p\">What kind of diseases affect the heart? The heart is an organ consisted of different parts and its function is related to other organs. This is why the heart is regarded as one of the important organs in the body and it is necessary to know heart diseases in order to prevent or treat them. We give you some information about common heart diseases then we mention the disease and explain some information and symptoms of any heart disease such as shortness of breath, fatigue and chest pain, which are common among all heart diseases.</p>\n<h3 id=\"a4\" class=\"template-subtitle\">Vascular disease and symptoms</h3>\n<p class=\"paragraph-medium paragraph-black template-p\">The circulatory blood system consists of different vessels and multiple arteries. This system is concerned with the transfer of blood, which contains oxygen and this is done from the heart to the tissues and all organs of the body. Vascular disease stems from the adherence of cholesterol to the walls of the vessels and include narrowing or blockage of blood vessels. Vascular diseases are divided into many types and atherosclerosis is a factor that causes coronary heart disease, heart attack and angina.&nbsp;</p>\n<p class=\"paragraph-medium paragraph-black template-p\">Symptoms of vascular disease:</p>\n<p class=\"paragraph-medium paragraph-black template-p\">&nbsp;Chest pain and chest-tightness&nbsp;</p>\n<p class=\"paragraph-medium paragraph-black template-p\">&nbsp;Pain in the neck or throat or jaw</p>\n<p class=\"paragraph-medium paragraph-black template-p\">Shortness of breath</p>\n<p class=\"paragraph-medium paragraph-black template-p\">Feeling weakness or pain in the arms</p>\n<p class=\"paragraph-medium paragraph-black template-p\">Pain in the back or abdomen</p>\n<h3 id=\"a5\" class=\"template-subtitle\">Arrhythmias and symptoms</h3>\n<p class=\"paragraph-medium paragraph-black template-p\">The irregular heartbeat is regarded as one of the latest heart diseases that leads to poor blood circulation and is associated with the speed of heart rate. In this disease the heart beats either very slowly or very quickly. Arrhythmias occurs when the heart is confronted with some changes in the short circuit of the heart or in the electrical system related to the heart. The irregular heartbeat may lead to an increased risk of stroke and heart failure.</p>\n<p class=\"paragraph-medium paragraph-black template-p\">Symptoms of arrhythmias:</p>\n<p class=\"paragraph-medium paragraph-black template-p\">Difficulty breathing</p>\n<p class=\"paragraph-medium paragraph-black template-p\">Dizziness&nbsp;</p>\n<p class=\"paragraph-medium paragraph-black template-p\">&nbsp;Chest pain</p>\n<p class=\"paragraph-medium paragraph-black template-p\">Unconsciousness or Syncope&nbsp;</p>\n<p class=\"paragraph-medium paragraph-black template-p\">Fast or slow heartbeat</p>\n<h3 id=\"a6\" class=\"template-subtitle\">Congenital heart defects and symptoms</h3>\n<p class=\"paragraph-medium paragraph-black template-p\">Congenital heart defects or congenital heart disease is a disease exists in the body and heart since birth and is associated with defects of the heart structure and major vessels. This disease may lead to obstruction and delay blood flow in the heart or vessels. This disease may lead to obstruction and delay blood flow in the heart or vessels. When the heart is opposed to its non-formation in the body of the fetus, the baby is born with congenital heart disease and will face some minor or major problems that leads to hardship in life.</p>\n<p class=\"paragraph-medium paragraph-black template-p\">Symptoms of congenital heart disease:</p>\n<h3 id=\"a7\" class=\"template-subtitle\">Heart infection and symptoms</h3>\n<p class=\"paragraph-medium paragraph-black template-p\">&nbsp;Heart infection is a disease associated with myocardial infection and inflammation of the inner lining of the heart, which affects the inner membrane of the heart specifically the endocardium whose task is to find gaps between the valves and heart chambers.</p>\n<p class=\"paragraph-medium paragraph-black template-p\">Symptoms of heart infection:</p>\n<p class=\"paragraph-medium paragraph-black template-p\">&nbsp;Breathing difficulty&nbsp;</p>\n<p class=\"paragraph-medium paragraph-black template-p\">Fatigue</p>\n<p class=\"paragraph-medium paragraph-black template-p\">Weakness</p>\n<p class=\"paragraph-medium paragraph-black template-p\">High temperature and fever</p>\n<p class=\"paragraph-medium paragraph-black template-p\">Leg and abdomen swelling&nbsp;</p>\n<p class=\"paragraph-medium paragraph-black template-p\">Cough</p>\n<p class=\"paragraph-medium paragraph-black template-p\">&nbsp;Emergence of unfamiliar patches or rashes</p>\n<h3 id=\"a8\" class=\"template-subtitle\">Heart valves diseases and symptoms</h3>\n<p class=\"paragraph-medium paragraph-black template-p\">&nbsp;The process of blood flow inside the heart depends on the heart valves. The heart has four valves that perform this operation: aortic valve, mitral valve, pulmonary valve and tricuspid valve. Sometimes these valves have some defects called heart valve diseases which are narrowing of the valves, re-entry of blood into the heart and finding defects in the closure of the valves.</p>\n<p class=\"paragraph-medium paragraph-black template-p\">Symptoms of heart valves:</p>\n<p class=\"paragraph-medium paragraph-black template-p\">&nbsp;Breathing difficulty</p>\n<p class=\"paragraph-medium paragraph-black template-p\">chest pain</p>\n<p class=\"paragraph-medium paragraph-black template-p\">Fatigue</p>\n<p class=\"paragraph-medium paragraph-black template-p\">Fainting</p>\n<p class=\"paragraph-medium paragraph-black template-p\">Swollen feet or ankles</p>\n<h3 id=\"a9\" class=\"template-subtitle\">Cardiac failure</h3>\n<p class=\"paragraph-medium paragraph-black template-p\">&nbsp;Heart failure or congestive heart failure is a common heart disease. In this disease the heart is unable to pump enough blood to all organs of the body and this pumped blood contains oxygen which is regarded one of the most important factors in body functions. Some of the causes leading to heart failure are heart attack and high blood pressure or diabetes.</p>\n<p class=\"paragraph-medium paragraph-black template-p\">Heart disease treatment;&nbsp;</p>\n<p class=\"paragraph-medium paragraph-black template-p\">As we read there are many heart diseases and therefore, there are types of medicine and surgery to treat these diseases and because of the serious and crucial task the heart carries, we have to protect it and when we are faced with symptoms, we should visit a cardiologist and follow his prescription till we get full recovery.&nbsp;</p>\n<p class=\"paragraph-medium paragraph-black template-p\">Some medicine:</p>\n<p class=\"paragraph-medium paragraph-black template-p\">Drugs for lower cholesterol, clopidogrel, aspirin, warfarin, beta blockers and other drugs.</p>\n<p class=\"paragraph-medium paragraph-black template-p\">Some surgeries to treat heart disease:</p>\n<p class=\"paragraph-medium paragraph-black template-p\">Open heart surgery, heart transplantation, artificial heart transplantation, heart valve repair and replacement, atrial fibrillation, pacemaker implantation, angioplasty, cardiac catheterization and pericardial resection.</p>\n<h3 id=\"a10\" class=\"template-subtitle\">Treatment of heart disease in Iran</h3>\n<p class=\"paragraph-medium paragraph-black template-p\">&nbsp;Heart disease is treated with high quality in Iran. Iran has a large medical center where all types of surgeries are performed, including heart surgeries. Specialized doctors and advanced equipment in Iran and development in the field of heart surgery provide an opportunity for everyone to attend in Iran for heart disease treatment. The centers in Iran and their modern technologies help specialized cardiologists perform cardiac surgery with high quality. In Iran, there are a number of well-known hospitals in different cities that perform surgeries, and many Iranian and foreign patients are treated in these centers. It is worth mentioning that surgery operation prices, in comparison with other countries, are reasonable.</p>\n<h3 id=\"a11\" class=\"template-subtitle\">Treatment of heart disease in MedtourIran</h3>\n<p class=\"paragraph-medium paragraph-black template-p\">&nbsp;MedtourIran Company provides any health, diagnostic and therapeutic services including performing cardiac surgery in famous centers. These centers have the best doctors and provide the best services for patients suffering from heart disease and we have to say we serve you with very reasonable prices</p>\n<p class=\"paragraph-medium paragraph-black template-p\">Lorem ipsum dolor sit amet,</p>\n</div>','2019-11-16 09:54:01','2019-11-16 09:54:01'),(999,'tags','title',11,'ar','أمراض العيون','2019-11-16 09:55:43','2019-11-16 09:55:43'),(1000,'tags','title',10,'ar','جراحة الساد في إيران','2019-11-16 09:56:31','2019-11-16 09:56:31'),(1001,'tags','title',10,'ku','cataract surgery in iran','2019-11-16 09:56:31','2019-11-16 09:56:31'),(1002,'posts','title',13,'ar','أمراض القلب و علاج أمراض القلب في إيران','2019-11-16 09:57:29','2019-11-16 11:24:38'),(1003,'posts','title',13,'ku','Heart disease and treatment of heart disease in Iran','2019-11-16 09:57:29','2019-11-16 09:57:29'),(1004,'posts','slug',13,'ar','amradh-alqlb-w-alaj-amradh-alqlb-fy-iyran','2019-11-16 09:57:29','2019-11-16 11:24:38'),(1005,'posts','slug',13,'ku','heart-disease-and-treatment-of-heart-disease-in-iran','2019-11-16 09:57:29','2019-11-16 09:57:29'),(1006,'tags','title',9,'ku','lasik eye surgery in Iran','2019-11-16 09:59:03','2019-11-16 09:59:03'),(1007,'tags','title',13,'ar','جلوكوما او مياه الزرقاء في العين','2019-11-16 10:05:43','2019-11-16 10:07:43'),(1008,'tags','title',13,'ku','glaucoma surgery','2019-11-16 10:07:43','2019-11-16 10:07:43'),(1009,'tags','title',8,'ku','eye surgery','2019-11-16 10:13:18','2019-11-16 10:13:18'),(1010,'posts','excerpt',13,'ar','ما هو القلب؟ و ما هو طب القلب؟ ما هي أمراض القلب؟ و ما هي أعراض طب القلب؟ هل يرتبط القلب بالشرايين و الأوعية الدموية و الأعصاب؟ هل يمكن علاج أمراض القلب في إيران؟ نحن معكم حتى نقوم بإجابة هذه الأسئلة.','2019-11-16 11:09:18','2019-11-19 09:29:21'),(1011,'posts','excerpt',13,'ku','In this article some types of common heart diseases and their treatments have been explained\n and below questions have been answered.\nWhat’s the Heart? What’s Cardiology? What’s heart disease and what are Cardiology symptoms? Is the heart related to the arteries and the blood vessels and the nerves? Can heart disease be treated in Iran? We are here to answer these questions.','2019-11-16 11:09:18','2019-11-16 11:09:18'),(1012,'packages','title',44,'ar','جراحة تغيير الجنس من ذكر إلى أنثى','2019-11-17 05:59:41','2019-11-17 06:06:55'),(1013,'packages','title',44,'ku','Sex reassignment surgery male-to-female','2019-11-17 05:59:41','2019-11-17 05:59:41'),(1014,'packages','before_price',44,'ar','From','2019-11-17 05:59:41','2019-11-17 05:59:41'),(1015,'packages','before_price',44,'ku','From','2019-11-17 05:59:41','2019-11-17 05:59:41'),(1016,'packages','after_price',44,'ar','USD','2019-11-17 05:59:41','2019-11-17 05:59:41'),(1017,'packages','after_price',44,'ku','USD','2019-11-17 05:59:41','2019-11-17 05:59:41'),(1018,'packages','slug',44,'ar','jrahh-tghyyr-aljns-mn-thkr-ila-antha','2019-11-17 05:59:41','2019-11-17 06:06:55'),(1019,'packages','slug',44,'ku','sex-reassignment-surgery-male-to-female','2019-11-17 05:59:41','2019-11-17 05:59:41'),(1020,'packages','pricing',44,'ar','{\n    \"1\": {\n        \"title\": \"علاج\",\n        \"price\": \"5500$\"\n       },\n  \"2\": {\n        \"title\": \"علاج +3 نجوم فندق\",\n        \"price\": \"6000$\"\n       }\n}','2019-11-17 05:59:41','2019-11-17 06:08:03'),(1021,'packages','pricing',44,'ku','{\n    \"1\": {\n        \"title\": \"Treatment \",\n        \"price\": \"5500$\"\n       },\n  \"2\": {\n        \"title\": \"Treatment +3 Star Hotel\",\n        \"price\": \"6000$\"\n       }\n}','2019-11-17 05:59:41','2019-11-17 05:59:41'),(1022,'packages','title',45,'ar','جراحة تغيير الجنس من ذكر إلى أنثى','2019-11-17 06:03:34','2019-11-17 06:07:49'),(1023,'packages','title',45,'ku','Sex reassignment surgery male-to-female','2019-11-17 06:03:34','2019-11-17 06:03:34'),(1024,'packages','before_price',45,'ar','From','2019-11-17 06:03:34','2019-11-17 06:03:34'),(1025,'packages','before_price',45,'ku','From','2019-11-17 06:03:34','2019-11-17 06:03:34'),(1026,'packages','after_price',45,'ar','USD','2019-11-17 06:03:34','2019-11-17 06:03:34'),(1027,'packages','after_price',45,'ku','USD','2019-11-17 06:03:34','2019-11-17 06:03:34'),(1028,'packages','pricing',45,'ar','{\n    \"1\": {\n        \"title\": \"علاج\",\n        \"price\": \"5500$\"\n       },\n  \"2\": {\n        \"title\": \"علاج + 3 نحوم فندق\",\n        \"price\": \"6000$\"\n       }\n}','2019-11-17 06:03:35','2019-11-17 06:07:49'),(1029,'packages','pricing',45,'ku','{\n    \"1\": {\n        \"title\": \"Treatment \",\n        \"price\": \"5500$\"\n       },\n  \"2\": {\n        \"title\": \"Treatment +3 Star Hotel\",\n        \"price\": \"6000$\"\n       }\n}','2019-11-17 06:03:35','2019-11-17 06:03:35'),(1030,'packages','slug',45,'ar','jrahh-tghyyr-aljns-mn-thkr-ila-antha','2019-11-17 06:07:49','2019-11-17 06:07:49'),(1031,'hotels','title',15,'ku','BASIR SHIRAZ eye center ','2019-11-18 06:55:02','2019-11-18 06:55:02'),(1032,'hotels','description',15,'ku','<p style=\"direction: rtl;\"><span style=\"color: #626262; font-family: IRANSans, Arial, Tahoma, sans-serif; font-size: 14px; background-color: #fcfcfc;\">مرکز چشم پزشکی بصیر شیراز در سال ۱۳۸۳ در خیابان عفیف آباد تأسیس گردید و به منظور توسعه مرکز برای جذب بیماران خارجی، این کلینیک در سال ۱۳۹۶ در بلوار پاسداران، خیابان مبعث با بروزترین تجهیزات تاسیس گردید. این مرکز دارای تمامی امکانات لازم جهت درمان بیماریهای چشم بوده و تمامی متخصصین در حوزه های شبکیه، قرنیه، فوق تخصص پلک و پلاستیک چشم، فوق تخصص آب سیاه فوق تخصص چشم اطفال و جراح و متخصص چشم را دارا می باشد. وجود فضای اقامت در این مرکز، آن را به یکی از مراکز اصلی چشم پزشکی در سطح ایران و خاورمیانه تبدیل کرده است. شرکت مدتورایران در حوزه تخصص های مرتبط با بیماری های چشم، با مرکز چشم بصیر شیراز همکاری می نماید.</span></p>','2019-11-18 06:55:02','2019-11-18 06:55:02'),(1033,'hotels','slug',15,'ku','basir-shiraz-eye-center','2019-11-18 06:55:02','2019-11-18 06:55:02'),(1034,'posts','title',14,'ar',' عملية زراعة الشعر في إيران','2019-11-18 11:05:45','2019-11-18 11:05:45'),(1035,'posts','body',14,'ar','<div id=\"template-content\" class=\"mceTmpl\">\n<ul>\n<li><a href=\"#a1\">زراعة الشعر/ زرع الشعر/ عملية زرع الشعر/ عملية زراعة الشعر&nbsp;</a></li>\n<li><a href=\"#a2\">أنواع زراعة الشعر&nbsp;</a></li>\n<li><a href=\"#a3\">زرع الشعر في إيران&nbsp;</a></li>\n<li><a href=\"#a4\">زرع الشعر للنساء و للرجال</a></li>\n<li><a href=\"#a5\">أضرار زراعة الشعر الطبيعي</a></li>\n<li><a href=\"#a6\">تكلفة زراعة الشعر</a></li>\n<li><a href=\"#a7\">تكلفة زراعة الشعر في إيران </a></li>\n<li><a href=\"#a8\">عيادات زراعة الشعر في شركة مدتور إيران</a></li>\n</ul>\n<p class=\"paragraph-medium paragraph-black template-p\" style=\"direction: rtl;\">ما هي عملية زراعة الشعر أو زرع الشعر؟ كيف تتم عملية زراعة الشعر؟ ما هي أنواع عملية زرع الشعر؟ هل تجري عملية زراعة الشعر للنساء أو للرجال أو كليهما؟ هل تجري عملية زرع الشعر في إيران؟ هل تجري هذه العملية في شركة مدتور إيران؟ كم هي تكلفة زراعة الشعر؟ ما هي أسعار عملية زرع الشعر في إيران و في شركة مدتور إيران؟ ما هي أضرار زراعة الشعر الطبيعي؟ هل تبحثون عن الإجابة؟ هل تحتاجون بعملية زرع الشعر؟ كونوا معنا حتى نصل إلى الجواب، نحن معكم مع أفضل المعلومات و الخدمات و أرخص الأسعار......</p>\n<h3 id=\"a1\" class=\"template-subtitle\">ما هي عملية زراعة الشعر؟</h3>\n<p class=\"paragraph-medium paragraph-black template-p\">إن عملية زراعة الشعر تعتبر من الجراحة التجميلية ألتي تهتم بالجمال و مظهر الشخص. إن عملية زرع الشعر تجري لزراعة الشعر في منطقة فروة الرأس و أمامه لإزالة مشكلة الصلع الوراثي أو قلة الشعر عادتا ولكن توجد أسباب أخري تؤدي إلى تساقط الشعر و قلته و يمكن علاجه بطرق مختلفة كتناول الأدوية أو التغذية أو زراعة الشعر و نحن هنا نشير إلي بعض أسباب تساقط الشعر، و إن قلة كثافة الشعر أو تساقط الشعر ترتبط بحوادث أخرى أيضا و هي : التغذية و نقص الزنك و الحديد و الهرمونات و فقر الدم و تناول بعض الأدوية و زيادة الهرمون الذكري و&nbsp; التوتر و&nbsp; كثرة التدخين و الحساسية إلى تغذية و أصباغ كيمياوية.</p>\n<p class=\"paragraph-medium paragraph-black template-p\">في عملية زرع الشعر يتم نقل شعر الشخص من منطقة مكثفة من الشعر إلى منطقة تصيب بالصلع أو قلة الشعر&nbsp; أو نقله إلى فروة&nbsp; أمام الرأس. إن هذه العملية تجري من جهة جراح متخصص و يجري نقل الشعر من المنطقة الخلفية إلى المنطقة الأمامية و تاج الرأس عادة. إن عملية زراعة الشعر تجري مع التخذير الموضعي و لايشعر الشخص بالألم و عندما شعر الشخص بألم يتم رفعه عن طريق تناول المسكنات الخفيفة.&nbsp;</p>\n<h3 id=\"a2\" class=\"template-subtitle\">أنواع زراعة الشعر</h3>\n<p class=\"paragraph-medium paragraph-black template-p\">عندما نقول ما هي أنواع زراعة الشعر، نريد أن نسئل عن الأساليب و طرق زراعة الشعر و أنوعها بل أفضلها. إن عملية زراعة الشعر في القديم كانت مؤلمة و كانت تحتاج بزمن طويل للتخلص من جراحات عملية زراعة الشعر.</p>\n<p class=\"paragraph-medium paragraph-black template-p\" style=\"direction: rtl;\">ولكن في يومنا هذا نتمتع من التقنيات الحديثة لإجراء عملية زرع الشعر ألتي تساعد الشخص لزراعة الشعر دون أن يشعر الألم و التعب. كما نلاحظ في هذه الأيام إن عملية زراعة الشعر تجري في يوم واحد بل يمكن إجراءها في بعض الساعات ولكن بعض الأوقات القليلة لاتجري هذه العملية في يوم واحد و تحتاج بعدة جلسات للعملية بسبب إتساع منطقة الصلع.&nbsp;</p>\n<p class=\"paragraph-medium paragraph-black template-p\" style=\"direction: rtl;\">أما الطرق المختلفة لزرع الشعر و أو أنواع عملية زرع الشعر هي:&nbsp;</p>\n<ul class=\"template-ul\">\n<li><strong>زراعة الشعر عن طريق إستخدام تقنية Follicular Unit Transplantation (FUT)::</strong>إن زراعة الشعر عن طريق إستخدام تقنية (FUT) تعتبر من نوع عمليات قديمة كانت تجري لزرع الشعر ولكن مع الألم و النزيف و الجراحة و كانت تحتاج بفترة النقاهة الطويلة بعد إجراء العملية. في عملية زرع الشعر عن طريق FUT يتم إنفصال شريحة صغيرة من خلف الرأس و تقسيمها إلى أعضاء صغيرة جدا حتى يوجد في هذه الشريحة واحدة من الشعر أو شعران.</li>\n<li><strong>زراعة الشعر عن طريق إستخدام تقنية Follicular Unit Extraction (FUE): :</strong>إن تقنية FUE تعتبر من أحدث الطرق ألتي تقوم بزراعة الشعر في العالم. زراعة الشعر عن طريق FUE&nbsp; تجري مع إستخدام أجهزة خاصة تساعد الدكتور لإنفصال شعرة واحدة مع بصيلتها و سحبها من جذورها و يتم نقل هذه الشعرة إلى جزء من الرأس يعاني من الصلع و يتم زرع الشعرة بشكل مباشر.</li>\n<li><strong>زراعة الشعر عن طريق إستخدام تقنية DHI: :</strong>من آخر تقنيات في زراعة الشعر تكون تقنية dhi . إن هذه التقنية تستخدم قلم تشوي choi pen لأخذ الشعر و إنفصاله و تعتبر من التقنيات المتطورة في زراعة الشعر. قلم تشوي choi pen يقوم بفصل شريحة محددة صغيرة من الشعر و نقلها و زرعها في المنطقة المطلوبة من الرأس بشكل مباشر و من ميزاتها هي عدم إستخدام مشرط الجراح. بعد فصل الشعرة من الجذوة يقوم الطبيب بزرع الشعرة من خلال ثقوب صغيرة في قسم من الرأس يكون مطلوبا و مستعدا لزرع الشعر و تتم هذه العملية بشكل مباشر يعني تتم عملية فصل الشعرة و نقلها و زرعها مباشرا. إن هذه العملية تستغرق وقتا طولة عادتا بسبب زراعة آلاف الشعرة أو المئات منها واحدة تلو الأخرى.</li>\n</ul>\n<h3 id=\"a3\" class=\"template-subtitle\">زرع الشعر في إيران</h3>\n<p class=\"paragraph-medium paragraph-black template-p\">لماذا نختار إيران لإجراء عملية زرع الشعر؟ كما نعلم و نشاهد إن إيران تعتبر من الدول ألتي تطورت فيها إجراء عمليات جراحية مختلفة كما نشاهد إستخدام التقنيات الحديثة في عمليات التجميل. إن عملية زرع الشعر في إيران تجري في المستوي العالية بسبب الأطباء المتخصصين و الأجهزة الحديثة و إستخدام التقنيات المتطورة و الخبرة السابقة و الجودة العالية. أن عملية زراعة الشعر تجري في المدن المختلفة في إيران ولكن تجري هذه العملية في بعض المدن بشكك كبير و مع الجودة منها طهران و مشهد و شيراز. إن الجودة العالية و الأسعار المناسبة و المعقولة بالنسبة لآخر البلاد تجعل إيران من أفضل المراكز لإجراء العمليا الطبية و التجميلية و زراعة الشعر.</p>\n<h3 id=\"a4\" class=\"template-subtitle\">زرع الشعر للنساء و للرجال</h3>\n<p class=\"paragraph-medium paragraph-black template-p\">إن أسباب زراعة الشعر تختلف عند الرجال و النساء و تحتاج النساء بعملية زراعة الشعر أقل&nbsp; من الرجال ولكن تجري هذه العملية لديهن. ذكرنا لكم سابقا&nbsp; بعض الأسباب ألتي تؤدي إلى تساقط الشعر&nbsp; عند الشخص.&nbsp; ولكن نشير إلى بعض الأسباب ألتي تختص بالنساءو تسبب تساقط شعر النساء و هي: إضطرابات الغدة الدرقية، متلازمة المبيض متعدد الكيسات، القوباء الحلقية (سعفة الرأس)، الحمل و الولادة، حبوب منع الحمل.</p>\n<h3 id=\"a5\" class=\"template-subtitle\">أضرار زراعة الشعر الطبيعي</h3>\n<p class=\"paragraph-medium paragraph-black template-p\">إن المشاكل المرتبطة بزرع الشعر تختلف في كل شخص و هذه المشاكل تتعلق بعدة عوامل منها خبرة الطبيب&nbsp; مهارتها و عدد البصيلات تتم زراعتها في عملية زرع الشعر و حالة المريض الطبية قبل العملية. إن هذه المشاكل و الآثار الجانبية تكون بسيطة و ليست للمريض خطيرة و يمكن دفع هذه الأضرار و المشاكل بتناول الأدوية و إتباع إرشادات الطبيب. يمكن الإشارة إلى بعض أضرار زراعة الشعر الطبيعية و هي: النزيف البسيط و الألم و الإنتفاح و التورم في منطقة الوجه و العين لبعض الأيام و التخدر المؤقت في فروة الرأس و رقة الشعر&nbsp; و الحكة المؤقتة لبعض الأشخاص القليلة و الفواق و هذه الحالة تحدث بشكل نادر و يمكن أن تدوم لبضعة الأيام و أكثر منها و العدوى بشكل نادر أيضا و الخراجات لبضعة الأيام من المناطق ألتي تم زرع الشعر فيها و تحدث هذه الحالة نادرا أيضا.</p>\n<h3 id=\"a6\" class=\"template-subtitle\">تكلفة زراعة الشعر</h3>\n<p class=\"paragraph-medium paragraph-black template-p\">لا يمكن تحديد تكلفة زراعة الشعر بشكل حرفي و تختلف أسعار عملية زرع الشعر في الدول المختلفة و المدن المختلفة و توجد أسباب متعددة لهذه الإختلاف في تكلفة زراعة الشعر. نريد أن نشير إلى العوامل ألتي تؤدي إلى فرق أسعار عملية زرع الشعر. يمكن تحديد تكلفة هذه العملية بعد إجراء الفحص و التحاليلي اللازمة. و من العوامل ألتي تتغير تكلفة زرع الشعر هي:</p>\n<ul class=\"template-ul\">\n<ul class=\"template-ul\">\n<li><strong>التقنية ألتي تستخدم في عملية زرع الشعر</strong></li>\n<li><strong>عدد البصيلات ألتي يتم إنفصالها و زراعتها</strong></li>\n<li><strong>جودة التخدير و المواد المستخدمة</strong></li>\n<li><strong>أجهزة المستخدمة خلال إجراء العملية</strong></li>\n<li><strong>خبرة الطبيب و الجراح&nbsp; و مهارته</strong></li>\n<li><strong>المنطقة ألتي تجري فيها عملية زرع الشعر&nbsp;</strong></li>\n</ul>\n</ul>\n<p class=\"paragraph-medium paragraph-black template-p\">و تكلفة زراعة الشعر في العالم تتراوح بين 700-5000 دولار.</p>\n<h3 id=\"a7\" class=\"template-subtitle\">تكلفة زراعة الشعر في إيران</h3>\n<p class=\"paragraph-medium paragraph-black template-p\">إن إيران تعتبر بلد تجري فيها أنواع عمليات جراحية و تجميلة بالجودة العالية و الأطباء الأخصائيين و عملية زراعة الشعر تعتبر من هذه العمليات التجميلية مع الجودة العالية.&nbsp; إن خبرة الأطباء و الجودة و الأجهزة المستخدمة الحديثة و التقنيات المتطورة و الأسعار العقولة و الرخيصة بالنسبة لآخر البلدان تتمايز إيران في العالم لإجراء عملية زراعة الشعر.</p>\n<p class=\"paragraph-medium paragraph-black template-p\">إن أسعار عملية زراعة الشعر في إيران تتراوح بين 500 &ndash; 1500 دولار.</p>\n<h3 id=\"a8\" class=\"template-subtitle\">عيادات زراعة الشعر في شركة مدتور إيران</h3>\n<p class=\"paragraph-medium paragraph-black template-p\">شركة مدتور إيران تقوم بتوفير الخدمات الجيدة لأنواع العمليات التجميلية و الطبية. نحن نقوم بإجراء عملية زراعة الشعر في طهران و مشهد و شيراز مع المراكز الطبية المتخصصة . مراكزنا في هذه المدن تعتبر من أفضل العيادات الطبية و التجميلية ألتي تقوم بتقديم الخدمات مع الجودة العالية و الأطباء الأخصائيين و الأسعار المعقولة و الرخيصة بنسبة آخر مراكز إيران. إن أسعارنا لزراعة الشعر تبدأ من 500 دولار و يعتبر من أرخص الأسعار لعملية زرع الشعر.</p>\n<ul class=\"template-ul\">\n<ul class=\"template-ul\">\n<ul class=\"template-ul\">\n<li><strong>تكلة زراعة الشعر في شركة مدتور إيران &ndash; طهران : 500 دولار&nbsp;</strong></li>\n<li><strong>تكلة زراعة الشعر في شركة مدتور إيران &ndash; مشهد : 500 دولار</strong></li>\n<li><strong>تكلة زراعة الشعر في شركة مدتور إيران &ndash; شيراز : 450 دولار</strong></li>\n</ul>\n</ul>\n</ul>\n</div>','2019-11-18 11:05:45','2019-11-20 06:00:56'),(1036,'posts','slug',14,'ar','amlyh-zraah-alshar-fy-iyran','2019-11-18 11:05:45','2019-11-18 11:05:45'),(1037,'timelines','title',3,'ku','THIRD DAY','2019-11-19 07:12:38','2019-11-19 07:12:38'),(1038,'timelines','description',3,'ku','If you need to have a rest at the medical center, you will be provided with the best facilities with proper nursing services to get the full recovery.','2019-11-19 07:12:38','2019-11-19 07:12:38'),(1039,'timelines','title',2,'ku','SECOND DAY','2019-11-19 07:14:15','2019-11-19 07:14:15'),(1040,'timelines','description',2,'ku','According to your doctor, you will be taken to the medical center at the appointed time and your treatment will begin. On this day, most of your treatment will be done.','2019-11-19 07:14:15','2019-11-19 07:14:15'),(1041,'timelines','title',1,'ku','FIRST DAY','2019-11-19 07:17:24','2019-11-19 07:17:24'),(1042,'timelines','description',1,'ku','After pick up from the airport, you will be transferred to the place of residence and you will pay a break there. You will then be taken to the medical center (or doctor\'s office) and will meet with your doctor to determine the details of your treatment.','2019-11-19 07:17:24','2019-11-19 07:17:24'),(1043,'posts','title',14,'ku','Hair transplant in Iran','2019-11-19 07:51:32','2019-11-19 07:51:32'),(1044,'posts','slug',14,'ku','hair-transplant-in-iran','2019-11-19 07:51:32','2019-11-19 07:51:32'),(1045,'posts','excerpt',14,'ar','ما هي جراحة العظام؟ من هو طبيب جراحة العظام ؟ أي عضو في الهيكل العظمي يرتبط بجراحة العظام؟ ما هي الأطراف الصناعية؟ ما هو إستبدال العضو و المفصل؟ من يحتاج بتبديل مفصل الورك؟ أي شخص يحتاج بعملية تبديل الركبة؟ و من يحتاج بعملية تبىيل الكتف؟ ما هي أضرار عملية تبديل مفصل الورك و الكتف و الركبة؟\nنسعى أن نجيب إلى كل هذه الأسئلة ألتي تبحثون عن جوابه. كونوا معنا و نحن معكم للإجابة في هذه المقالة.\n','2019-11-19 08:19:58','2019-11-19 08:19:58'),(1046,'posts','excerpt',12,'ar','ما هي العين؟ ما هي وظيفة العين؟ و ما هي أمراض العين؟ أية أمراض تعتبر أشهر أمراض العین؟ هل تجري عمليات علاج أمراض العين في إيران؟ نحن معكم حتى نقوم بإجابة هذه الأسئلة.','2019-11-19 09:30:27','2019-11-19 09:30:27'),(1047,'posts','title',15,'ar','جراحة العظام (طب العظام)','2019-11-19 09:40:58','2019-11-19 09:40:58'),(1048,'posts','excerpt',15,'ar','ما هي جراحة العظام؟ من هو طبيب جراحة العظام ؟ أي عضو في الهيكل العظمي يرتبط بجراحة العظام؟ ما هي الأطراف الصناعية؟ ما هو إستبدال العضو و المفصل؟ من يحتاج بتبديل مفصل الورك؟ أي شخص يحتاج بعملية تبديل الركبة؟ و من يحتاج بعملية تبىيل الكتف؟ ما هي أضرار عملية تبديل مفصل الورك و الكتف و الركبة؟\nنسعى أن نجيب إلى كل هذه الأسئلة ألتي تبحثون عن جوابه. كونوا معنا و نحن معكم للإجابة في هذه المقالة.\n','2019-11-19 09:40:58','2019-11-19 09:40:58'),(1049,'posts','body',15,'ar','<div id=\"template-content\" class=\"mceTmpl\">\n<ul>\n<li><a href=\"#a1\">ما هي جراحة العظام&nbsp; أو طب العظام؟</a></li>\n<li><a href=\"#a2\">من هو طبيب جراحة (طب) العظام؟</a></li>\n<li><a href=\"#a3\">جراحة العظام في إيران</a></li>\n<li><a href=\"#a4\">أي عضو في الهيكل العظمي يرتبط بجراحة العظام؟</a></li>\n<li><a href=\"#a5\">ما هي الأطراف الصناعية؟</a></li>\n<li><a href=\"#a6\">عملية إستبدال مفصل الركبة؟</a></li>\n<li><a href=\"#a7\">عملية إستبدال مفصل الورك( الفخذ)</a></li>\n<li><a href=\"#a8\">عملية إستبدال مفصل الكتف</a></li>\n<li><a href=\"#a9\">أسعار إستبدال المفصل في إيران و في مدتورإيران</a></li>\n</ul>\n<p class=\"paragraph-medium paragraph-black template-p\" style=\"direction: rtl;\">ما هي جراحة العظام؟ من هو طبيب جراحة العظام ؟ أي عضو في الهيكل العظمي يرتبط بجراحة العظام؟ ما هي الأطراف الصناعية؟ ما هو إستبدال العضو و المفصل؟ من يحتاج بتبديل مفصل الورك؟ أي شخص يحتاج بعملية تبديل الركبة؟ و من يحتاج بعملية تبىيل الكتف؟ ما هي أضرار عملية تبديل مفصل الورك و الكتف و الركبة؟ نسعى أن نجيب إلى كل هذه الأسئلة ألتي تبحثون عن جوابه. كونوا معنا و نحن معكم للإجابة في هذه المقالة.</p>\n<h3 id=\"a1\" class=\"template-subtitle\">ما هي جراحة العظام(طب العظام)؟</h3>\n<p class=\"paragraph-medium paragraph-black template-p\">جراحة العظام بالإنجليزي : Orthopedic surgery</p>\n<p class=\"paragraph-medium paragraph-black template-p\">إن جراحة العظام تعتبر كفرع من فروع طب الجراحة و تكون تخصصة طبية ترتكز على الجهاز العظمي. إن هذه التخصص يقوم بحل مشاكل الموجودة في الجهاز العظمي و العضلي ألتي يصيب الإنسان بها بسبب عوامل متعددة و منها الأمراض الخلقية أو الحوادث و إلخ... و يعتمد هذا التخصص على الدراسات العلمية و الأطباء الأخصائي و الوسائل و الأجهزة الجراحية و غير الجراحية للعلاج.</p>\n<h3 id=\"a2\" class=\"template-subtitle\">من هو طبيب جراحة العظام؟</h3>\n<p class=\"paragraph-medium paragraph-black template-p\">إن طبيب العظام يكون شخص متخصصا في فرع الجهاز العظمي، ألذي تم دراسته في قسم الجهاز العظمي و يعرف المعدات و طرق العلاج. إن الطبيب يقيم بإجراء العملية عن طريق إستخدام الأجهزة الجراحية لعلاج الصدمات ألتي تصيب بها العضلية الهيكلية بسبب الإصابات و تشوهات العظام و المفاصل و الأمراض التنكسية و العيوب الخلقية و الأوررام و العدوى.</p>\n<h3 id=\"a3\" class=\"template-subtitle\">جراحة العظام في إيران</h3>\n<p class=\"paragraph-medium paragraph-black template-p\">إن جسد الإنسان تشتمل على كثير من العظام و بهذا السبب يصيب الإنسان بأمراض العظام و آلامها فنزور الطبيب للتخلص من الألم و الوصول إلى العلاج ولكن كل الشخص يحب أن يزور طبيب أخصائي و ذو خبرة و ألذي يقوم بإستخدام الأجهزة الحديثة. إن إيران تشمل على عدد كبير من أطباء جراحة العظام ألذين يعتبرون الأخصائيين في هذا الفرع و يتمتعون من الأجهزة و التقنيات الحديثة. تجري عملية جراحة العظام في مراكز متعددة و متخصصة كل يوم و ينتهي كل هذه العمليات بالنجاح و هذه المراكز تقوم بعلاج المرضى اللإيرانيين و الأجنبيين و تجري كل عمليات جراحة العظام في إيران مع الجودة العالية و منها: أورام العطام و جراحة عظام الأطفال و جراحة إستبدال مفصل الورك و الركبة و الكتف و القدمين و جراحة العمود الفقري و اليدين و إلخ... .</p>\n<h3 id=\"a4\" class=\"template-subtitle\">أي عضو في الهيكل العظمي يرتبط بجراحة العظام؟</h3>\n<p class=\"paragraph-medium paragraph-black template-p\">جراحة العظام تشتمل على جراحات مختلفة كجراحة اليد و الكتف و إلخ ... . نشير هنا إلى الأعضاء و الجراحات المرتبطة بجراحة العظام:</p>\n<p class=\"paragraph-medium paragraph-black template-p\">الورك و الركبة و القدم الكاحل و و اليد و المعصم و أورام العظام و و العناية باعمود الفقري و رعاية عظام الأطفال و صحة العظام و الطب الرياضي. إن جراحة العظام ترتبط بالعظام و المفاصل و الأعصاب و العضلات و الأوتار و الأربطة و ترتبط بشكل عام بالتحرك و الأنشطة.</p>\n<h3 id=\"a5\" class=\"template-subtitle\">ما هي الأطراف الصناعية؟</h3>\n<p class=\"paragraph-medium paragraph-black template-p\">ما هي الطرف الصناعي أو الطرف الإصطناعي؟ إنه يعتبر نوع من الأعضاء الإصطناعية ألتي يتم إستبدالها للطرف الضائع كالرجل و اليد. إن الطرف الصناعي يصنع كعضو مفقود و طبيعته حتى لايكون مختلف عن الطرف الطبيعي. يستخدم العضو الصناعي أو الطرف الإصطناعي في مختلف الحالات منها عندما يواجه الشخص بالمرض أو الحوادث أو عندما يصيب الطفل بعيوب عند الولادة. توجد للأطراف الصناعية أنواع مختلفة و هي الأطراف الإصطناعية التقليدية و الأطراف الصناعية الحديثة و الأطراف الصناعية الزكية.</p>\n<h3 id=\"a6\" class=\"template-subtitle\">عملية إستبدال مفصل الركبة؟&nbsp;</h3>\n<p class=\"paragraph-medium paragraph-black template-p\">تعريف الركبة:Knee- هذا المفصل يعتبر أكبر مفصل في جسم الإنسان. إن الركبة تربط الفخذ مع الساق و هي تتكون من مفضلين: مفصل بين الساق و عظم الفخذ و مفصل بين الرفضة و عظم الفخذ و يتم غطاء هذه العظام بغضاريف ناعمة لأن تتحرك الركبة بشكل مريح.</p>\n<p class=\"paragraph-medium paragraph-black template-p\" style=\"direction: rtl;\">يواجه مفصل الركبة بالإنهيار و تآكل الغضروف بعض الأوقات و هذه الحادثة تحدث بسبب إلتهاب المفاصل المزمن(arthritis) و له أنواع مختلفة. إن المرض الذي يكون سائد بين الناس هو الفصال العظمي (osteoarthritis) الذي يؤدي إلى التحديد و تقييد قوة تحريك مفصل الركبة وفهذه المشاكل تؤدي إلى الإستبدال و تبديل المفصل بمفصل الركبة الإصطناعية. إن الشخص الذي يحتاج بعملية إستبدال مفصل الركبة لايستطيع أن يمشي بشكل جيد و طبيعي و يشعر بالألم و الصعوبة في المشي و يحس الألم عندما يصعد السلم و عند الجلوس و القيام و يشعر بالألم في ناحية الركبة عند الراحة أيضا. عندما يواجه الشخص بحالة في ركبته أن لايمكن علاجها بالعلاج الفيزيائي أو تناول الدواء و لايمكنه أن يقوم بأعماله خلال اليوم فعليه أن يخضع لإجراء عملية إستبدال مفصل الركبة.</p>\n<p class=\"paragraph-medium paragraph-black template-p\" style=\"direction: rtl;\">و من أسباب عامة لأداء عملية إستبدال مفصل الركبة هي:</p>\n<p>&nbsp;</p>\n<ul class=\"template-ul\">\n<li><strong>فصال عظمي</strong></li>\n<li><strong>إلتهاب المفاصل الروماتيدي</strong></li>\n<li><strong>التشوهات</strong></li>\n<li><strong>إصابات الركبة</strong></li>\n<li><strong>روماتزم</strong></li>\n</ul>\n<h3 id=\"a7\" class=\"template-subtitle\">عملية إستبدال مفصل الورك؟&nbsp;</h3>\n<p class=\"paragraph-medium paragraph-black template-p\">إن مفصل الورك تقوم بإتصال عظمة الفخذ و الحق من الحوض و هل تشعرون بألم في مفصل الورك حتى الآن؟ نعم، كلنا نواجه بهذه المشكلة و لكن بعض الأشخاص يشعرون بألم في مفصل الورك و يصابون بإلتهاب مزمن في مفصل الورك و هذه المشكلة تؤدي إلى الإعاقة و الصعوبة في المشي و الحركة و في هذه الحالة ما هي المشكلة و ما هو العلاج؟ عندما يقوم الشخص بزيارة الطبيب لإخباره عن إلتهاب المزمن في مفصل الورك يواجه بنصيحة الطبيب لإجراء عملية إستبدال مفصل الورك للتخلص من هذه المشكلة و أداء الأعمال اليومية بسهولة و التخلص من الألم. و ما هي عملية إستبدال مفصل الورك؟ إن عملية تبديل مفصل الفخذ تقوم بإستبداله بالورك الصناعي و يقوم الجراح بإزالة أجزاء مفصل الورك التالفة و وضع الأجزاء الإصطناعية( الطرف الصناعي) ألتي تصنع من السيراميك و المعدن و البلاستيك عادة.&nbsp;</p>\n<p class=\"paragraph-medium paragraph-black template-p\">إن جراحة إستبدال مفصل الورك أو مفصل الفخذ تجري بسبب وجود بعض الحالات الموجودة ألتي تؤدي إلى تدمير مفصل الورك أو الفخذ: إلتهاب المفاصل الروماتويدي و النخر العظمي و الفصال العظمي ألذي يؤدي إلى إزالة الغضافير الزلفة تمثل دور الغطاء في أطراف العظام و تقوم بمساعدة المفاصل في التحرك و المشي.</p>\n<h3 id=\"a8\" class=\"template-subtitle\">عملية إستبدال مفصل الكتف:</h3>\n<p class=\"paragraph-medium paragraph-black template-p\" style=\"direction: rtl;\">مفصل الكتف : إنه عضو يربط الذراع بالقسم الأعلى من الجسد. إن الغضاريف الناعمة و الخاصة تغطي عظام الكتف ألتي تؤدي إلى السهولة في الحركة. و ما هي عملية إستبدال مفصل الكتف؟ هل تعانون من ألم في الكتف؟ هل تشعرون بالألم عند الحركة و النشاط؟ و الجواب هو: إن عملية إستبدال مفصل الكتف تعتبر من العمليات الجراحية ألتي تقوم بإستبدال مفصل الكتف بالمفصل الصناعي( الأطراف الصناعية). عندما يواجه الشخص بإلتهاب في مفصل كتفه شديدا أو يواجه بإصابة و ضربة و لايمكن علاج هذا الألم و هذه المشكلة الموجودة عند الحركة بالعلاج الطبي أو الطبيعي و تناول الأدوية فيجب إستبدال مفصل الكتف. إن عملية إستبدال مفصل الكتف تنقسم على 3 أقسام : الإستبدال و التبديل كل مفصل الكتف و هو يجري في حالة التآكل الشديد في المفصل و يتم تبديل السطح مفصلى عظمة العضد و سطح حق مفصل الكتف و إستبدال نصف مفصل الكتف و هو يقوم بإستبدال السطح المفصلي في أعلى عظمة العضد و التبديل السطحي ألذي يستخدم لسطح المفصل و إستبداله. من الحالات ألتي تؤدي إلى عملية إستبدال مفصل الكتف هي : الفصال العظمي و إلتهاب المفاصل الروماتيدي و الإصابة على مفصل الكتف مباشرة و كسر مفصل الكتف و شعور بالألم في مفصل الكتف بشكل مستمر و شديد.</p>\n<h3 id=\"a9\" class=\"template-subtitle\">أسعار إستبدال المفصل في إيران في مدتورإيران</h3>\n<p class=\"paragraph-medium paragraph-black template-p\">إن أسعار أنواع جراحة العظام تكون مختلفة بسبب العمليات الجراحية المختلفة ولكن إن الأسعار و تكلفة إستبدال المفصل في إيران تكون معقولة و مناسبة بنسبة بلدان أخري. كل شخص يبحث عن الطبيب المتخصص الحاذق و نحن بخدمتكم في مراكزنا الصحية و الطبية في مدتورإيران مع أفضل الأطباء و أفضل الخدمات. إن أسعار إستبدال المفصل بشكل عام في إيران تتراوح بين 10000-25000 دولار ولكن هذه الأسعار&nbsp; في شركة مدتورإيران تكون معقولة و مناسبة و نشير إليها في هذا المقال:</p>\n<ul class=\"template-ul\">\n<li><strong>إستبدال مفصل الكتف في طهران- مدورإيران 6200 دولار</strong></li>\n<li><strong>إستبدال مفصل الركبة&nbsp; في طهران-مدتور إيران 3800 دولار</strong></li>\n<li><strong>إستبدال مفصل الركبة&nbsp; في مشهد-مدتور إيران 3300 دولار</strong></li>\n</ul>\n</div>','2019-11-19 09:40:58','2019-11-19 09:54:31'),(1050,'posts','slug',15,'ar','jrahh-alazam-tb-alazam','2019-11-19 09:40:58','2019-11-19 09:40:58'),(1051,'posts','title',15,'ku','Orthopedic surgery in IRAN','2019-11-19 09:52:41','2019-11-19 09:52:41'),(1052,'posts','slug',15,'ku','orthopedic-surgery-in-iran','2019-11-19 09:52:41','2019-11-19 09:52:41'),(1053,'posts','title',16,'ar','عملية تجميل الأنف في إيران و آخر البلاد و مقارنة أسعارها','2019-11-19 10:10:37','2019-11-19 10:10:37'),(1054,'posts','body',16,'ar','<div id=\"template-content\" class=\"mceTmpl\">\n<ul>\n<li><a href=\"#a1\">ما هی عملیة التجميل؟</a></li>\n<li><a href=\"#a2\"> ما هي عملية تجميل الأنف (rhinoplasty)؟</a></li>\n<li><a href=\"#a3\">متي نحتاج بعملية تجميل الأنف و من يحتاج بعملية تجميل الأنف؟</a></li>\n<li><a href=\"#a4\">ما هو عمر المناسب لأداء عملية تجميل الانف؟</a></li>\n<li><a href=\"#a5\">&nbsp;عملية تجميل الأنف و أنواعها</a></li>\n<li><a href=\"#a6\">ما يجب علينا أن نفعل قبل عملية تجميل الأنف؟</a></li>\n<li><a href=\"#a7\">ما يجب علينا أن نفعل بعد عملية تجميل الأنف؟</a></li>\n<li><a href=\"#a8\">المخاطر و الآثار الجانبية:</a></li>\n<li><a href=\"#a9\">عملية تجميل الأنف في إيران</a></li>\n<li><a href=\"#a10\">عملية تجميل الأنف في العالم</a></li>\n<li><a href=\"#a11\">كلفة إجراء عملية تجميل الأنف في إيران</a></li>\n<li><a href=\"#a12\">مقارنة كلفة عملية تجميل الأنف في إيران و آخر البلاد</a></li>\n<li><a href=\"#a13\">كلفة إجراء عملية تجميل الأنف في شركة مدتورإيران</a></li>\n</ul>\n<h3 id=\"a1\" class=\"template-subtitle\">ما هی عملیة التجميل؟</h3>\n<p class=\"paragraph-medium paragraph-black template-p\">إن عملية التجميل أو جراحة التجميل تكون إحدى التخصصات الطبية ألتي تساعد الإنسان حتى يعيش بشكل أحسن. عملية التجميل أو جراحة التجميل تقوم بأداء عملية تؤدي إلى إعادة تشكل عضو في جسم الشخص. إن هدف عملية التجميل أو جراحة التجميل يكون تنسيق أعضاء الجسم حسب المقاييس الجمالية المختصة بالعضو المحدد مع آخر أعضاء الجسم و تجري عملية التجميل لأسباب عديدة و نحن في هذه المقالة ندرس عملية تجميل الأنف و كل ما تحتاجون إليه حول هذه الموضوع.</p>\n<h3 id=\"a2\" class=\"template-subtitle\">&nbsp;ما هي عملية تجميل الأنف (rhinoplasty)؟</h3>\n<p class=\"paragraph-medium paragraph-black template-p\">عملية تجميل الأنف أو جراحة تجميل الأنف تختص بإجراء عملية التجميل الخاصة للأنف. يعلم كل الإنسان إن الأنف يمثل دورا هاما في إجراء عملية التنفس ألتي يحتاج الإنسان بها&nbsp; في كل لحظة من حياته&nbsp; و من ناحية أخري إن الأنف يمثل دورا بارزا جماليا في وجه الإنسان الذي يهتم إليه بعض الناس إهتماما كثيرا. و يواجه الناس بعض الأحيان بالمشاكل الخاصة للأنف ألتي تؤدي إلى إخلال عملية التنفس أو تؤثر على شكل الأنف أو كليهما معا فيحتاج الشخص بعملية تجميل الأنف و من ناحية أخرى يحضر الشخص عند الطبيب الأخصائي لإجراء عملية تجميل الأنف بغرض تجميلي و القيام بتنسيق الأنف مع آخر أعضاء الوجه.</p>\n<h3 id=\"a3\" class=\"template-subtitle\">متي نحتاج بعملية تجميل الأنف و من يحتاج بعملية تجميل الأنف؟</h3>\n<p class=\"paragraph-medium paragraph-black template-p\">كما ذكرنا مسبقا، يدور الأنف دورا هاما في الجسم و بعض الأحيان نحتاج بقيام إجراء عملية تجميل الأنف حتى نساعده في إدخال الهواء النقي إلى الرئتين أو يعاني الأنف من الأمراض الخلقية أو الأمراض السرطانية أو يواجه بالكسر أو تضييق فتحة الأنف و مشاكله التنفسية . من ناحية الجمالية بعض الأشخاص يقومون بطلب إجراء عملية تجميل الأنف بسبب حجمه الكبير أو الصغير أو وجود مشكلة في فتحات الأنف أو ميلان الأنف و إعوجاج عظمة الأنف و آخر المشاكل حتى يناسق الأنف مع أعضاء الوجه.</p>\n<h3 id=\"a4\" class=\"template-subtitle\">ما هو عمر المناسب لأداء عملية تجميل الانف؟</h3>\n<p class=\"paragraph-medium paragraph-black template-p\">يوجد أمامنا غرضان لإجراء عملية تجميل الأنف و هما العملية الطبية و العملية التجميلية بحتا و يختلف زمن أداء عملية تجميل الأنف بنسبة أي غرض. أما بنسبة عملية تجميل الأنف طبيا أو في حال الطوارئ يمكن إجراء هذه العملية في أي زمن و لا بأس بها للأطفال أيضا و أما بالنسبة عملية تجميل الأنف تجميليا بحتا، قيجب على الشخص أن يقوم بإجراء العملية بعد تكميل نمو عظمة الأنف بشكل تام أو بعد سن المراهقة .</p>\n<h3 id=\"a5\" class=\"template-subtitle\">&nbsp;عملية تجميل الأنف و أنواعها</h3>\n<p class=\"paragraph-medium paragraph-black template-p\">تشتمل عملية تجميل الأنف على عملية طبية أو عملية تجميلية بحت.</p>\n<ul class=\"template-ul\">\n<li><strong>&nbsp;عملية تصغير الأنف: </strong>تؤدي هذه الجراحة إلى تصغير حجم الأنف و يمكن تصغير حجم الأنف بشكل كلي أو بعض مناطقه و تجري هذه العملية عن طريق إزالة عظم الأنف أو غضروفه.</li>\n<li><strong>عملية تكبير الأنف:</strong>تؤدي هذه الجراحة إلى تكبير حجم الأنف و لا تعتبر هذه الجراحة كجراحة علاجية و تجري هذه الجراحة بسبب عدم نمو الأنف بشكل الكامل أو تشوه الأنف.</li>\n<li><strong>عملية تصحيح إنحراف الحاجز الأنفي:</strong>تجري هذه الجراحة لمساعدة الشخص في تحسين إجراء عملية التنفس عن طريق تحسين مجرى الهواء. إن عملية تصحيح إنحراف الحاجز الأنفي تؤدي إلى إزالة ضعف التنفس.</li>\n<li><strong>عملية تجميل الأنف بعد إصابة الأنف بحادثة:</strong>تجري هذه العملية بعد أن يواجه الأنف بالحادثة ألتي تؤدي إلى التدمير أو إنكسار غضروف الأنف أو عظامه</li>\n</ul>\n<h3 id=\"a6\" class=\"template-subtitle\">ما يجب علينا أن نفعل قبل عملية تجميل الأنف؟</h3>\n<p class=\"paragraph-medium paragraph-black template-p\">يجب على المريض أن يحضر عند الطبيب الأخصائي البارع للإستشارة قبل القيام بإجراء العملية.</p>\n<p class=\"paragraph-medium paragraph-black template-p\">إجراء بعض التحاليل المتعلقة بهذه العملية قبل الجراحة.</p>\n<p class=\"paragraph-medium paragraph-black template-p\">تناول بعض الأدوية ألتي يحتاج الشخص بها قبل إجراء العملية و إذا يتناول الشخص أدوية خاصة عليه أن يخبر الطبيب لضبط تناولها.</p>\n<p class=\"paragraph-medium paragraph-black template-p\">يجب على الشخص أن لايتدخن في الفترة قبل العملية لأن هذا العمل يؤدي إلى بعض المشاكل بعد إجراء العملية.</p>\n<h3 id=\"a7\" class=\"template-subtitle\" style=\"direction: rtl;\">ما يجب علينا أن نفعل بعد عملية تحميل الأنف؟</h3>\n<p class=\"paragraph-medium paragraph-black template-p\" style=\"direction: rtl;\">إن فترة بعد إجراء عملية تجميل الأنف تحتاج بإهتمام خاص من جانب المريض حتى تنجح العملية بشكل كامل.</p>\n<p class=\"paragraph-medium paragraph-black template-p\" style=\"direction: rtl;\">يجب على الشخص أن يرفع رأسه أعلى من مستوى الصدر خلال فترة الراحة بعد الجراحة و هذا العمل يجري لتقليل النزيف و التورم.</p>\n<p class=\"paragraph-medium paragraph-black template-p\" style=\"direction: rtl;\">تبقى الضمادات الداخلية أو الجبيرة ألتي وضعها الطبيب في الأنف لمدة يوم أو أسبوع بعد عملية تجميل الأنف في موضعها غالبا.&nbsp;</p>\n<p class=\"paragraph-medium paragraph-black template-p\" style=\"direction: rtl;\">تناول بعض الأدوية ألتي تساعد الشخص في عدم الإصابة بالعدوى و تناول بعض الأدوية ألتي توجد في وصفة الطبيب لتقليل الألم.</p>\n<p class=\"paragraph-medium paragraph-black template-p\" style=\"direction: rtl;\">يجب على الشخص أن يجتنب من الأنشطة العنيفة كالركض.</p>\n<p class=\"paragraph-medium paragraph-black template-p\" style=\"direction: rtl;\">إن الطبيب يمنع الشخص عن بعض الأعمال بعد عملية تجميل الأنف لفترة محددة مثل تنظيف الأسنان بقوة أو التمخط أو المضغ بقوة.</p>\n<p class=\"paragraph-medium paragraph-black template-p\" style=\"direction: rtl;\">يجب على الشخص أن لا يبتسم و يضحك بشدة.</p>\n<p class=\"paragraph-medium paragraph-black template-p\" style=\"direction: rtl;\">يجب على الشخص أن لا يتعرض نفسه للشمس لفترات طويلة لأن هذا العمل قد يؤدي إلى تغيير لون جلد الأنف بشكل غير طبيعي.</p>\n<p class=\"paragraph-medium paragraph-black template-p\" style=\"direction: rtl;\">يجب على الشخص أن لا يضع النظارة بعد الجراحة لعدة أيام و أسابيع حتى يمنع الضغط علي الأنف.</p>\n<h3 id=\"a8\" class=\"template-subtitle\">المخاطر و الآثار الجانبية:</h3>\n<p class=\"paragraph-medium paragraph-black template-p\">علينا أن نعلم قبل اجراء عملية تجميل الأنف بعض المخاطر ألتي يمكن أن تعرض بعد الجراحة:</p>\n<ul class=\"template-ul\">\n<ul class=\"template-ul\">\n<li><strong>يمكن ملاحظة النزيف بعد عملية تجميل الأنف</strong></li>\n<li><strong>مشاهدة التورم و الإنفتاح بعد جراحة تجميل الأنف حول العين و الخدود&nbsp;</strong></li>\n<li><strong>مشاكل في عملية التنفس</strong></li>\n<li><strong>الشعور بالخدر في الأنف</strong></li>\n</ul>\n</ul>\n<p class=\"paragraph-medium paragraph-black template-p\">قد يشاهد الشخص عدم وصوله إلى شكل مطلوب و هذا يتعلق بخبرة الطبيب و الجراح.</p>\n<h3 id=\"a8\" class=\"template-subtitle\">عملية تجميل الأنف في إيران</h3>\n<p class=\"paragraph-medium paragraph-black template-p\">إن عملية تجميل الأنف أو جراحة تجميل الأنف في إيران تعتبر من أشهر العمليات التجميلية و إيران تكون معروفة في هذا المجال. جدير للذكر أن نقول: تجري عملية تجميل الأنف في مستوي عالي في إيران و هذا الأمر يتعلق بالمعدات الموجودة و ذو الجودة العالية و وجود الأطباء الأخصائين. إن هذه العوامل و التكاليف المعقولة هي عوامل تجعل إيران مكانا لإجراء عملية تجميل الأنف و مقصدا لكل من يطلب عملية تجميل الأنف في أنحاء العالم.</p>\n</div>','2019-11-19 10:10:37','2019-11-20 07:30:00'),(1055,'posts','slug',16,'ar','amlyh-tjmyl-alanf-fy-iyran-w-aakhr-alblad-w-mqarnh-asaarha','2019-11-19 10:10:37','2019-11-19 10:10:37'),(1056,'posts','title',16,'ku','Rhinoplasty (nose job) in Iran- Compare prices of the rhinoplasty','2019-11-19 10:58:05','2019-11-19 10:58:05'),(1057,'posts','slug',16,'ku','rhinoplasty-nose-job-in-iran-compare-prices-of-the-rhinoplasty','2019-11-19 10:58:05','2019-11-19 10:58:05'),(1058,'packages','title',36,'ku','نەشتەرگەری ئاوی سپی چاو','2019-11-19 13:09:33','2019-11-20 05:48:13'),(1059,'packages','before_price',36,'ku','From','2019-11-19 13:09:33','2019-11-19 13:09:33'),(1060,'packages','after_price',36,'ku','USD','2019-11-19 13:09:33','2019-11-19 13:09:33'),(1061,'packages','slug',36,'ku','n-sht-r-r-eaw-s-aw','2019-11-19 13:09:33','2019-11-20 05:48:13'),(1062,'packages','pricing',36,'ku','{\n    \"1\": {\n        \"title\": \"Treatment \",\n        \"price\": \"From 800$\"\n       },\n  \"1\": {\n        \"title\": \"Treatment +3 Star Hotel\",\n        \"price\": \"From 1200$\"\n       }\n}','2019-11-19 13:09:33','2019-11-19 13:09:33'),(1063,'categories','slug',20,'ku','awd-r-aw','2019-11-19 13:13:05','2019-11-19 13:13:05'),(1064,'categories','title',20,'ku','چاودێری چاو','2019-11-19 13:13:05','2019-11-19 13:13:05'),(1065,'categories','excerpt',20,'ku','The eye is a very important and fragile organ in your body and needs extreme care. There are a number of vision disorders such as myopia (near-sightedness), hyperopia (far-sightedness) and astigmatism that are included among refractive errors. That is why everyone needs to have regular checkups to diagnose the possible errors in their eyes through the eye exam and take action to resolve them by using eyeglasses, contact lenses or having surgery.','2019-11-19 13:13:05','2019-11-19 13:13:05'),(1066,'posts','body',14,'ku','<div class=\"template-img\"><img alt=\"\" /> <img alt=\"\" /> <img alt=\"\" /></div>\n<div class=\"template-img\">&nbsp;</div>','2019-11-20 05:58:03','2019-11-20 05:58:03'),(1067,'tags','title',21,'ar','عملية زراعة الشعر','2019-11-20 06:03:05','2019-11-20 06:03:05'),(1068,'tags','title',20,'ar','مدتورإيران','2019-11-20 06:05:49','2019-11-20 06:05:49'),(1069,'tags','title',20,'ku','Medtouriran','2019-11-20 06:05:49','2019-11-20 06:05:49'),(1070,'tags','title',19,'ar','عملية زرع صمام قلب','2019-11-20 06:06:34','2019-11-20 06:06:34'),(1071,'tags','title',19,'ku','Heart valve replacement','2019-11-20 06:06:34','2019-11-20 06:06:34'),(1072,'tags','title',18,'ar','عملية صمام قلب','2019-11-20 06:07:00','2019-11-20 06:07:00'),(1073,'tags','title',18,'ku','Heart valve surgery','2019-11-20 06:07:00','2019-11-20 06:07:00'),(1074,'tags','title',14,'ar','أمراض قلب','2019-11-20 06:07:27','2019-11-20 06:07:27'),(1075,'tags','title',14,'ku','Heart disease ','2019-11-20 06:07:27','2019-11-20 06:07:27'),(1076,'tags','title',15,'ar','علاج أمراض القلب في إيران','2019-11-20 06:07:51','2019-11-20 06:07:51'),(1077,'tags','title',15,'ku','treatment of heart disease in Iran','2019-11-20 06:07:51','2019-11-20 06:07:51'),(1078,'tags','title',22,'ar',' عملية زراعة الشعر في إيران','2019-11-20 06:08:26','2019-11-20 06:08:26'),(1079,'tags','title',23,'ar','تكلفة زراعة الشعر','2019-11-20 06:09:27','2019-11-20 06:09:27'),(1080,'tags','title',24,'ar','زرع الشعر للنساء و للرجال','2019-11-20 06:10:01','2019-11-20 06:10:01'),(1081,'posts','title',17,'ar','تجميل الأسنان','2019-11-20 06:32:48','2019-11-20 06:32:48'),(1082,'posts','excerpt',17,'ar','ما هي تجميل الأسنان؟ هل تحتاج الإنسان بتجميل الأسنان؟ متى نحتاج بتجميل الأسنان؟ هل هذه العملية تكون تخصص طبي؟ كم هي أسعار تجميل الأسنان و ما هي أنواع عمليات تجميل الأسنان؟ هل يمكن نصل إلى إبتسامة هوليود؟\nهل هذه الأسئلة تخطر ببالكم؟ هل تتفكرون إليها أمام المرآة؟ هل أنتم تحتاجون بتجميل الأسنان؟\nنسعى في هذه المقالة أن نقوم بإجابة أسئلتكم، كونوا معنا...\n','2019-11-20 06:32:48','2019-11-20 06:32:48'),(1083,'posts','body',17,'ar','<div id=\"template-content\" class=\"mceTmpl\">\n<ul>\n<li><a href=\"#a1\">تجميل الأسنان:</a></li>\n<li><a href=\"#a2\">طب الأسنان التجميلي</a></li>\n<li><a href=\"#a3\">تجميل الأسنان في إيران</a></li>\n<li><a href=\"#a4\">تجميل الأسنان في مدتور إيران</a></li>\n<li><a href=\"#a5\">عمليات تجميل الأسنان باختصار</a></li>\n<li><a href=\"#a6\"> هل تجري كل عملية تجميل الأسنان في إيران؟</a></li>\n<li><a href=\"#a7\">أسعار تجميل الأسنان في إيران</a></li>\n<li><a href=\"#a8\">أسعار تجميل الأسنان في مدتور إيران</a></li>\n</ul>\n<h3 id=\"a1\" class=\"template-subtitle\">تجميل الأسنان</h3>\n<p class=\"paragraph-medium paragraph-black template-p\">ما هي تجميل الأسنان؟ هل تحتاج الإنسان بتجميل الأسنان؟ متى نحتاج بتجميل الأسنان؟ هل هذه العملية تكون تخصص طبي؟ كم هي أسعار تجميل الأسنان و ما هي أنواع عمليات تجميل الأسنان؟ هل يمكن نصل إلى إبتسامة هوليود؟</p>\n<p class=\"paragraph-medium paragraph-black template-p\">هل هذه الأسئلة تخطر ببالكم؟ هل تتفكرون إليها أمام المرآة؟ هل أنتم تحتاجون بتجميل الأسنان؟</p>\n<p class=\"paragraph-medium paragraph-black template-p\">نسعى في هذه المقالة أن نقوم بإجابة أسئلتكم، كونوا معنا...</p>\n<p class=\"paragraph-medium paragraph-black template-p\">إن الأسنان تعتبر من عوامل الجمال في الوجه و لها دور بارز في هذا المجال. نلاحظ إهتمام الناس بأسنانهم من الجهة الطبية و الجمالية في الفترة الأخيرة كثيرا، و مع هذا الإهتمام، تطور علم تجميل الأسنان لإجابة طلب الناس كما نلاحظ اليوم عيادات كثيرة و الأطباء المتخصصين في هذا المجال.&nbsp;</p>\n<p class=\"paragraph-medium paragraph-black template-p\">إن عملية تجميل الأسنان تقوم بإزالة مشاكل الأسنان طبية و جمالية و له أنواع مختلفة نشير إيها في هذه المقالة.</p>\n<h3 id=\"a2\" class=\"template-subtitle\">طب الأسنان التجميلي</h3>\n<p class=\"paragraph-medium paragraph-black template-p\">طب الأسنان التجميلي يعتبر من أقسام الطب و أهمه كما نلاحظ كثيرا من الناس يرغبون إليه. إن مهمة هذا الطب تكون هي التعديل و تصحيح عيوب تتعلق بالأسنان و الفكين و الفم من جهة تجميلية و تحتاج بعملية تجميل الأسنان. تجري عملية تجميل الأسنان عن طريق التقنيات الحديثة و الأجهزة الخاصة و الأدوات تساعد تعديل مشاكل الأسنان و الفم و الفكين.</p>\n<h3 id=\"a3\" class=\"template-subtitle\">تجميل الأسنان في إيران</h3>\n<p class=\"paragraph-medium paragraph-black template-p\">لماذا إجراء عملية تجميل الأسنان في إيران؟ يمكن القول أن إيران تعتبر من الدول ألتي تجري فيها عملية تجميل الأسنان بجودة عالية و في المستوي العال و إن هذا القول يقوم على عدة أسباب نشير إليها في هذا المجال.</p>\n<p class=\"paragraph-medium paragraph-black template-p\">عملية تجميل الأسنان مع الجودة العالية تحتاج بالأطباء المتخصصين و الخبرة و الأدوات الحديثة و التقنيات المتعلقة بعملية تجميل الأسنان، و نلاحظ تطور طب الأسنان التجميلي في الفترة الأخيرة في إيران و رغبة الإيرانيين و الأجانب لإجراء هذه العملية في إيران. إن خبرة الأطباء الإيرانيين في مجال الطب بشكل عام و في مجال طب الأسنان و تجميل الأسنان بشكل خاص تسبب حضور الأشخاص في العيادات و دون شك هذه الميزة لاتقدر على قيام عملية التجميل إلا مع الأجهزة الحديثة و خبرة الأطباء و نحن نشاهد هذه الميزات كلها في إيران و من أشهر المدن ألتي تجري فيها عملية تجميل الأسنان هي طهران، مشهد، شيراز . من الميزات الأخرى ألتي تسبب إختيار إيران كمقصد لإجراء عملية تجميل الأسنان هي طبيعتها الجميلة و الخدمات الجيدة و تسبب كلها سياحة مهيجة و لطيفة.</p>\n<h3 id=\"a4\" class=\"template-subtitle\">تجميل الأسنان في مدتور إيران</h3>\n<p class=\"paragraph-medium paragraph-black template-p\">بعد إختيار إيران لإجراء عملية تجميل الأسنان ماذا نفعل؟ أين نذهب للإقامة و العلاج؟ من هو أحسن و أفضل الطبيب؟ أية مدينة مناسبة للعلاج؟</p>\n<p class=\"paragraph-medium paragraph-black template-p\">نعم، كل هذه الأسئلة هامة جدا، و لهذا نحن بخدمتكم في مدتور إيران لإجراء العمليات الطبية و التجملية من الـ ألف حتى الياء، كما سجلنا في موقعنا الإلكتروني: (<strong>مدتورایران توفر الخدمات المؤهلة و بأسعار معقولة للسياحة الطبية في إيران. مهمتنا هي توفير خدمة لا تنسى للسياح العلاجيين ، وشعارنا هو: نقرة واحدة إلى الصحة</strong>)</p>\n<p class=\"paragraph-medium paragraph-black template-p\">نحن في شركة مدتور إيران نقوم بحجز الطيران و الفندق و نوفر لكم زيارة الطبيب في مدينة طهران العاصمة الإيرانية أو مشهد أو شيراز و نوفر لكم المترجم المرافق و السيارة الخاصة لكم مع أفضل الخدمات و أحسنها و الأسعار المعقولة و و بخدمتكم في هذه السياحة العلاجية. سنشير إلى أسعارنا في هذه المقالة و تعجبكم الأسعار الرخيصة و الخدمات الجيدة.</p>\n<h3 id=\"a5\" class=\"template-subtitle\">عمليات تجميل الأسنان باختصار</h3>\n<p class=\"paragraph-medium paragraph-black template-p\">ما هي أنواع عمليات تجميل الأسنان؟ أية عملية تعتبر كعملية تجميل الأسنان؟</p>\n<p class=\"paragraph-medium paragraph-black template-p\">نحن نشرح لكم هنا أنواع عملية تجميل الأسنان باختصار حتى تعرفوا أنواع هذه العملية.</p>\n<ul class=\"template-ul\">\n<li><strong>تبييض الأسنان: </strong>كما يبين من إسم هذه العملية إنها تتعلق بلون الأسنان. إن عملية تبييض الأسنان تعتبر من عمليات يرغب الناس إليها كثيرا لتفتيح لون أسنانهم و تبييضها و إزالة بقع الأسنان و هذه العملية تؤثر على تحسين مظهر الوجه مباشرا و كثيرا.</li>\n<li><strong>تقويم الأسنان: </strong>إن تقويم الأسنان يقوم على ضغط جميع الأسنان حتي يؤدي إلى تحريك الأسنان إلى مكانها المناسب. إن هذه العملية تؤثر على تحسينعمل الأسنان و مظهر ها و تفيد لصحة أعضاء الفم منها اللثة و الأسنان و الفكين. توجد أنواع مختلفة لتقويم الأسنان و هي: التقويم المتحرك و التقويم الثابت و التقويم الوقائي و التقويم التجميلي.</li>\n<li><strong>تنظيف الأسنان: </strong>إن تنظيف الأسنان يعتبر كنوع من أنواع عمليات تجميل الأسنان و لها طرق مختلفة. كما نفهم من إسم هذه العملية، إنها تقوم على تنظيف الأسنان و تلميعها و إزالة الجير الموجود بين الأسنان و عليها. أنواع تنظيف الأسنان هي:</li>\n</ul>\n<ul>\n<li>- تنظيف الأسنان عند الطبيب</li>\n<li>- تنطيف الأسنان بأساليب طبيعية</li>\n<li>- تنظيف الأسنان بالخيط</li>\n<li>- تنظيف الأسنان بالفرشاة و المعجون</li>\n</ul>\n<ul class=\"template-ul\">\n<li><strong>زراعة الأسنان: </strong>إن عملية زراعة الأسنان تعتبر من التطورات الحديثة في علم طب الأسنان. كيف يتم إجراء عملية زراعة الأسنان؟ إن هذه العملية تعتمد على إستبدال جذر السن إلى دعامة معدنية و الأسنان الإصطناعية تحل محل الأسنان المحطمة و المفقودة و يتم توفير هذه الأسنان الإصطناعية كأسنان الشخص شكلا و مظهرا. و من الواجب أن يتمتع الشخص الطالب من بعض المواصفات لأداء هذه العملية.</li>\n<li><strong>حشو الأسنان: </strong>متى يتم إجراء عملية حشو الأسنان؟ إن الأسنان تصيب ببعض الأمراض كـ تسوس الأسنان و تجوفها و لشقوق بين الأسنانأو إنكسارها و يواجه الشخص في هذه الحالة بالمشكلة و حلها هي عملية حشو الأسنان. فيقوم الطبيب في هذه العملية بإزالة جزء مسوس في السن و حشوه بمادة الحشو ألتي تشتمل على أنواع مختلفة.</li>\n<li><strong>&nbsp;تركيب الأسنان: </strong>ما الفرق بين تركيب الأسنان و زراعة الأسنان؟ إن زراعة الأسنان كما ذكرنا مسبقا تقوم على إستبدال الجذر و السن معا ولكن ما هي عملية تجري في تركيب الأسنان؟ في عملية تركيب الأسنان لا يزيل جذر السن الطبيعي و يتم العملية حول طبقة الأسنان الخارجية فقط و غرس برغ بدلا من السن المزيل.&nbsp;</li>\n<li><strong>جراحة الفم و الفكين: </strong>تعتبر جراحة الفك و الفم كتخصص طبي و تجري هذه العملية على يد طبيب الأسنان أيضا. إن هذه العملية ترتبط بالتشخيص و الوقاية و العلاج و النقاهة من أمراض الأسنان و جوف الفم و الفكين.</li>\n<li><strong>&nbsp;تجميل الأسنان بالليزر: </strong>إن الليزر أو الطاقة الضوئية يستخدم في هذه الفترة كثيرا و كما نشاهد إنه يمثل دورا بارز في الطب و نلاحظه في طب الأسنان و تجميلها أيضا و يستخدم لعلاج أمراض اللثة و التسوس الأسنان و تبييض الأسنان و إزالة الأورام. من مزايا الليزر هي ألمه القليل و ضوضاءه القليل عند إجراء العملية و تقليل النزيف و له بعض العيوب أيضا كتكلفته الغالية و حاجته بالتخدير و لا يغني عن التخدير بشكل عام و لا يستخدم للأسنان المتسوسة كاملا و لتحضير الأسنان لعملية قبول الجذر و الجسر و لا يمكن إستخدامه للأسنان ألتي تم حشوها قديما.</li>\n<li><strong>&nbsp;إبتسامة هوليود: </strong>ما هي إبتسامة هوليود؟إصطلاح إبتسامة هوليود يعبر عن جمال الأسنان و مظهره و هذا يعني الأسنان المتناسقة و اللامعة و البيضاء و يسمي كذلك بسبب نسبتها إلى ممثلين هوليود الشهير و إبتسامتهم الجيدة و مظهر جميل أسنانهم. كيف نصل إلى إبتسامة هوليود؟ يتم تصنيع قشور رقيقة خاصة لكل شخص و يقوم الطبيب بوضع هذه القشور على الأسنان الأمامية و تهدف هذه العملية تحسين شكل الأسنان و تبييض الأسنان دوما، لأن هذه القشور تصنع من المواد ألتي لا يتغير لونها و تقاوم أمام البقع و يتم تنسيق هذه القشور مع اللون و الشكل و الطول و حجم أسنان الشخص.</li>\n</ul>\n<h3 id=\"a6\" class=\"template-subtitle\">&nbsp;هل تجري كل عملية تجميل الأسنان في إيران؟</h3>\n<p class=\"paragraph-medium paragraph-black template-p\">إن عملية تجميل الأسنان في إيران تجري بشكل كامل و حرفي. توجد مراكز طبية للقيام بإجراء أنواع عملية تجميل الأسنان و تتمتع هذه المراكز من الأطباء المتخصصين و التقنيات الحديثة و الأجهزة متطورة و نلاحظ كل يوم التطورات الجيدة في هذا المجال في إيران.</p>\n<h3 id=\"a7 class=\">أسعار تجميل الأسنان في إيران</h3>\n<p class=\"paragraph-medium paragraph-black template-p\">تكلفة طب الأسنان و العمليات المختلفة للأسنان تكون مختلفة حسب نوع العلاج و الجراحة. ولكن يمكن أن نقول بشكل كلي إن تكلفة عمليات تجميل الأسنان هي:</p>\n<ul class=\"template-ul\">\n<ul class=\"template-ul\">\n<li><strong>تكلفة إبتسامة هوليود في إيران (الصفح): </strong>300 دولار لسن واحد على أقل تقدير.</li>\n<li><strong>سعر إبتسامة هوليود في إيران (التركيب): </strong>89 دولار لسن واحد على أقل تقدير</li>\n</ul>\n</ul>\n<p class=\"paragraph-medium paragraph-black template-p\">تكلفة زراعة الاسنان في ايران ابتداء من 450 دولار</p>\n<h3 id=\"a8\" class=\"template-subtitle\">أسعار تجميل الأسنان في مدتور إيران</h3>\n<p class=\"paragraph-medium paragraph-black template-p\">يمكن البحث عن أسعار تجميل الأسنان في العالم و إيران و شركة مدتورإيران. بعد مدة قصيرة تشاهدون إن أسعار شركة مدتورإيران تكون مناسبة الأسعار بسبب خدماتها الجيدة و أطبائها الحاذقة. نحن في مركز مدتور إيران بخدمتكم مع أفضل الخدمات فنشير إلى بعض أسعار عملية تجميل الأسنان في شركة مدتورإيران.</p>\n<ul class=\"template-ul\">\n<ul class=\"template-ul\">\n<li><strong>تكلفة إبتسامة هوليود في طهران-مدتورإيران :</strong>80 دولار<a class=\"imp\" href=\"https://medtouriran.com/ar/packages/13/hollywood-smile\" target=\"_blank\" rel=\"noopener\">حجز عروضنا</a></li>\n<li><strong>تكلفة&nbsp; إبتسامة هوليود في مشهد-مدتورإيران :</strong>100 دولار.<a class=\"imp\" href=\"https://medtouriran.com/ar/packages/13/hollywood-smile\" target=\"_blank\" rel=\"noopener\">حجز عروضنا</a></li>\n<li><strong>تكلفة زرع الأسنان في طهران-مدتور إيران :</strong>400 دولار.<a class=\"imp\" href=\"https://medtouriran.com/ar/packages/3/dental-implant\" target=\"_blank\" rel=\"noopener\">حجز عروضنا</a></li>\n<li><strong>تكلفة زرع الأسنان في مشهد-مدتور إيران :</strong>360 دولار.<a class=\"imp\" href=\"https://medtouriran.com/ar/packages/3/dental-implant\" target=\"_blank\" rel=\"noopener\">حجز عروضنا</a></li>\n</ul>\n</ul>\n</div>','2019-11-20 06:32:48','2019-11-20 08:40:35'),(1084,'posts','slug',17,'ar','tjmyl-alasnan','2019-11-20 06:32:48','2019-11-20 06:32:48'),(1085,'posts','title',17,'ku','Cosmetic Dentistry','2019-11-20 06:34:11','2019-11-20 06:34:11'),(1086,'posts','slug',17,'ku','cosmetic-dentistry','2019-11-20 06:34:11','2019-11-20 06:34:11'),(1087,'posts','body',16,'ku','<div id=\"template-content\" class=\"mceTmpl\">\n<ul>\n<li><a href=\"#a1\">ما هی عملیة التجميل؟</a></li>\n<li><a href=\"#a2\"> ما هي عملية تجميل الأنف (rhinoplasty)؟</a></li>\n<li><a href=\"#a3\">متي نحتاج بعملية تجميل الأنف و من يحتاج بعملية تجميل الأنف؟</a></li>\n<li><a href=\"#a4\">ما هو عمر المناسب لأداء عملية تجميل الانف؟</a></li>\n<li><a href=\"#a5\">&nbsp;عملية تجميل الأنف و أنواعها</a></li>\n<li><a href=\"#a6\">ما يجب علينا أن نفعل قبل عملية تجميل الأنف؟</a></li>\n<li><a href=\"#a7\">ما يجب علينا أن نفعل بعد عملية تجميل الأنف؟</a></li>\n<li><a href=\"#a8\">المخاطر و الآثار الجانبية:</a></li>\n<li><a href=\"#a9\">عملية تجميل الأنف في إيران</a></li>\n<li><a href=\"#a10\">عملية تجميل الأنف في العالم</a></li>\n<li><a href=\"#a11\">كلفة إجراء عملية تجميل الأنف في إيران</a></li>\n<li><a href=\"#a12\">مقارنة كلفة عملية تجميل الأنف في إيران و آخر البلاد</a></li>\n<li><a href=\"#a13\">كلفة إجراء عملية تجميل الأنف في شركة مدتورإيران</a></li>\n</ul>\n<h3 id=\"a1\" class=\"template-subtitle\">ما هی عملیة التجميل؟</h3>\n<p class=\"paragraph-medium paragraph-black template-p\">إن عملية التجميل أو جراحة التجميل تكون إحدى التخصصات الطبية ألتي تساعد الإنسان حتى يعيش بشكل أحسن. عملية التجميل أو جراحة التجميل تقوم بأداء عملية تؤدي إلى إعادة تشكل عضو في جسم الشخص. إن هدف عملية التجميل أو جراحة التجميل يكون تنسيق أعضاء الجسم حسب المقاييس الجمالية المختصة بالعضو المحدد مع آخر أعضاء الجسم و تجري عملية التجميل لأسباب عديدة و نحن في هذه المقالة ندرس عملية تجميل الأنف و كل ما تحتاجون إليه حول هذه الموضوع.</p>\n<h3 id=\"a2\" class=\"template-subtitle\">&nbsp;ما هي عملية تجميل الأنف (rhinoplasty)؟</h3>\n<p class=\"paragraph-medium paragraph-black template-p\">عملية تجميل الأنف أو جراحة تجميل الأنف تختص بإجراء عملية التجميل الخاصة للأنف. يعلم كل الإنسان إن الأنف يمثل دورا هاما في إجراء عملية التنفس ألتي يحتاج الإنسان بها&nbsp; في كل لحظة من حياته&nbsp; و من ناحية أخري إن الأنف يمثل دورا بارزا جماليا في وجه الإنسان الذي يهتم إليه بعض الناس إهتماما كثيرا. و يواجه الناس بعض الأحيان بالمشاكل الخاصة للأنف ألتي تؤدي إلى إخلال عملية التنفس أو تؤثر على شكل الأنف أو كليهما معا فيحتاج الشخص بعملية تجميل الأنف و من ناحية أخرى يحضر الشخص عند الطبيب الأخصائي لإجراء عملية تجميل الأنف بغرض تجميلي و القيام بتنسيق الأنف مع آخر أعضاء الوجه.</p>\n<h3 id=\"a3\" class=\"template-subtitle\">متي نحتاج بعملية تجميل الأنف و من يحتاج بعملية تجميل الأنف؟</h3>\n<p class=\"paragraph-medium paragraph-black template-p\">كما ذكرنا مسبقا، يدور الأنف دورا هاما في الجسم و بعض الأحيان نحتاج بقيام إجراء عملية تجميل الأنف حتى نساعده في إدخال الهواء النقي إلى الرئتين أو يعاني الأنف من الأمراض الخلقية أو الأمراض السرطانية أو يواجه بالكسر أو تضييق فتحة الأنف و مشاكله التنفسية . من ناحية الجمالية بعض الأشخاص يقومون بطلب إجراء عملية تجميل الأنف بسبب حجمه الكبير أو الصغير أو وجود مشكلة في فتحات الأنف أو ميلان الأنف و إعوجاج عظمة الأنف و آخر المشاكل حتى يناسق الأنف مع أعضاء الوجه.</p>\n<h3 id=\"a4\" class=\"template-subtitle\">ما هو عمر المناسب لأداء عملية تجميل الانف؟</h3>\n<p class=\"paragraph-medium paragraph-black template-p\">يوجد أمامنا غرضان لإجراء عملية تجميل الأنف و هما العملية الطبية و العملية التجميلية بحتا و يختلف زمن أداء عملية تجميل الأنف بنسبة أي غرض. أما بنسبة عملية تجميل الأنف طبيا أو في حال الطوارئ يمكن إجراء هذه العملية في أي زمن و لا بأس بها للأطفال أيضا و أما بالنسبة عملية تجميل الأنف تجميليا بحتا، قيجب على الشخص أن يقوم بإجراء العملية بعد تكميل نمو عظمة الأنف بشكل تام أو بعد سن المراهقة .</p>\n<h3 id=\"a5\" class=\"template-subtitle\">&nbsp;عملية تجميل الأنف و أنواعها</h3>\n<p class=\"paragraph-medium paragraph-black template-p\">تشتمل عملية تجميل الأنف على عملية طبية أو عملية تجميلية بحت.</p>\n<ul class=\"template-ul\">\n<li><strong>&nbsp;عملية تصغير الأنف: </strong>تؤدي هذه الجراحة إلى تصغير حجم الأنف و يمكن تصغير حجم الأنف بشكل كلي أو بعض مناطقه و تجري هذه العملية عن طريق إزالة عظم الأنف أو غضروفه.</li>\n<li><strong>عملية تكبير الأنف:</strong>تؤدي هذه الجراحة إلى تكبير حجم الأنف و لا تعتبر هذه الجراحة كجراحة علاجية و تجري هذه الجراحة بسبب عدم نمو الأنف بشكل الكامل أو تشوه الأنف.</li>\n<li><strong>عملية تصحيح إنحراف الحاجز الأنفي:</strong>تجري هذه الجراحة لمساعدة الشخص في تحسين إجراء عملية التنفس عن طريق تحسين مجرى الهواء. إن عملية تصحيح إنحراف الحاجز الأنفي تؤدي إلى إزالة ضعف التنفس.</li>\n<li><strong>عملية تجميل الأنف بعد إصابة الأنف بحادثة:</strong>تجري هذه العملية بعد أن يواجه الأنف بالحادثة ألتي تؤدي إلى التدمير أو إنكسار غضروف الأنف أو عظامه</li>\n</ul>\n<h3 id=\"a6\" class=\"template-subtitle\">ما يجب علينا أن نفعل قبل عملية تجميل الأنف؟</h3>\n<p class=\"paragraph-medium paragraph-black template-p\">يجب على المريض أن يحضر عند الطبيب الأخصائي البارع للإستشارة قبل القيام بإجراء العملية.</p>\n<p class=\"paragraph-medium paragraph-black template-p\">إجراء بعض التحاليل المتعلقة بهذه العملية قبل الجراحة.</p>\n<p class=\"paragraph-medium paragraph-black template-p\">تناول بعض الأدوية ألتي يحتاج الشخص بها قبل إجراء العملية و إذا يتناول الشخص أدوية خاصة عليه أن يخبر الطبيب لضبط تناولها.</p>\n<p class=\"paragraph-medium paragraph-black template-p\">يجب على الشخص أن لايتدخن في الفترة قبل العملية لأن هذا العمل يؤدي إلى بعض المشاكل بعد إجراء العملية.</p>\n<h3 id=\"a7\" class=\"template-subtitle\" style=\"direction: rtl;\">ما يجب علينا أن نفعل بعد عملية تحميل الأنف؟</h3>\n<p class=\"paragraph-medium paragraph-black template-p\" style=\"direction: rtl;\">إن فترة بعد إجراء عملية تجميل الأنف تحتاج بإهتمام خاص من جانب المريض حتى تنجح العملية بشكل كامل.</p>\n<p class=\"paragraph-medium paragraph-black template-p\" style=\"direction: rtl;\">يجب على الشخص أن يرفع رأسه أعلى من مستوى الصدر خلال فترة الراحة بعد الجراحة و هذا العمل يجري لتقليل النزيف و التورم.</p>\n<p class=\"paragraph-medium paragraph-black template-p\" style=\"direction: rtl;\">تبقى الضمادات الداخلية أو الجبيرة ألتي وضعها الطبيب في الأنف لمدة يوم أو أسبوع بعد عملية تجميل الأنف في موضعها غالبا.&nbsp;</p>\n<p class=\"paragraph-medium paragraph-black template-p\" style=\"direction: rtl;\">تناول بعض الأدوية ألتي تساعد الشخص في عدم الإصابة بالعدوى و تناول بعض الأدوية ألتي توجد في وصفة الطبيب لتقليل الألم.</p>\n<p class=\"paragraph-medium paragraph-black template-p\" style=\"direction: rtl;\">يجب على الشخص أن يجتنب من الأنشطة العنيفة كالركض.</p>\n<p class=\"paragraph-medium paragraph-black template-p\" style=\"direction: rtl;\">إن الطبيب يمنع الشخص عن بعض الأعمال بعد عملية تجميل الأنف لفترة محددة مثل تنظيف الأسنان بقوة أو التمخط أو المضغ بقوة.</p>\n<p class=\"paragraph-medium paragraph-black template-p\" style=\"direction: rtl;\">يجب على الشخص أن لا يبتسم و يضحك بشدة.</p>\n<p class=\"paragraph-medium paragraph-black template-p\" style=\"direction: rtl;\">يجب على الشخص أن لا يتعرض نفسه للشمس لفترات طويلة لأن هذا العمل قد يؤدي إلى تغيير لون جلد الأنف بشكل غير طبيعي.</p>\n<p class=\"paragraph-medium paragraph-black template-p\" style=\"direction: rtl;\">يجب على الشخص أن لا يضع النظارة بعد الجراحة لعدة أيام و أسابيع حتى يمنع الضغط علي الأنف.</p>\n<h3 id=\"a8\" class=\"template-subtitle\">المخاطر و الآثار الجانبية:</h3>\n<p class=\"paragraph-medium paragraph-black template-p\">علينا أن نعلم قبل اجراء عملية تجميل الأنف بعض المخاطر ألتي يمكن أن تعرض بعد الجراحة:</p>\n<ul class=\"template-ul\">\n<li><strong>يمكن ملاحظة النزيف بعد عملية تجميل الأنف:</strong>Lorem ipsum dolor.<a class=\"imp\" href=\"#\">Read More</a></li>\n<li><strong>مشاهدة التورم و الإنفتاح بعد جراحة تجميل الأنف حول العين و الخدود :</strong>Lorem ipsum dolor.<a class=\"imp\" href=\"#\">Read More</a></li>\n<li><strong>مشاكل في عملية التنفس:</strong>Lorem ipsum dolor.<a class=\"imp\" href=\"#\">Read More</a></li>\n<li><strong>الشعور بالخدر في الأنف:</strong>Lorem ipsum dolor.<a class=\"imp\" href=\"#\">Read More</a></li>\n<li><strong>lorem :</strong>Lorem ipsum dolor.<a class=\"imp\" href=\"#\">Read More</a></li>\n<li><strong>lorem :</strong>Lorem ipsum dolor.<a class=\"imp\" href=\"#\">Read More</a></li>\n<li><strong>lorem :</strong>Lorem ipsum dolor.<a class=\"imp\" href=\"#\">Read More</a></li>\n<li><strong>lorem :</strong>Lorem ipsum dolor.<a class=\"imp\" href=\"#\">Read More</a></li>\n</ul>\n<h3 id=\"a8\" class=\"template-subtitle\">عملية تجميل الأنف في إيران</h3>\n<p class=\"paragraph-medium paragraph-black template-p\">إن عملية تجميل الأنف أو جراحة تجميل الأنف في إيران تعتبر من أشهر العمليات التجميلية و إيران تكون معروفة في هذا المجال. جدير للذكر أن نقول: تجري عملية تجميل الأنف في مستوي عالي في إيران و هذا الأمر يتعلق بالمعدات الموجودة و ذو الجودة العالية و وجود الأطباء الأخصائين. إن هذه العوامل و التكاليف المعقولة هي عوامل تجعل إيران مكانا لإجراء عملية تجميل الأنف و مقصدا لكل من يطلب عملية تجميل الأنف في أنحاء العالم.</p>\n</div>','2019-11-20 07:27:12','2019-11-20 07:27:12'),(1088,'posts','excerpt',16,'ar','إن عملية التجميل أو جراحة التجميل تكون إحدى التخصصات الطبية ألتي تساعد الإنسان حتى يعيش بشكل أحسن. عملية التجميل أو جراحة التجميل تقوم بأداء عملية تؤدي إلى إعادة تشكل عضو في جسم الشخص. إن هدف عملية التجميل أو جراحة التجميل يكون تنسيق أعضاء الجسم حسب المقاييس الجمالية المختصة بالعضو المحدد مع آخر أعضاء الجسم و تجري عملية التجميل لأسباب عديدة و نحن في هذه المقالة ندرس عملية تجميل الأنف و كل ما تحتاجون إليه حول هذه الموضوع.','2019-11-20 07:27:59','2019-11-20 07:27:59'),(1089,'hotels','title',13,'ku','DR KHODADOOST eye center','2019-11-20 07:31:30','2019-11-20 07:31:30'),(1090,'hotels','slug',13,'ku','mstshf-ala-wn-d-twr-khdadwst','2019-11-20 07:31:30','2019-11-20 07:31:30'),(1091,'hotels','title',10,'ku','ERFAN Hospital','2019-11-20 07:32:06','2019-11-20 07:32:06'),(1092,'hotels','slug',10,'ku','erfan-hospital','2019-11-20 07:32:06','2019-11-20 07:32:06'),(1093,'hotels','title',11,'ku','BAHMAN Hospital','2019-11-20 07:32:17','2019-11-20 07:32:17'),(1094,'hotels','slug',11,'ku','bahman-hospital','2019-11-20 07:32:17','2019-11-20 07:32:17'),(1095,'posts','body',17,'ku','<div id=\"template-content\" class=\"mceTmpl\">\n<ul>\n<li><a href=\"#a1\">Cosmetic dentistry</a></li>\n<li><a href=\"#a2\">Cosmetic dentistry in Iran</a></li>\n<li><a href=\"#a3\">Cosmetic dentistry in MedtourIran</a></li>\n<li><a href=\"#a4\">Cosmetic dentistry in Tehran - Mashhad - Shiraz</a></li>\n<li><a href=\"#a5\">Cosmetic dentistry in short</a></li>\n<li><a href=\"#a6\">Teeth whitening</a></li>\n<li><a href=\"#a7\">Orthodontics</a></li>\n<li><a href=\"#a8\">Teeth cleaning</a></li>\n<li><a href=\"#a9\">Dental implant</a></li>\n<li><a href=\"#a10\">Endodontics</a></li>\n<li><a href=\"#a11\">Teeth combination</a></li>\n<li><a href=\"#a12\">Oral and maxillofacial surgery</a></li>\n<li><a href=\"#a13\">Laser dentistry</a></li>\n<li><a href=\"#a14\">Hollywood smile</a></li>\n<li><a href=\"#a15\">Are all of cosmetic dentistry surgeries done in Iran?</a></li>\n<li><a href=\"#a16\">Cosmetic dentistry costs in Iran</a></li>\n<li><a href=\"#a17\">Cosmetic dentistry costs in MedtourIran</a></li>\n<li><a href=\"#a18\">Cosmetic dentistry costs in Iran</a></li>\n<li><a href=\"#a19\">Cosmetic dentistry costs in Iran.</a></li>\n</ul>\n<h3 id=\"a1\" class=\"template-subtitle\">Cosmetic dentistry</h3>\n<p class=\"paragraph-medium paragraph-black template-p\">What is Cosmetic Dentistry? Do we need cosmetic dentistry? When do we need cosmetic dentistry? Does this process need medical specialty? How much are the costs of cosmetic dentistry and what are the types of cosmetic dentistry? Can we get Hollywood smile?</p>\n<p class=\"paragraph-medium paragraph-black template-p\">Do these questions come to your mind? Do you think about it in front of the mirror? Do you need really cosmetic dentistry?</p>\n<p class=\"paragraph-medium paragraph-black template-p\">In this article we answer all your questions about , be with us...</p>\n<p class=\"paragraph-medium paragraph-black template-p\">Tooth is considered a beauty factor in the face and has a prominent role in this regard. Lately, we notice people care about their teeth from both medical and aesthetic aspect, and as a result of this care, cosmetic dentistry is developed to answer the demand of people therefore, today we see many clinics and doctors are specialized in this field.</p>\n<p class=\"paragraph-medium paragraph-black template-p\">The cosmetic dentistry operation improves medical and aesthetic dental problems and has different types which we mention to in this article.</p>\n<h3 id=\"a2\" class=\"template-subtitle\">Cosmetic Dentistry in Iran</h3>\n<p class=\"paragraph-medium paragraph-black template-p\">As we see todays, cosmetic dentistry is regarded one of the most important branches of medicine. The task of this branch is to modify and correct aesthetic defects related to the teeth, jaws and mouth that need a dental cosmetic process. The cosmetic dentistry procedure is carried out with modern techniques and special equipment that help to correct the defects of teeth, mouth and jaws.</p>\n<p class=\"paragraph-medium paragraph-black template-p\">Cosmetic Dentistry in Iran:</p>\n<p class=\"paragraph-medium paragraph-black template-p\">Why cosmetic surgery in Iran? It can be said that Iran is one of the countries where the process of cosmetic surgery, with high quality and at a high level is performed and this is based on several reasons we will refer to them.&nbsp;</p>\n<p class=\"paragraph-medium paragraph-black template-p\">Aesthetic dentistry with high quality needs specialized doctors and expertise as well as modern tools and techniques related to cosmetic dentistry operation. Interestingly, we recently notice the development of cosmetic dentistry in Iran and the desire of Iranians and foreigners to perform this operation in Iran. The experience of Iranian doctors in this field in general and in the branch of dentistry and cosmetic dentistry in particular, makes people visit these clinics. Undoubtedly, this advantage alone cannot fulfill the task and require modern equipment and the experience of doctors. We have all these features in Iran and its cities in which cosmetic dentistry is performed such as Tehran, Mashhad and Shiraz. Other features that makes Iran a destination for cosmetic dentistry are its beautiful nature and good services, which provide interesting and pleasant tourism.</p>\n<p>&nbsp;</p>\n<ul class=\"template-ul\">\n<li><strong>lorem :</strong>Lorem ipsum dolor.<a class=\"imp\" href=\"#\">Read More</a></li>\n<li><strong>lorem :</strong>Lorem ipsum dolor.<a class=\"imp\" href=\"#\">Read More</a></li>\n<li><strong>lorem :</strong>Lorem ipsum dolor.<a class=\"imp\" href=\"#\">Read More</a></li>\n<li><strong>lorem :</strong>Lorem ipsum dolor.<a class=\"imp\" href=\"#\">Read More</a></li>\n<li><strong>lorem :</strong>Lorem ipsum dolor.<a class=\"imp\" href=\"#\">Read More</a></li>\n<li><strong>lorem :</strong>Lorem ipsum dolor.<a class=\"imp\" href=\"#\">Read More</a></li>\n<li><strong>lorem :</strong>Lorem ipsum dolor.<a class=\"imp\" href=\"#\">Read More</a></li>\n<li><strong>lorem :</strong>Lorem ipsum dolor.<a class=\"imp\" href=\"#\">Read More</a></li>\n</ul>\n<h3 id=\"a3\" class=\"template-subtitle\">lorem</h3>\n<p class=\"paragraph-medium paragraph-black template-p\">Lorem ipsum dolor</p>\n<ul class=\"template-ul\">\n<li><strong>lorem :</strong>Lorem ipsum dolor.<a class=\"imp\" href=\"#\">Read More</a></li>\n<li><strong>lorem :</strong>Lorem ipsum dolor.<a class=\"imp\" href=\"#\">Read More</a></li>\n<li><strong>lorem :</strong>Lorem ipsum dolor.<a class=\"imp\" href=\"#\">Read More</a></li>\n<li><strong>lorem :</strong>Lorem ipsum dolor.<a class=\"imp\" href=\"#\">Read More</a></li>\n<li><strong>lorem :</strong>Lorem ipsum dolor.<a class=\"imp\" href=\"#\">Read More</a></li>\n<li><strong>lorem :</strong>Lorem ipsum dolor.<a class=\"imp\" href=\"#\">Read More</a></li>\n<li><strong>lorem :</strong>Lorem ipsum dolor.<a class=\"imp\" href=\"#\">Read More</a></li>\n<li><strong>lorem :</strong>Lorem ipsum dolor.<a class=\"imp\" href=\"#\">Read More</a></li>\n</ul>\n<h3 id=\"a4\" class=\"template-subtitle\">lorem</h3>\n<p class=\"paragraph-medium paragraph-black template-p\">Lorem ipsum dolor</p>\n<ul class=\"template-ul\">\n<li><strong>lorem :</strong>Lorem ipsum dolor.<a class=\"imp\" href=\"#\">Read More</a></li>\n<li><strong>lorem :</strong>Lorem ipsum dolor.<a class=\"imp\" href=\"#\">Read More</a></li>\n<li><strong>lorem :</strong>Lorem ipsum dolor.<a class=\"imp\" href=\"#\">Read More</a></li>\n<li><strong>lorem :</strong>Lorem ipsum dolor.<a class=\"imp\" href=\"#\">Read More</a></li>\n<li><strong>lorem :</strong>Lorem ipsum dolor.<a class=\"imp\" href=\"#\">Read More</a></li>\n<li><strong>lorem :</strong>Lorem ipsum dolor.<a class=\"imp\" href=\"#\">Read More</a></li>\n<li><strong>lorem :</strong>Lorem ipsum dolor.<a class=\"imp\" href=\"#\">Read More</a></li>\n<li><strong>lorem :</strong>Lorem ipsum dolor.<a class=\"imp\" href=\"#\">Read More</a></li>\n</ul>\n<h3 id=\"a5\" class=\"template-subtitle\">lorem</h3>\n<p class=\"paragraph-medium paragraph-black template-p\">Lorem ipsum dolor</p>\n<ul class=\"template-ul\">\n<li><strong>lorem :</strong>Lorem ipsum dolor.<a class=\"imp\" href=\"#\">Read More</a></li>\n<li><strong>lorem :</strong>Lorem ipsum dolor.<a class=\"imp\" href=\"#\">Read More</a></li>\n<li><strong>lorem :</strong>Lorem ipsum dolor.<a class=\"imp\" href=\"#\">Read More</a></li>\n<li><strong>lorem :</strong>Lorem ipsum dolor.<a class=\"imp\" href=\"#\">Read More</a></li>\n<li><strong>lorem :</strong>Lorem ipsum dolor.<a class=\"imp\" href=\"#\">Read More</a></li>\n<li><strong>lorem :</strong>Lorem ipsum dolor.<a class=\"imp\" href=\"#\">Read More</a></li>\n<li><strong>lorem :</strong>Lorem ipsum dolor.<a class=\"imp\" href=\"#\">Read More</a></li>\n<li><strong>lorem :</strong>Lorem ipsum dolor.<a class=\"imp\" href=\"#\">Read More</a></li>\n</ul>\n<h3 id=\"a6\" class=\"template-subtitle\">lorem</h3>\n<p class=\"paragraph-medium paragraph-black template-p\">Lorem ipsum dolor</p>\n<ul class=\"template-ul\">\n<li><strong>lorem :</strong>Lorem ipsum dolor.<a class=\"imp\" href=\"#\">Read More</a></li>\n<li><strong>lorem :</strong>Lorem ipsum dolor.<a class=\"imp\" href=\"#\">Read More</a></li>\n<li><strong>lorem :</strong>Lorem ipsum dolor.<a class=\"imp\" href=\"#\">Read More</a></li>\n<li><strong>lorem :</strong>Lorem ipsum dolor.<a class=\"imp\" href=\"#\">Read More</a></li>\n<li><strong>lorem :</strong>Lorem ipsum dolor.<a class=\"imp\" href=\"#\">Read More</a></li>\n<li><strong>lorem :</strong>Lorem ipsum dolor.<a class=\"imp\" href=\"#\">Read More</a></li>\n<li><strong>lorem :</strong>Lorem ipsum dolor.<a class=\"imp\" href=\"#\">Read More</a></li>\n<li><strong>lorem :</strong>Lorem ipsum dolor.<a class=\"imp\" href=\"#\">Read More</a></li>\n</ul>\n<h3 id=\"a7\" class=\"template-subtitle\">lorem</h3>\n<p class=\"paragraph-medium paragraph-black template-p\">Lorem ipsum dolor</p>\n<ul class=\"template-ul\">\n<li><strong>lorem :</strong>Lorem ipsum dolor.<a class=\"imp\" href=\"#\">Read More</a></li>\n<li><strong>lorem :</strong>Lorem ipsum dolor.<a class=\"imp\" href=\"#\">Read More</a></li>\n<li><strong>lorem :</strong>Lorem ipsum dolor.<a class=\"imp\" href=\"#\">Read More</a></li>\n<li><strong>lorem :</strong>Lorem ipsum dolor.<a class=\"imp\" href=\"#\">Read More</a></li>\n<li><strong>lorem :</strong>Lorem ipsum dolor.<a class=\"imp\" href=\"#\">Read More</a></li>\n<li><strong>lorem :</strong>Lorem ipsum dolor.<a class=\"imp\" href=\"#\">Read More</a></li>\n<li><strong>lorem :</strong>Lorem ipsum dolor.<a class=\"imp\" href=\"#\">Read More</a></li>\n<li><strong>lorem :</strong>Lorem ipsum dolor.<a class=\"imp\" href=\"#\">Read More</a></li>\n</ul>\n<h3 id=\"a8\" class=\"template-subtitle\">lorem</h3>\n<p class=\"paragraph-medium paragraph-black template-p\">Lorem ipsum dolor</p>\n<ul class=\"template-ul\">\n<li><strong>lorem :</strong>Lorem ipsum dolor.<a class=\"imp\" href=\"#\">Read More</a></li>\n<li><strong>lorem :</strong>Lorem ipsum dolor.<a class=\"imp\" href=\"#\">Read More</a></li>\n<li><strong>lorem :</strong>Lorem ipsum dolor.<a class=\"imp\" href=\"#\">Read More</a></li>\n<li><strong>lorem :</strong>Lorem ipsum dolor.<a class=\"imp\" href=\"#\">Read More</a></li>\n<li><strong>lorem :</strong>Lorem ipsum dolor.<a class=\"imp\" href=\"#\">Read More</a></li>\n<li><strong>lorem :</strong>Lorem ipsum dolor.<a class=\"imp\" href=\"#\">Read More</a></li>\n<li><strong>lorem :</strong>Lorem ipsum dolor.<a class=\"imp\" href=\"#\">Read More</a></li>\n<li><strong>lorem :</strong>Lorem ipsum dolor.<a class=\"imp\" href=\"#\">Read More</a></li>\n</ul>\n<p class=\"paragraph-medium paragraph-black template-p\">Lorem ipsum dolor sit amet,</p>\n</div>','2019-11-20 07:32:30','2019-11-20 07:32:30'),(1096,'hotels','title',7,'ku','NEGAH eye center','2019-11-20 08:33:00','2019-11-20 08:33:00'),(1097,'hotels','slug',7,'ku','negah-eye-center','2019-11-20 08:33:00','2019-11-20 08:33:00'),(1098,'posts','title',18,'ar','عملية جراحة الأذن','2019-11-20 08:43:56','2019-11-20 08:43:56'),(1099,'posts','slug',18,'ar','amlyh-jrahh-alathn','2019-11-20 08:43:56','2019-11-20 08:43:56'),(1100,'posts','title',18,'ku','Nose cosmetic surgery','2019-11-20 08:44:36','2019-11-20 08:44:36'),(1101,'posts','excerpt',18,'ar','ما هي جراحة الأذن؟ هل تعرف أنواع عمليات جراحة الأذن؟ هل واجهت بعبارتين جراحة الأذن و عملية تجميل الأذن؟ نحن معكم حتى نصل إلى الجواب معا. نتحدث في هذا المجال عن جراحة الأذن و عملية تجميل الأذن و أنواع جراحات الأذنين و أنواع عمليات الأذن التجميليه و نصائح نحتاج إليها قبل العملية أو الجراحة و بعدها و نقدم لكم أسعار عملية تجميل الأذن في إيران و تكلفة عملية تجميل الأذن في شركة مدتورإيران.','2019-11-20 08:44:36','2019-11-20 08:44:36'),(1102,'posts','body',18,'ar','<div id=\"template-content\" class=\"mceTmpl\">\n<ul>\n<li><a href=\"#a1\">عملية جراحة الأذن</a></li>\n<li><a href=\"#a2\">تجميل الأذن</a></li>\n<li><a href=\"#a3\">أنواع عملية تجميل الأذن</a></li>\n<li><a href=\"#a4\">عملية تصغير الأذن</a></li>\n<li><a href=\"#a5\">عملية تجميل الأذن الوطواطية أو البارزة أو الخفاشية</a></li>\n<li><a href=\"#a6\">عملية تجميل الأذن المقطوعة</a></li>\n<li><a href=\"#a7\">عملية تجميل الأذنين دون الجراحة / تعديل الأذن بدون عملية</a></li>\n<li><a href=\"#a8\">عملية تجميل الأذن بالخيط</a></li>\n<li><a href=\"#a9\">عملية تجميل الأذن بالخيط الذهبية</a></li>\n<li><a href=\"#a10\">&nbsp;عملية تجميل الأذن بالليزر</a></li>\n<li><a href=\"#a11\">تجميل الأذن في إيران</a></li>\n<li><a href=\"#a12\">تكلفة تجميل الأذن&nbsp;</a></li>\n<li><a href=\"#a13\">تكلفة تجميل الأذن في إيران و مدتورإيران&nbsp;</a></li>\n</ul>\n<p class=\"paragraph-medium paragraph-black template-p\">ما هي جراحة الأذن؟ هل تعرف أنواع عمليات جراحة الأذن؟ هل واجهت بعبارتين جراحة الأذن و عملية تجميل الأذن؟ نحن معكم حتى نصل إلى الجواب معا. نتحدث في هذا المجال عن جراحة الأذن و عملية تجميل الأذن و أنواع جراحات الأذنين و أنواع عمليات الأذن التجميليه و نصائح نحتاج إليها قبل العملية أو الجراحة و بعدها و نقدم لكم أسعار عملية تجميل الأذن في إيران و تكلفة عملية تجميل الأذن في شركة مدتورإيران.</p>\n<h3 id=\"a1\" class=\"template-subtitle\">عملية جراحة الأذن</h3>\n<p class=\"paragraph-medium paragraph-black template-p\" style=\"direction: rtl;\">ما هي جراحة الأذن؟ و ما هي أنواع جراحة الأذن؟ إن جراحة الأذنين تنقسم إلى النوعين و هما ا<strong>لجراحة الطبية و الجراحة التجميلية</strong> و هي فرع&nbsp; من <strong>جراحات الأنف و الأذن و الحنجرة</strong>. إن جراحة الأذن الطبية تجري لعلاج بعض مشاكل الأذن كإنقطاع الأذن أو جراحة الأذن الوسطى و في الجراحة التجميلية تجري بعض العملية منها عملية تصغير الأذن أو تجميل الأذن البارزة و إلخ... .</p>\n<h3 id=\"a2\" class=\"template-subtitle\">تجميل الأذن:</h3>\n<p class=\"paragraph-medium paragraph-black template-p\">ما هي عملية تجميل الأذن؟ و ما هي أنواع عملية تجميل الأذن؟ إن الجمال يكون أمرا هام عند أي شخص و الأذن هي عضو تمثل دورا بارزا في جمال الإنسان. متى يواجه الشخص بمشكلة في وجهه أو مظهره&nbsp; أو عدم تنسيق أعضاء وجهه و رأسه،&nbsp; فتؤدي هذه المشكلة إلى&nbsp; عدم الثقة بالنفس و يريد الإنسان أن يتخلص من هذه الحالة. و بهذا السبب نريد أن نتكلم حول عملية تجميل الأذن و أنواعها و أسعارها. إن جراحة الأذن التجميلية تجري للكبار و للأطفال و لها أنواع مختلفة جراحية و غير جراحية و هي : عملية تصغير الأذن و عملية تجميل الأذن الوطواطية أو البارزة و عملية تجميل الأذن المقطوعة و عملية تجميل الأذن بالخيط الذهبية و عملية تجميل الأذنين دون الجراحة عن طريق إستعمال الضمادات و الضغط و عملية تجميل الأذن بالليزر. كل هذه العملية تؤدي إلى تعديل شكل الأذن و تجميلها.</p>\n<h3 id=\"a3\" class=\"template-subtitle\">أنواع عملية تجميل الأذن</h3>\n<p class=\"paragraph-medium paragraph-black template-p\">ما هي أنواع عمليات تجميل الأذن؟ أية عملية تعتبر كعملية تجميل الأذن ؟ نحن نشرح لكم هنا أنواع عملية تجميل الأذن باختصار حتى تعرفوا أنواع هذه العملية.</p>\n<h3 id=\"a4\" class=\"template-subtitle\">عملية تصغير الأذن:</h3>\n<p class=\"paragraph-medium paragraph-black template-p\">إن عملية تصغير الأذنين تكون جزء من جراحة الأذن التجميلية ألتي تقوم على تصغير حجم الأذنين و شكلهما و تتم هذه العملية للأطفال سنهم أكثر من خمس سنوات و يمكن إجراء هذه العملية للكبار. إن عملية تصغير الأذن تجري للأطفال مع التخدير الموضعي. في بداية العملية يقوم الطبيب&nbsp; بكشف غضروف الأذن عن طريق شق صغير خلف الأذنين. بعد هذه المرحلة تتم إزالة جزء صغير من الغضروف و بعدها تثبيت الشكل المطلوب للأذن. إن عملية تصغير الأذن لاتستغرق أكثر من الساعتين في أغلب الأحيان و يمكن ترخيص الشخص في نفس اليوم عندما يجري عليه المخدر الموضعي.</p>\n<h3 id=\"a5\" class=\"template-subtitle\">عملية تجميل الأذن الوطواطية أو البارزة أو الخفاشية:&nbsp;</h3>\n<p class=\"paragraph-medium paragraph-black template-p\">نشاهد في كل الأيام بعض الأشخاص يمتلكون الأذن البارزة و لعلك تكون من ألذين تعتبر من هذا الأشخاص. ينقسم الأشخاص إلى مجموعتين: بعضهم لا يعاني من هذه الحالة و بعضهم يريدون أن يتخلصوا من الأذن البارزة و تسبب هذه الأذن إلى عدم الثقة في هذا الأشخاص. يمكن تعديل هذه الأذن الوطواطية عن طريق جراحة الأذن البارزة عند الكبائر. إن عملية تجميل الأذن البارزة تجري عن طريق شق صغير خلف الأذن بيد الطبيب&nbsp; و يقوم الطبيب بإجراء العملية عن طريق هذا الشق و بعذ الأوقات يتم إزالة القسم زائد الغضروف و الجلد و يتم إغلاغقها حتى تؤدي هذه العملية إلى تقليل مسافة الأذن و الرأس و أن لاتكون الأذن بارزة و بعض الأوقات يقوم الطبيب بطي غضروف ببغضروف آخر بسبب لينته و لاتتم إزالة الغضاريف و هذه العملية تؤدي إلى تقليل مسافة الأذن و الرأس أيضا. جدير للذكر أن نقول إن عملية تجمبل الأذن البارزة تجري في كل حالات إلا عندما يكون الشخص مصاب بالعدوى أو مرض في أذنه. ولكن بالنسبة للأطفال يمكن تعديل الأذن البارزة عند الطفولية و عند ولادة الطفل عن طريق بعض الأجهزة و الاساليب ألتي تضع الأذن جنب الرأس و تنمو الأذن بشكل صحيح ولكن لايمكن إجراء عملية تجميل الأذن للأطفال إلا بعد خمس سنوات من ولادته.</p>\n<h3 id=\"a6\" class=\"template-subtitle\">عملية تجميل الأذن المقطوعة:</h3>\n<p class=\"paragraph-medium paragraph-black template-p\">هل يمكن إعادة شكل الأذن المقطوعة؟ بعض الأشخاص يعانون من الأذن المقطوعة أو يعانون من عدم وجود أذن بشكل صحيح بسبب وراثي و هل يمكن مساعدتهم؟ نعم، إحدي عملية تجميل الأذن تقوم بتصحيح الأذن و أعادة شكلها و هي عملية تجميل الأذن المقطوعة. إن عملية تجميل الأذن المقطوعة تتأثر على وسامة الوجه و تنسيق الأعضاء. في هذه العملية يتم أخذ الغضروف من جسد الشخص او تستخدم الغضاريف الصناعية و يقوم الشخص المتخصص على نحت هذه الغضاريف بشكل أذن الشخص و يقوم الطبيب بزرعها في الرأس و بعدها يتم إستخدام الرقع الجلدية و إعادة تكوين شحم الأذن.</p>\n<h3 id=\"a7\" class=\"template-subtitle\">عملية تجميل الأذنين دون الجراحة / تعديل الأذن بدون عملية:</h3>\n<p class=\"paragraph-medium paragraph-black template-p\">لعلكم تبحثون عن عملية تجميل الأذنين دون الجراحة، و لاتريدون تعديل الأذن بدون عملية جراحية. علينا أن نذكر يمكن تعديل مشوهات الأذن دون الجراحة. إن عملية تجميل الأذن بالخيوط و الخيوط الذهبية و تجميل الأذن بالليزر تعتبر من عمليات تجميل الأذنين دون الجراحة.</p>\n<h3 id=\"a8\" class=\"template-subtitle\">عملية تجميل الأذن بالخيط:</h3>\n<p class=\"paragraph-medium paragraph-black template-p\">إن عملية تجميل الأذن بالخيوط تعد من عمليات تجميل الأذن دون الجراحة و تعتمد على الخيوط و تعتبر من أسهل عمليات التجميل و دون الجراحة و يخضعون إليها كثيرا من الناس الذين يحتاجون بتجميل الأذن. في هذه العملية تقوم الطبيب بإستخدام بعض خيوط لاتذوب في الجلد. إن الطبيب هو ألذي يخيط و يغرس الخيط تحت جلد خلف الأذن و يقوم بربط الخيوط و لفها حول جزة من الغضروف و هذا الأمر يؤدي إلى إلتفاف الغضروف ببعض أخري في مكان مناسب و يسبب تقليل حجم الأذن و بروزها. تجري عملية تجميل الأذن بالخيوط عن طريق التخدير الموضعي إلا لأطفال لايجلسون بالهدوء لإجراء العملية و يستخدم التخدير العام في هذه الحالة.</p>\n<p class=\"paragraph-medium paragraph-black template-p\">إن عملية تجميل الأذنين بالخيوط لاتسبب الجروح و الألم و تجري بشكل بسيط و لاتحتاج بالنقاهة كثيرا.</p>\n<h3 id=\"a9\" class=\"template-subtitle\">عملية تجميل الأذن بالخيط الذهبية:</h3>\n<p class=\"paragraph-medium paragraph-black template-p\">ما هو إختلاف عملية تجميل الأذن بالخيوط العادية و الخيوط الذهبية؟ إن لون الخيوط هو سبب إختلاف الخيوط العادية و الذهبية. تجميل الأذن بالخيوط الذهبية تساعد الشخص بإختفاء الخيوط بسبب لونها ألذي تشابه بلون الأذن و يتم إندماج الخيوط مع الجلد و بهذا السبب كثيرا من ألذين يطلبون عملية تجميل الأذن يخضعون لتجميل الأذنين بالخيوط الذهبية.</p>\n<h3 id=\"a10\" class=\"template-subtitle\">&nbsp;عملية تجميل الأذن بالليزر:</h3>\n<p class=\"paragraph-medium paragraph-black template-p\">كل يوم نلاحظ إستخدام الليزر في المجالات المختلفة. إن هذه التقنية تستخدم في عمليات التجميل كآخر العمليات الطبية و يمكن إستخدم الليزر في عملية تجميل الأذن بالليزر أيضا. يقوم الطبيب بإحداث شق صغير في خلف الأذن مع إستخدام أشعة الليزر أو يتم إحداث الشق في صيوان الأذنين حسب رأي الطبيب و المشكلة و ليس طول هذا الشق أكثر من 4 سنيمترات. يقوم الطبيب و الجراح بإزالة بعض الغضروف الزائد بالنسبة المطلوبة و بعدها يتم إغلاق الجرح. إن هذه العملية لاتستغرق أكثر من ساعة واحدة.</p>\n<p class=\"paragraph-medium paragraph-black template-p\">من ميزات إستخدام الليزر في عملية تجميل الأذنين بالليزر هي الشق الصغير بالنسبة للشق الكبير عند الجراحة و عدم وجود أثر الجرح و الندوب في عملية تجميل الأذن بالليزر بسبب الشق الصغير. إن استخدام الليزر يقلل نسبة إصابة الشخص بالعدوىى و النزف.</p>\n<h3 id=\"a11\" class=\"template-subtitle\">تجميل الأذن في إيران:</h3>\n<p class=\"paragraph-medium paragraph-black template-p\">إن السياحة العلاجية في إيران ترافق التقنيات الحديثة و الأجهزة المتطورة و الأطباء الأخصائيين. عندما نبحث عن العلاج في إيران نشاهد كثرة النجاح في المجالات الطبية و هو بسبب وجود الخبرة و الأجهزة المناسبة في إيران. إن عملية تجميل الأذن في إيران تقوم بالتقدم مع آخر الجراحات و يمكن إجراء عملية جراحة تجميل الأذن في إيران مع النجاح و الوصول إلى ما تطلب أنت. وجود الأخصائيين و المراكز المتخصصة مع الأجهزة الحديثة و إجراء أنواع عملية التجميل و منها عملية تجميل الأذن أدي إلى حضور كثير من الإيرانيين و الأجنبين لإجراء عمليات التجميل في إيران و تجري عملية تجميل الأذن في كثير من مدن إيران منها طهران العاصمة الإيرانية و مشهد و شيراز.</p>\n<h3 id=\"a12\" class=\"template-subtitle\">تكلفة تجميل الأذن :</h3>\n<p class=\"paragraph-medium paragraph-black template-p\">تتغير تكلفة تجميل الأذن حسب نوع عملية تجميل الأذن و خبرة الطبيب و شهرته و الأجهزة المستخدمة. و لا يمكن تحديد الأسعار بشكل حرفي و مضبوط ولكن يمكن أن نقول إن أسعار عملية تجميل الأذن تتراوح بين 1500-10000 دولارات في العالم.</p>\n<h3 id=\"a13\" class=\"template-subtitle\">تكلفة تجميل الأذن في إيران و مدتورإيران:</h3>\n<p class=\"paragraph-medium paragraph-black template-p\">أسعار تجميل الأذن في إيران بالنسبة لبلدان العالم تكون معقولة و مناسبة و سبب هذا القول هو وجود الأطباء المتخصص و المراكز الجيدة في إيران. إن تكلفة تجميل الأذن في إيران تكون رخيصة مع إجراء العملية بالجودة العالية.</p>\n<p class=\"paragraph-medium paragraph-black template-p\">أما شركة مدتور إيران بخدمتكم في مراكز موثقة و متخصصة مع الأطباء المتخصصة و تقدم كل الخدمات التجميلية في طهران، مشهد و شيراز و تكلفة تجميل الأذن في مراكزنا تبدء من 900 دولار و تكون هذه الأسعار معقولة وبالنسبة لآخر الشركات الصحية و المراكز الموجودة في إيران.</p>\n<p>&nbsp;</p>\n</div>','2019-11-20 08:44:36','2019-11-20 09:16:04'),(1103,'posts','slug',18,'ku','nose-cosmetic-surgery','2019-11-20 08:44:36','2019-11-20 08:44:36'),(1104,'cities','title',3,'ku','Shiraz','2019-11-20 09:34:52','2019-11-20 09:34:52'),(1105,'cities','description',3,'ku','<div id=\"template-content\" class=\"mceTmpl\">\n<ul>\n<li><a href=\"#a1\">About Shiraz</a></li>\n<li><a href=\"#a2\">Hotels of MedtourIran in Shiraz</a></li>\n<li><a href=\"#a3\">Clinic and Hospitals of MedTourIran in Shiraz</a></li>\n<li><a href=\"#a4\">Attractions and Landmarks of Shiraz</a></li>\n</ul>\n<h3 id=\"a1\" class=\"template-subtitle\">About Shiraz</h3>\n<p class=\"paragraph-medium paragraph-black template-p\"><strong>Shiraz</strong> is the capital of Fars province and the fifth most populated city in Iran. This city is located in the southwest of Iran and has a moderate climate. <strong>Shiraz</strong> was the capital of Persia during the Zand dynasty. <strong>Shiraz</strong> is called the cultural capital of Iran, and also is known as the city of poets, flowers, and literature. Hafez and Saadi are two world-renowned poets who are from <strong>Shiraz, </strong>and their tombs are located in this city. Some of the souvenirs of <strong>Shiraz</strong> are:</p>\n<ul>\n<li class=\"paragraph-medium paragraph-black template-p\">Carpets and rugs</li>\n<li class=\"paragraph-medium paragraph-black template-p\">Gelim and Gabbeh</li>\n<li class=\"paragraph-medium paragraph-black template-p\">Distillates</li>\n<li class=\"paragraph-medium paragraph-black template-p\">Woodcarving</li>\n<li class=\"paragraph-medium paragraph-black template-p\">Shiraz Meskhetian</li>\n<li class=\"paragraph-medium paragraph-black template-p\">Faloodeh</li>\n<li class=\"paragraph-medium paragraph-black template-p\">Shiraz Yukhe bread</li>\n</ul>\n<h3 id=\"a2\" class=\"template-subtitle\">Hotels of MedTourIran in Shiraz</h3>\n<ul class=\"template-ul\">\n<li><strong>Chamran Grand Hotel (Five-star)</strong>: This hotel is 30 stories high and has a fantastic view of the beautiful city of <strong>Shiraz</strong> and its gardens. This hotel contains a coffee shop, an Italian restaurant, and a traditional Persian restaurant. Also, there is a well-equipped gym, pool, sauna, jacuzzi, etc. in the hotel. <a class=\"imp\" href=\"https://medtouriran.com/en/services/hotels/26/chamran-grand-hotel-shiraz\">Read More</a></li>\n<li class=\"paragraph-medium paragraph-black template-p\"><strong>Shiraz Grand Hotel (Five-star)</strong>: This hotel has the advantage of being close to <strong>Shiraz</strong> gardens and historical landmarks like the tomb of Hafez. This hotel has a coffee shop, an Italian restaurant, a Persian restaurant, a barbershop, and a women\'s beauty salon. Shiraz Grand hotel also includes a sport complex with a gym, sauna, pool, etc.<a class=\"imp\" href=\"https://medtouriran.com/en/services/hotels/26/chamran-grand-hotel-shiraz\">Read More</a></li>\n<li class=\"paragraph-medium paragraph-black template-p\"><strong>Zandieh Hotel (Five-star)</strong>: Zandieh hotel is one of the best hotels in <strong>Shiraz</strong> and includes a traditional Persian bath, a sports complex, and a handicrafts gallery. This hotel is also very close to some of Shiraz historical places like the Vakil Bazaar and Karim Khan Citadel.<a class=\"imp\" href=\"medtouriran.com/en/services/hotels/17/zandieh-hotel\">Read More</a></li>\n</ul>\n<h3 id=\"a3\" class=\"template-subtitle\">Clinic and Hospitals of MedtourIran in Shiraz</h3>\n<ul class=\"template-ul\">\n<li><strong>Shiraz Central Hospital (MRI Hospital)</strong>: This hospital is one of the most specialized hospitals in <strong>Shiraz</strong> <a class=\"imp\" href=\"https://medtouriran.com/en/services/medical-centers/19/shiraz-central-hospital\">Read More</a> . Some of this hospital\'s departments are:\n<ul class=\"template-ul\">\n<li class=\"paragraph-medium paragraph-black template-p\">Cardiology</li>\n<li class=\"paragraph-medium paragraph-black template-p\">ENT</li>\n<li class=\"paragraph-medium paragraph-black template-p\">Neurology</li>\n<li class=\"paragraph-medium paragraph-black template-p\">Orthopedics</li>\n<li class=\"paragraph-medium paragraph-black template-p\">Infertility</li>\n</ul>\n</li>\n</ul>\n<ul class=\"template-ul\">\n<li><strong>Dr.Khodadoust Hospital</strong>: Dr.Khodadoust hospital is one of the best-equipped and most advanced eye centers in <strong>Shiraz</strong>. Dr.Khodadoust himself is a world-renowned ophthalmologist. This hospital only employs well-educated and experienced surgeons and specialists. <a class=\"imp\" href=\"https://medtouriran.com/en/services/medical-centers/13/mstshf-ala-wn-d-twr-khdadwst\">Read More</a></li>\n</ul>\n<h3 id=\"a4\" class=\"template-subtitle\">Attractions and Landmarks of Shiraz</h3>\n<ul class=\"template-ul\">\n<li class=\"paragraph-medium paragraph-black template-p\"><strong>Nasir-ol-Molk Mosque</strong>: Nasir al-Molk (Nasir-ol-Molk) mosque is also known as the Pink mosque and dates back to the Qajar period. This mosque is one of the most beautiful buildings you will ever see. Extensive colored glasses are used in this mosque. These colored glasses create a fantastic view, and thus the name \"Pink Mosque.\" If you want to go there, make sure you do it in the early morning. Otherwise, you will miss the unique scenery which the light makes in the mosque when passing through the glasses.</li>\n<li class=\"paragraph-medium paragraph-black template-p\"><strong>Tomb of Hafez (Hafezieh):</strong> Hafezieh, also known as the Tomb of Hafez, was built in the memory of Hafez (famous Persian poet). Apart from the tomb itself, Hafezieh is a beautiful place with tall trees, colorful flowers, and gardens. Hafezieh has always been one of the main attractions of <strong>Shiraz</strong>.</li>\n<li class=\"paragraph-medium paragraph-black template-p\"><strong>Tomb of Saadi:</strong> Tomb of Saadi is also known as \"Saadie\". and it is dedicated to the Persian poet Saadi. There are many graves around the tomb which belong to great men who were buried there by their own will. Shouride Shirazi is among these men. There is a small pool containing colorful and beautiful fishes in the basement of the tomb.</li>\n<li class=\"paragraph-medium paragraph-black template-p\"><strong>Eram Garden:</strong> Eram garden is known as \"Bagh-e Eram\" in Persian, and it is one of the most beautiful gardens in Iran. The structure underwent renovation during the Zand and Qajar dynasties and now is under the protection of Iran Cultural Heritage Organization.</li>\n<li class=\"paragraph-medium paragraph-black template-p\"><strong>Persian Gulf Complex:</strong> After Iran Mall, The Persian Gulf Complex is the biggest mall in Iran in terms of shops. This complex is also the 12th largest shopping mall in the world and contains an indoor, and an outdoor pool, two amusement parks, and six cinemas. There also is a hypermarket located within the mall.</li>\n<li class=\"paragraph-medium paragraph-black template-p\"><strong>Afif Abad Garden:</strong> This complex contains a former royal mansion, a Persian garden, and a historical weapons museum. Afif Abad Garden probably dated back to the Qajar period and was used by the Safavid kings as a palace. Afif Abad garden is one of the most beautiful and historic gardens in <strong>Shiraz</strong>.</li>\n<li class=\"paragraph-medium paragraph-black template-p\"><strong>Qur\'an Gate:</strong> Qur\'an gate used to be one the entrances of <strong>Shiraz,</strong> and it was built during the Buyid dynasty and restored during the Zand dynasty. When restored two Qur\'ans were placed in a room on top so people would pass under them and receive the blessings of the holy books, and thus the name Qur\'an Gate. During the Qajar dynasty, several earthquakes damaged this gate, but it was later restored. In 1937 the two Qur\'ans were taken to the Pars Museum in <strong>Shiraz</strong>. Currently, the road to <strong>Shiraz</strong> is located next to this gate, and many tourists spend their free time there.</li>\n<li class=\"paragraph-medium paragraph-black template-p\"><strong>Delgosha Garden:</strong> Delgosha Garden is the other one of the historical gardens in <strong>Shiraz,</strong> and it is close to the tomb of Saadi. This garden dates back to the pre-Islamic era of the Sasanian dynasty. Delgosha Garden was one of the important gardens during the Safavid period, but some of the buildings were added during the Qajar dynasty. This garden contains many orange and sour orange trees and counts as one of the best tourist places in <strong>Shiraz</strong>.</li>\n<li class=\"paragraph-medium paragraph-black template-p\"><strong>Arg of Karim Khan (Karim Khan Citadel):</strong> Arg of Karim Khan was built by Karim Khan order during the Zand dynasty, and was used as living quarters. Karim Khan Citadel was both the home of Karim Khan and the military center of the Zand dynasty. Sometimes it was used as a prison, but today it is a museum under the protection of Iran Cultural Heritage Organization.</li>\n<li class=\"paragraph-medium paragraph-black template-p\"><strong>Vakil Bazaar:</strong> Vakil was the title used by Karim Khan of the Zand dynasty which means regent. Karim Khan chose this title because he didn\'t think of himself as people\'s king. Vakil Bazaar is one of the most famous historical and traditional bazaars of Iran. This bazaar is one of the best places in <strong>Shiraz</strong> to buy anything, from Persian rugs to spices, handicrafts, and antiques. It also contains stunning courtyards and old shops.</li>\n<li class=\"paragraph-medium paragraph-black template-p\"><strong>Vakil Bath:</strong> Vakil bath is known as Hamam-e Vakil among Persians. It was built by order of Karim Khan, and it is located west of Vakil mosque.&nbsp;</li>\n<li class=\"paragraph-medium paragraph-black template-p\"><strong>Vakil Mosque:</strong> Vakil mosque is known as Masjed-e Vakil among Persians, and as you might have guessed it too was built by order of Karim Khan. It was restored during the Qajar period.&nbsp;</li>\n</ul>\n</div>','2019-11-20 09:34:52','2019-11-20 09:34:52'),(1106,'cities','excerpt',3,'ku','Shiraz is the capital of Fars province and the fifth most populated city in Iran. This city is located in the southwest of Iran and has a moderate climate. Shiraz was the capital of Persia during the Zand dynasty. Shiraz is called the cultural capital of Iran and also is known as the city of poets, flowers, and literature. Hafez and Saadi are two world renowned poets who are from Shiraz and their tombs are located in this city. ','2019-11-20 09:34:52','2019-11-20 09:34:52'),(1107,'cities','slug',3,'ku','shiraz','2019-11-20 09:34:52','2019-11-20 09:34:52'),(1108,'cities','address',3,'ku','Shiraz, Eram st, Shiraz University','2019-11-20 09:34:52','2019-11-20 09:34:52'),(1109,'posts','title',19,'ar','عملية تجميل الثدي','2019-11-20 11:48:45','2019-11-20 11:48:45'),(1110,'posts','body',19,'ar','<div id=\"template-content\" class=\"mceTmpl\">\n<ul>\n<li><a href=\"#a1\">عملية تجميلية للثدي أو عملية تجميل الثدي</a></li>\n<li><a href=\"#a2\">أنواع عملية تجميل الثدي</a></li>\n<li><a href=\"#a3\">عملية تكبير الثدي</a></li>\n<li><a href=\"#a4\">عملية تصغير الثدي أو الحدِّ من رأبِ الثدي</a></li>\n<li><a href=\"#a5\">عملية شد الثدي</a></li>\n<li><a href=\"#a6\">إعادة بناء الثدي بعد الإستئصال</a></li>\n<li><a href=\"#a7\">مخاطر عمليات تجميل الثدي</a></li>\n<li><a href=\"#a8\">عمليات تجميل الثدي في إيران و شركة مدتورإيران و أسعارها:</a></li>\n</ul>\n<p class=\"paragraph-medium paragraph-black template-p\">ما هي عملية تجميل الثدي؟ وما هي أنواع عملية تجميل الثدي؟ هل تجري هذه العملية في إيران؟ هل يمكن تكبير الثدي أو تصغيره؟ ما هي مخاطر عمليات تجميل الثدي؟ ما هو دور <strong>شركة مدتورإيران</strong> في عملية تجميل الثدي في إيران؟و هل تبحثين أنتِ عن الجواب لهذه الأسئلة؟ بخدمتكم حتى نصل إلى المطلوب و الجواب في هذا المقال.</p>\n<h3 id=\"a1\" class=\"template-subtitle\">عملية تجميلية للثدي أو عملية تجميل الثدي</h3>\n<p class=\"paragraph-medium paragraph-black template-p\">الكثير من النساء يعتقدن قد يتغیر الحجم والشكل و جمالية ثديينهن و يتفكرن بإجراء عمليات تجميل الثدي ألتي تسبب تجميل شكل الثدي و إظهاره بالشكل الطبيعي الجذاب و أما ما هي عوامل مؤثرة في حدوث تغيرات غير مرغوب في الثدي؟ جدير بالذكر أن نقول إن الثدي&nbsp; هو من أجزاء جسد النساء ألذي يؤثر عليه بعد أن يكتمل نموه بعض العوامل خلال مضي الزمن كـ : التقدم في السن و تجارب الحمل والولادة أو مشكلات الثدي الشائعة الأخرى ألتي تسبب فقدان الثدي شكله الطبيعي و إزالة مرونة جلد الثدي . و مع مرور الوقت و بسبب عوامل متعددة قد يصغر حجم الثدي أو يكبر و في هذه الحالة تعتبر عملية تجميل الثدي أحسن الملاذ للهروب من تلك المشاكل و إعادة مظهره الجميل.</p>\n<h3 id=\"a2\" class=\"template-subtitle\">أنواع عملية تجميل الثدي</h3>\n<p class=\"paragraph-medium paragraph-black template-p\">هل تريد أن تعرف ما هي عمليات تجميل الثدي و أنواعها و كل ما يتعلق بها؟&nbsp;</p>\n<p class=\"paragraph-medium paragraph-black template-p\">إن عملية تجميل الثديين أو الجراحة التجميلة للثدي تجري في 4 انواع هي:&nbsp; عملية تكبير الثدي و عملية تصغير الثدي و عملية شد الثدي و عملية ترميم الثدي و تجري هذه العملية على يد الأطباء الأخصائيين و الجراح المتخصص. نحن نقدم لكم بعض المعلومات حول هذه العمليات في هذا المجال.</p>\n<h3 id=\"a3\" class=\"template-subtitle\">عملية تكبير الثدي</h3>\n<p class=\"paragraph-medium paragraph-black template-p\">الإستقبال من عملية تكبير الثدي أصبح شائع بين النساء بدلائل مختلفة كـ: صغر حجم الثديين أو عدم المقارنة بين الثديين أو عندما يكون الثدي في موقع منخفض جدّاً و كل هذه العوامل تؤدي إلى لجوء النساء&nbsp; إلى عملية تجميل الثدي.&nbsp;</p>\n<p class=\"paragraph-medium paragraph-black template-p\">كيف تجري عملية تكبير الثديين؟ تجري عملية جراحة تكبير الثدي حسب الشكل و حجم الثديين و مظهرهما، و هذه العملية تجري بعد بعض المراحل الأولية مثل إجراء تقييم طبي مع الطبيب و الملاحظات الخاصة بالعملية و كما قد يطلب الطبيب التوقف عن تناول بعض الأدوية قبل بضعة أيام من الجراحة. وجراحة التجميل تجري بيد الجراح و يشق الجراح شقا واحدا من ثلاثة أمكنة: تحت الثدي و تحت الإبط و حول الهالة و بعد عملية فصل نسيج الثدي و نسيج الضام، يقوم الطبيب أو الجراح بوضع غرسة السيليكون داخل الثدي تحت عضلة الصدر أو فوقها. إن تحديد مكان إدخال الغرسة و نوعها أو حجمها ومدى كثافتها يتعلق بقرار الجراح و رغبة المرأة.&nbsp;</p>\n<p class=\"paragraph-medium paragraph-black template-p\">توجد أنواع حشوات السيليكون منها الدمعي و مستدير الشكل و لكن توجد مميزات خاصة تناسب تفضيلات كل امرأة.&nbsp;</p>\n<h3 id=\"a4\" class=\"template-subtitle\">عملية تصغير الثدي أو الحدِّ من رأبِ الثدي</h3>\n<p class=\"paragraph-medium paragraph-black template-p\">إن عملية تصغيير الثديين بالرغم قلة شيوعها تطلب من جهة كثير من النساء و إنهن يطلبن إجراء عمليات تصغير الثدي لحل مشكل الثديين الكبيرين جداً ألذي يسبب مشكلات أخرى للنساء مثل: آلام الظهر والرقبة والكتف المزمنة و إيجاد فطر تحت الثدي ألذي يكون مُعْضِل في إرتداء حمالات الصدر والملابس.&nbsp;</p>\n<p class=\"paragraph-medium paragraph-black template-p\">في أثناء إجراء عملية تصغير الثدي يقلص حجم الثديين بطريقين:</p>\n<ol>\n<li class=\"paragraph-medium paragraph-black template-p\" style=\"text-align: right;\">يتم عملية الشق حول الحلمة من الأعلي حتي أسفل الثدي عرضيا و يسمي هذه العملية بالشق المخروطي.</li>\n<li class=\"paragraph-medium paragraph-black template-p\" style=\"text-align: right;\">تجري عملية الشق حول الهالة بشكل دائري و يسمي هذه العملية بالشق العمودي.</li>\n</ol>\n<p class=\"paragraph-medium paragraph-black template-p\">خلال هذه الجراحة و بعد أن يتم إيجاد شق جراحي حول منطقة الهالة، تجري عملية إزالة الأنسجة و الدهون الزائدة في الثديين و بعدها يغير شكل الثدي و يصحح وضع الحلمة و الهالة و في النهاية يقوم الطبيب بتغطية الجرح. وبعد عملية جراحية تصغير الثدي، يكون الثديان منتفخان و مؤلمان جداً و لهذا السبب لا تتعجبي من إرتفاع سطح الثديين فيتم إنخفاض الإنتفاخ بالتدريج و تتغير حالة الثدي بشكل كبير في الفترة ما بعد الجراحة و من أجل الشعور بالتعافي يجب علي المرأة إرتداء حمالات الصدر الجراحية بالشهر الأول بعد الجراحة في كل ساعات اليوم. و من الواجب أن نذكر لك أيتها السيدة هذه النقطة: يمكنكِ إجراء جراحة تصغير الثدي بعد تطوير ثدييك بالكامل.</p>\n<h3 id=\"a5\" class=\"template-subtitle\">عملية شد الثدي أو رفع الثدي</h3>\n<p class=\"paragraph-medium paragraph-black template-p\">عملية رفع الثديين تعتبر من أهم عمليات تجميل الثدي ألتي تلجأ النساء إليها بعد أن يعرضن لعوامل تؤدي إلى مد جلد الثدي و فقدان مرونته و إزالة حالة الثدي الطبيعية و ميل الحلمة إلي الأسفل أو عدم تقارن بين الثديين. ومن هذه العوامل ألتي تؤثر على حالة الثدي هي رضاعة الطفل أو التغيير في الوزن&nbsp; أو تكبيرالثديين أثناء فترة الحمل. ويمكن إعادة تجميل الثديين عن طريق إجراء عملية رفع الثدي و إن هذه العملية تجري بعد الفحص من قبل الطبيب المتخصص.&nbsp;</p>\n<p class=\"paragraph-medium paragraph-black template-p\">إن عملية رفع الثدي تجري عن طريق إزالة الجلد الزائد و إعادة نسيج الثدي بشكله الأولي&nbsp; و في النهاية يتم وضع الحلمة في مكانها . جدير بالذكر إن عميلة شد الثدي لا تختص بكل شخص و إن تقصدي الحمل في المستقبل قومي بتأجيل إجراء عملية رفع ثدييك لأن أثناء&nbsp; فترة الحمل يتمدد ثدييك فتبطل محصلة الرفع و الرضاعة الطبيعية هي إحدى عوامل لتغيير حالة الثدي و من المهم أن نقول إن بعض النساء يعانين من قلة نزول اللبن بعد إجراء عملية رفع الثدى.</p>\n<p class=\"paragraph-medium paragraph-black template-p\">تجري عملية رفع الثدي لأي ثدي بأي حجم و إن نتيجة عملية رفع الثدي تكون ناجحة للثديين الصغيرتين بالنسبة للثديين الكبيرتين، و سبب هذا الأمر هو تدلي الثديين الكبيرين لمرة أخري .&nbsp;&nbsp;</p>\n<h3 id=\"a6\" class=\"template-subtitle\">إعادة بناء الثدي بعد الإستئصال</h3>\n<p class=\"paragraph-medium paragraph-black template-p\">يتم إعادة بناء الثدي بعد الإستئصال عن طريق إجراء عملية زرع الثدي. إن هذه العملية تؤدي إلي إعادة حجم الحشوة بشكل مسبق. كما نعلم إن المرأة&nbsp; تعاني من عدم وجود الثدي في جسمها و يؤثر هذا الأمر إلي عدم ثقتها بالنفس و لهذا إن إجراء عملية إعادة الثديين يقوم برفع هذه المشكلة بشكل بسيط.&nbsp;</p>\n<p class=\"paragraph-medium paragraph-black template-p\">إن عملية بناء الثدي بعد الإستئصال تجري عن طريق ثلاثة طرق و هي:</p>\n<ol>\n<li style=\"text-align: right;\">أخذ ما يطلب الطبيب من المنطقة المناسبة في جسم المرأة و زرعه للثدي.</li>\n<li style=\"text-align: right;\">تكبير الثدي بالسيليكون.&nbsp;</li>\n<li style=\"text-align: right;\">حقن الدهون.</li>\n</ol>\n<p>و في النهاية يقوم الطبيب بوضع الهالات والحلمات في مكانها المناسب و يتم بناء الجلد والأنسجة بشكل كامل و بعد هذه العملية التجميلية للثدي&nbsp; يبدو الثدي بشكله الطبيعي كاملاو دون وجود أضرار .</p>\n<h3 id=\"a7\" class=\"template-subtitle\">مخاطر عمليات تجميل الثدي</h3>\n<p class=\"paragraph-medium paragraph-black template-p\">كل العملية الجراحية تشتمل على بعض المخاطر و أنواع عمليات تجميل الثدي تعتبر من هذه العمليات الجراحية أيضا. قد يواجه الشخص ببعض الآثار الجانبية و المخاطر بعد العمليات الجراحية للثدي فعلينا أن نعلم هذه المخاطر قبل القيام بإجراء عملية تجميل الثدي و منها:</p>\n<ul class=\"template-ul\">\n<ul class=\"template-ul\">\n<ul class=\"template-ul\">\n<li style=\"text-align: right;\"><strong>ملاحظة النزيف بعد عملية تجميل الثدي</strong></li>\n<li style=\"text-align: right;\"><strong>المواجهة بالعدوى</strong></li>\n<li style=\"text-align: right;\"><strong>بعض المخاطر للتخدير</strong></li>\n<li style=\"text-align: right;\"><strong>وجود بعض الكدمات</strong></li>\n<li style=\"text-align: right;\"><strong>وجود بعض المشاكل في الرضاعة</strong></li>\n<li style=\"text-align: right;\"><strong>المواجهة بالثدي غير المتناظر</strong></li>\n</ul>\n</ul>\n</ul>\n<h3 id=\"a8\" class=\"template-subtitle\">عمليات تجميل الثدي في إيران و شركة مدتورإيران و أسعارها:</h3>\n<p class=\"paragraph-medium paragraph-black template-p\">هل تجري عملية جراحة الثدي التجميلية في إيران؟ و لماذا نخضع لإجرائها في إيران؟ نعم، إن عملية تجميل الثدي تجري في إيران و سبب هذا الإختيار هو وجود الأطباء الأخصائيين في إيران و العيادات و المستشفيات المجهزة بالتقنيات الحديثة. ومن جهة أخرى تعجبكم الأسعار المعقولة في إيران لإجراء عملية تجميل الثدي بالنسبة للبلدان الأخرى.</p>\n<p class=\"paragraph-medium paragraph-black template-p\">نحن في شركة مدتور إيران بخدمتكم مع توفير أحسن الأطباء و أفضل الخدمات في طهران و مشهد و شيراز. و يمكن القيام بمقارنة الخدمات و أسعار شركة مدتورإيران و آخر المراكز الصحية.</p>\n<p class=\"paragraph-medium paragraph-black template-p\">نشير هنا إلى بعض الأسعار في دول العالم و&nbsp; إيران:</p>\n<ul class=\"template-ul\">\n<ul class=\"template-ul\">\n<ul class=\"template-ul\">\n<li><strong>تكلفة عملية تصغير الثدي في إيران: </strong>800 دولار .<a href=\"https://medtouriran.com/ar/packages/56/breast-reduction-surgery\" target=\"_blank\" rel=\"noopener\"><span style=\"color: #0000ee;\"><u>حجز عروضنا</u></span></a></li>\n<li><strong>تكلفة عملية تصغير الثدي في هند: </strong>2500 دولار على الأقل</li>\n<li><strong>تكلفة عملية تصغير الثدي في تركيا: </strong>أكثر من 3700 دولار</li>\n<li><strong>تكلفة عملية تصغير الثدي في الولايات المتحدة: </strong>أكثر من 5600 دولار</li>\n<li><strong>تكلفة عملية تصغير الثدي في المملكة المتحدة: </strong>أكثر من 8100 دولار&nbsp;</li>\n<li><strong>تكلفة عملية تصغير الثدي في بلغاريا: </strong>1570 دولار على الأقل&nbsp;</li>\n<li><strong>تكلفة عملية تصغير الثدي في إسبانيا: </strong>5000 دولار&nbsp;&nbsp;</li>\n</ul>\n</ul>\n</ul>\n</div>','2019-11-20 11:48:45','2019-11-24 15:25:46'),(1111,'posts','slug',19,'ar','amlyh-tjmyl-althdy','2019-11-20 11:48:45','2019-11-20 11:48:45'),(1112,'posts','title',19,'ku','Breast cosmetic surgery','2019-11-20 11:51:42','2019-11-20 11:51:42'),(1113,'posts','slug',19,'ku','breast-cosmetic-surgery','2019-11-20 11:51:42','2019-11-20 11:51:42'),(1114,'posts','excerpt',19,'ar','ما هي عملية تجميل الثدي؟ وما هي أنواع عملية تجميل الثدي؟ هل تجري هذه العملية في إيران؟ هل يمكن تكبير الثدي أو تصغيره؟ ما هي مخاطر عمليات تجميل الثدي؟ ما هو دور شركة مدتورإيران في عملية تجميل الثدي في إيران؟و هل تبحثين أنتِ عن الجواب لهذه الأسئلة؟ بخدمتكم حتى نصل إلى المطلوب و الجواب في هذا المقال.','2019-11-20 12:02:00','2019-11-20 12:02:00'),(1115,'packages','title',46,'ar','جراحة المياه الزرقاء- الجلوكوما (عين واحد) ','2019-11-23 12:53:04','2019-11-23 12:58:15'),(1116,'packages','title',46,'ku','Cataract Surgery','2019-11-23 12:53:04','2019-11-23 12:53:04'),(1117,'packages','before_price',46,'ar','From','2019-11-23 12:53:04','2019-11-23 12:53:04'),(1118,'packages','before_price',46,'ku','From','2019-11-23 12:53:04','2019-11-23 12:53:04'),(1119,'packages','after_price',46,'ar','USD','2019-11-23 12:53:04','2019-11-23 12:53:04'),(1120,'packages','after_price',46,'ku','USD','2019-11-23 12:53:04','2019-11-23 12:53:04'),(1121,'packages','slug',46,'ar','jrahh-almyah-alzrqaa-aljlwkwma-ayn-wahd','2019-11-23 12:53:04','2019-11-23 12:57:44'),(1122,'packages','pricing',46,'ar','{\n    \"1\": {\n        \"title\": \"علاج \",\n        \"price\": \"إبتدا من 1350$\"\n       }\n}','2019-11-23 12:53:04','2019-11-23 13:02:58'),(1123,'packages','pricing',46,'ku','{\n    \"1\": {\n        \"title\": \"Treatment \",\n        \"price\": \"From 800$\"\n       },\n  \"1\": {\n        \"title\": \"Treatment +3 Star Hotel\",\n        \"price\": \"From 1200$\"\n       }\n}','2019-11-23 12:53:04','2019-11-23 12:53:04'),(1124,'packages','slug',46,'ku','trabeculectomy-glaucoma-treatment-one-eye','2019-11-23 12:56:32','2019-11-23 12:56:32'),(1125,'packages','title',47,'ar','Trabeculectomy: Glaucoma Treatment (One eye)','2019-11-23 13:10:29','2019-11-23 13:10:29'),(1126,'packages','title',47,'ku','Trabeculectomy: Glaucoma Treatment (One eye)','2019-11-23 13:10:29','2019-11-23 13:10:29'),(1127,'packages','before_price',47,'ar','From','2019-11-23 13:10:29','2019-11-23 13:10:29'),(1128,'packages','before_price',47,'ku','From','2019-11-23 13:10:29','2019-11-23 13:10:29'),(1129,'packages','after_price',47,'ar','USD','2019-11-23 13:10:29','2019-11-23 13:10:29'),(1130,'packages','after_price',47,'ku','USD','2019-11-23 13:10:29','2019-11-23 13:10:29'),(1131,'packages','pricing',47,'ar','{\n    \"1\": {\n        \"title\": \"Treatment \",\n        \"price\": \"From 1350$\"\n       }\n}','2019-11-23 13:10:29','2019-11-23 13:10:29'),(1132,'packages','pricing',47,'ku','{\n    \"1\": {\n        \"title\": \"Treatment \",\n        \"price\": \"From 1350$\"\n       }\n}','2019-11-23 13:10:29','2019-11-23 13:10:29'),(1133,'packages','title',48,'ar','Trabeculectomy: Glaucoma Treatment (One eye)','2019-11-23 13:10:59','2019-11-23 13:10:59'),(1134,'packages','title',48,'ku','Trabeculectomy: Glaucoma Treatment (One eye)','2019-11-23 13:10:59','2019-11-23 13:10:59'),(1135,'packages','before_price',48,'ar','From','2019-11-23 13:10:59','2019-11-23 13:10:59'),(1136,'packages','before_price',48,'ku','From','2019-11-23 13:10:59','2019-11-23 13:10:59'),(1137,'packages','after_price',48,'ar','USD','2019-11-23 13:10:59','2019-11-23 13:10:59'),(1138,'packages','after_price',48,'ku','USD','2019-11-23 13:10:59','2019-11-23 13:10:59'),(1139,'packages','pricing',48,'ar','{\n    \"1\": {\n        \"title\": \"Treatment \",\n        \"price\": \"From 1350$\"\n       }\n}','2019-11-23 13:10:59','2019-11-23 13:10:59'),(1140,'packages','pricing',48,'ku','{\n    \"1\": {\n        \"title\": \"Treatment \",\n        \"price\": \"From 1350$\"\n       }\n}','2019-11-23 13:10:59','2019-11-23 13:10:59'),(1141,'packages','title',49,'ar','Trabeculectomy: Glaucoma Treatment (One eye)','2019-11-23 13:11:24','2019-11-23 13:11:24'),(1142,'packages','title',49,'ku','Trabeculectomy: Glaucoma Treatment (One eye)','2019-11-23 13:11:24','2019-11-23 13:11:24'),(1143,'packages','before_price',49,'ar','From','2019-11-23 13:11:24','2019-11-23 13:11:24'),(1144,'packages','before_price',49,'ku','From','2019-11-23 13:11:24','2019-11-23 13:11:24'),(1145,'packages','after_price',49,'ar','USD','2019-11-23 13:11:24','2019-11-23 13:11:24'),(1146,'packages','after_price',49,'ku','USD','2019-11-23 13:11:24','2019-11-23 13:11:24'),(1147,'packages','pricing',49,'ar','{\n    \"1\": {\n        \"title\": \"Treatment \",\n        \"price\": \"From 1350$\"\n       }\n}','2019-11-23 13:11:24','2019-11-23 13:11:24'),(1148,'packages','pricing',49,'ku','{\n    \"1\": {\n        \"title\": \"Treatment \",\n        \"price\": \"From 1350$\"\n       }\n}','2019-11-23 13:11:24','2019-11-23 13:11:24'),(1149,'packages','title',13,'ku','Hollywood Smile','2019-11-23 13:17:51','2019-11-23 13:17:51'),(1150,'packages','before_price',13,'ku','From','2019-11-23 13:17:51','2019-11-23 13:17:51'),(1151,'packages','after_price',13,'ku','USD','2019-11-23 13:17:51','2019-11-23 13:17:51'),(1152,'packages','testimonial',13,'ar','5ZKJh92UmjQ','2019-11-23 13:17:51','2019-11-23 13:17:51'),(1153,'packages','testimonial',13,'ku','5ZKJh92UmjQ','2019-11-23 13:17:51','2019-11-23 13:17:51'),(1154,'packages','slug',13,'ku','hollywood-smile','2019-11-23 13:17:51','2019-11-23 13:17:51'),(1155,'packages','pricing',13,'ar','{\n    \"1\": {\n        \"title\": \"علاج \",\n        \"price\": \"إبتدإ من 80$\"\n       }\n}','2019-11-23 13:17:51','2019-11-23 13:17:51'),(1156,'packages','title',3,'ku','Dental Implant','2019-11-23 13:19:04','2019-11-23 13:19:04'),(1157,'packages','subtitle',3,'ku','Package In Tehran','2019-11-23 13:19:04','2019-11-23 13:19:04'),(1158,'packages','before_price',3,'ku','From','2019-11-23 13:19:04','2019-11-23 13:19:04'),(1159,'packages','after_price',3,'ku','USD per tooth','2019-11-23 13:19:04','2019-11-23 13:19:04'),(1160,'packages','testimonial',3,'ku','5ZKJh92UmjQ','2019-11-23 13:19:04','2019-11-23 13:19:04'),(1161,'packages','slug',3,'ku','dental-implant','2019-11-23 13:19:04','2019-11-23 13:19:04'),(1162,'packages','pricing',3,'ar','{\n    \"1\": {\n        \"title\": \"علاج \",\n        \"price\": \"إبتدإ من 380$\"\n       }\n}','2019-11-23 13:19:04','2019-11-23 13:19:04'),(1163,'packages','title',50,'ar','Liposuction','2019-11-23 13:23:24','2019-11-23 13:23:24'),(1164,'packages','title',50,'ku','Liposuction','2019-11-23 13:23:24','2019-11-23 13:23:24'),(1165,'packages','subtitle',50,'ar','Package In','2019-11-23 13:23:24','2019-11-23 13:23:24'),(1166,'packages','subtitle',50,'ku','Package In','2019-11-23 13:23:24','2019-11-23 13:23:24'),(1167,'packages','before_price',50,'ar','From','2019-11-23 13:23:24','2019-11-23 13:23:24'),(1168,'packages','before_price',50,'ku','From','2019-11-23 13:23:24','2019-11-23 13:23:24'),(1169,'packages','after_price',50,'ar','USD','2019-11-23 13:23:24','2019-11-23 13:23:24'),(1170,'packages','after_price',50,'ku','USD','2019-11-23 13:23:25','2019-11-23 13:23:25'),(1171,'packages','testimonial',50,'ar','5ZKJh92UmjQ','2019-11-23 13:23:25','2019-11-23 13:23:25'),(1172,'packages','testimonial',50,'ku','5ZKJh92UmjQ','2019-11-23 13:23:25','2019-11-23 13:23:25'),(1173,'packages','pricing',50,'ar','{\n    \"1\": {\n        \"title\": \"علاج \",\n        \"price\": \"إبتدإ من 1500$\"\n       }\n}','2019-11-23 13:23:25','2019-11-23 13:23:25'),(1174,'packages','title',5,'ku','Liposuction','2019-11-23 13:24:34','2019-11-23 13:24:34'),(1175,'packages','subtitle',5,'ku','Package In','2019-11-23 13:24:34','2019-11-23 13:24:34'),(1176,'packages','before_price',5,'ku','From','2019-11-23 13:24:34','2019-11-23 13:24:34'),(1177,'packages','after_price',5,'ku','USD','2019-11-23 13:24:34','2019-11-23 13:24:34'),(1178,'packages','testimonial',5,'ar','5ZKJh92UmjQ','2019-11-23 13:24:34','2019-11-23 13:24:34'),(1179,'packages','testimonial',5,'ku','5ZKJh92UmjQ','2019-11-23 13:24:34','2019-11-23 13:24:34'),(1180,'packages','slug',5,'ku','liposuction','2019-11-23 13:24:34','2019-11-23 13:24:34'),(1181,'packages','pricing',5,'ar','{\n    \"1\": {\n        \"title\": \"علاج \",\n        \"price\": \"إبتدإ من 1500$\"\n       }\n}','2019-11-23 13:24:34','2019-11-23 13:24:34'),(1182,'packages','pricing',50,'ku','{\n    \"1\": {\n        \"title\": \"Treatment \",\n        \"price\": \"From 1500$\"\n       }\n}','2019-11-23 13:25:38','2019-11-23 13:25:38'),(1183,'packages','slug',50,'ar','liposuction-tehran','2019-11-23 13:26:06','2019-11-23 13:26:06'),(1184,'packages','slug',50,'ku','liposuction-tehran','2019-11-23 13:26:06','2019-11-23 13:26:06'),(1185,'packages','title',51,'ar','Liposuction-Tehran','2019-11-23 13:26:37','2019-11-23 13:26:37'),(1186,'packages','title',51,'ku','Liposuction-Tehran','2019-11-23 13:26:37','2019-11-23 13:26:37'),(1187,'packages','subtitle',51,'ar','Package In','2019-11-23 13:26:37','2019-11-23 13:26:37'),(1188,'packages','subtitle',51,'ku','Package In','2019-11-23 13:26:37','2019-11-23 13:26:37'),(1189,'packages','before_price',51,'ar','From','2019-11-23 13:26:37','2019-11-23 13:26:37'),(1190,'packages','before_price',51,'ku','From','2019-11-23 13:26:37','2019-11-23 13:26:37'),(1191,'packages','after_price',51,'ar','USD','2019-11-23 13:26:37','2019-11-23 13:26:37'),(1192,'packages','after_price',51,'ku','USD','2019-11-23 13:26:37','2019-11-23 13:26:37'),(1193,'packages','testimonial',51,'ar','5ZKJh92UmjQ','2019-11-23 13:26:37','2019-11-23 13:26:37'),(1194,'packages','testimonial',51,'ku','5ZKJh92UmjQ','2019-11-23 13:26:37','2019-11-23 13:26:37'),(1195,'packages','pricing',51,'ar','{\n    \"1\": {\n        \"title\": \"Treatment \",\n        \"price\": \"From 1500$\"\n       }\n}','2019-11-23 13:26:37','2019-11-23 13:26:37'),(1196,'packages','pricing',51,'ku','{\n    \"1\": {\n        \"title\": \"Treatment \",\n        \"price\": \"From 1500$\"\n       }\n}','2019-11-23 13:26:37','2019-11-23 13:26:37'),(1197,'packages','pricing',5,'ku','{\n    \"1\": {\n        \"title\": \"Treatment \",\n        \"price\": \"From 1500$\"\n       }\n}','2019-11-23 13:27:29','2019-11-23 13:27:29'),(1198,'packages','slug',51,'ar','liposuction-mashhad','2019-11-23 13:27:58','2019-11-23 13:27:58'),(1199,'packages','slug',51,'ku','liposuction-mashhad','2019-11-23 13:27:58','2019-11-23 13:27:58'),(1200,'packages','title',52,'ar','عملية ليزك للعيون','2019-11-23 13:46:04','2019-11-23 13:46:04'),(1201,'packages','title',52,'ku','Trabeculectomy: Glaucoma Treatment (One eye)','2019-11-23 13:46:04','2019-11-23 13:46:04'),(1202,'packages','before_price',52,'ar','From','2019-11-23 13:46:04','2019-11-23 13:46:04'),(1203,'packages','before_price',52,'ku','From','2019-11-23 13:46:04','2019-11-23 13:46:04'),(1204,'packages','after_price',52,'ar','USD','2019-11-23 13:46:04','2019-11-23 13:46:04'),(1205,'packages','after_price',52,'ku','USD','2019-11-23 13:46:04','2019-11-23 13:46:04'),(1206,'packages','slug',52,'ar','amlyh-lyzk-llaywn','2019-11-23 13:46:04','2019-11-23 13:46:04'),(1207,'packages','pricing',52,'ar','\n\n{\n    \"1\": {\n        \"title\": \"علاج \",\n        \"price\": \"إبتدإ من 1000$\"\n       }\n}','2019-11-23 13:46:04','2019-11-23 14:03:27'),(1208,'packages','pricing',52,'ku','{\n    \"1\": {\n        \"title\": \"Treatment \",\n        \"price\": \"From 1350$\"\n       }\n}','2019-11-23 13:46:04','2019-11-23 13:46:04'),(1209,'packages','slug',52,'ku','lasik-eye-surgery-both-eyes','2019-11-23 13:49:10','2019-11-23 13:49:10'),(1210,'packages','title',53,'ar','LASIK eye surgery (Both eyes)','2019-11-23 13:50:29','2019-11-23 13:50:29'),(1211,'packages','title',53,'ku','LASIK eye surgery (Both eyes)','2019-11-23 13:50:29','2019-11-23 13:50:29'),(1212,'packages','before_price',53,'ar','From','2019-11-23 13:50:29','2019-11-23 13:50:29'),(1213,'packages','before_price',53,'ku','From','2019-11-23 13:50:29','2019-11-23 13:50:29'),(1214,'packages','after_price',53,'ar','USD','2019-11-23 13:50:29','2019-11-23 13:50:29'),(1215,'packages','after_price',53,'ku','USD','2019-11-23 13:50:29','2019-11-23 13:50:29'),(1216,'packages','pricing',53,'ar','{\n    \"1\": {\n        \"title\": \"Treatment \",\n        \"price\": \"From 800$\"\n       }\n}','2019-11-23 13:50:29','2019-11-23 13:50:29'),(1217,'packages','pricing',53,'ku','{\n    \"1\": {\n        \"title\": \"Treatment \",\n        \"price\": \"From 800$\"\n       }\n}','2019-11-23 13:50:29','2019-11-23 13:50:29'),(1218,'packages','title',54,'ar','LASIK eye surgery -Tehran','2019-11-23 13:51:05','2019-11-23 13:51:05'),(1219,'packages','title',54,'ku','LASIK eye surgery -Tehran','2019-11-23 13:51:05','2019-11-23 13:51:05'),(1220,'packages','before_price',54,'ar','From','2019-11-23 13:51:05','2019-11-23 13:51:05'),(1221,'packages','before_price',54,'ku','From','2019-11-23 13:51:05','2019-11-23 13:51:05'),(1222,'packages','after_price',54,'ar','USD','2019-11-23 13:51:05','2019-11-23 13:51:05'),(1223,'packages','after_price',54,'ku','USD','2019-11-23 13:51:05','2019-11-23 13:51:05'),(1224,'packages','pricing',54,'ar','{\n    \"1\": {\n        \"title\": \"Treatment \",\n        \"price\": \"From 800$\"\n       }\n}','2019-11-23 13:51:05','2019-11-23 13:51:05'),(1225,'packages','pricing',54,'ku','{\n    \"1\": {\n        \"title\": \"Treatment \",\n        \"price\": \"From 800$\"\n       }\n}','2019-11-23 13:51:05','2019-11-23 13:51:05'),(1226,'packages','title',55,'ar','LASIK eye surgery -Mashhad','2019-11-23 13:51:24','2019-11-23 13:51:24'),(1227,'packages','title',55,'ku','LASIK eye surgery -Mashhad','2019-11-23 13:51:24','2019-11-23 13:51:24'),(1228,'packages','before_price',55,'ar','From','2019-11-23 13:51:24','2019-11-23 13:51:24'),(1229,'packages','before_price',55,'ku','From','2019-11-23 13:51:24','2019-11-23 13:51:24'),(1230,'packages','after_price',55,'ar','USD','2019-11-23 13:51:24','2019-11-23 13:51:24'),(1231,'packages','after_price',55,'ku','USD','2019-11-23 13:51:24','2019-11-23 13:51:24'),(1232,'packages','pricing',55,'ar','{\n    \"1\": {\n        \"title\": \"Treatment \",\n        \"price\": \"From 800$\"\n       }\n}','2019-11-23 13:51:24','2019-11-23 13:51:24'),(1233,'packages','pricing',55,'ku','{\n    \"1\": {\n        \"title\": \"Treatment \",\n        \"price\": \"From 800$\"\n       }\n}','2019-11-23 13:51:24','2019-11-23 13:51:24'),(1234,'packages','slug',55,'ar','lasik-eye-surgery-shiraz','2019-11-23 13:52:11','2019-11-23 13:52:11'),(1235,'packages','slug',55,'ku','lasik-eye-surgery-shiraz','2019-11-23 13:52:11','2019-11-23 13:52:11'),(1236,'packages','slug',54,'ar','lasik-eye-surgery-mashhad','2019-11-23 13:52:43','2019-11-23 13:52:43'),(1237,'packages','slug',54,'ku','lasik-eye-surgery-mashhad','2019-11-23 13:52:43','2019-11-23 13:52:43'),(1238,'packages','slug',53,'ar','lasik-eye-surgery-tehran','2019-11-23 13:56:26','2019-11-23 13:56:26'),(1239,'packages','slug',53,'ku','lasik-eye-surgery-tehran','2019-11-23 13:56:26','2019-11-23 13:56:26'),(1240,'doctors','name',11,'ku','Dr. Elham Emamjome','2019-11-23 19:57:10','2019-11-23 19:57:10'),(1241,'doctors','about',11,'ku',' Dr. Emamjome has female cosmetic surgery fellowship from the United States. Among her specialties is treatment of infertility, normal delivery, cesarean delivery, vaginal cosmetic surgery, and gynecological surgery.','2019-11-23 19:57:10','2019-11-23 19:57:10'),(1242,'doctors','education',11,'ku','{}','2019-11-23 19:57:10','2019-11-23 19:57:10'),(1243,'doctors','skills',11,'ku','{}','2019-11-23 19:57:10','2019-11-23 19:57:10'),(1244,'doctors','name',13,'ku','Dr Matin Attaran','2019-11-23 19:57:24','2019-11-23 19:57:24'),(1245,'doctors','about',13,'ku','Dr. Matin Attaran  is a Gynecologist and Infertility Specialist  working in Mashhad and providing  infertility services to women. Some of these services include specialized infertility and infertility treatment, IVF, IUI, sonohysterography, fetal sex determination, PGD, variety of gynecological surgeries such as laparoscopy, hysteroscopy, pregnancy and childbirth care, treatment of various genital diseases in women and more.','2019-11-23 19:57:24','2019-11-23 19:57:24'),(1246,'doctors','education',13,'ku','{\n    \"1\": {\n        \"name\": \"Rafsanjan Kerman University of Medical Sciences \",\n        \"degree\": \"Doctor of Medicine\",\n        \"date\": \"2008\"\n    },\n    \"2\": {\n        \"name\": \"Mashhad University of Medical Sciences\",\n        \"degree\": \"Gynecology Specialty \",\n        \"date\": \"2014\"\n    },\n  \"3\": {\n        \"name\": \"Mashhad University of Medical Sciences\",\n        \"degree\": \"Infertility Fellowship (IVF)\",\n        \"date\": \"2014\"\n    }\n}\n','2019-11-23 19:57:24','2019-11-23 19:57:24'),(1247,'doctors','skills',13,'ku','\n{\n    \"1\": {\n        \"skill\": \"Infertility\",\n        \"percent\": \"95\"\n    },\n\"2\": {\n        \"skill\": \"IVF\",\n        \"percent\": \"90\"\n    }\n}\n','2019-11-23 19:57:24','2019-11-23 19:57:24'),(1248,'packages','title',56,'ar','عملية تصغير الثدي','2019-11-24 15:19:39','2019-11-24 15:19:39'),(1249,'packages','title',56,'ku','LASIK eye surgery (Both eyes)','2019-11-24 15:19:39','2019-11-24 15:19:39'),(1250,'packages','before_price',56,'ar','From','2019-11-24 15:19:39','2019-11-24 15:19:39'),(1251,'packages','before_price',56,'ku','From','2019-11-24 15:19:39','2019-11-24 15:19:39'),(1252,'packages','after_price',56,'ar','USD','2019-11-24 15:19:39','2019-11-24 15:19:39'),(1253,'packages','after_price',56,'ku','USD','2019-11-24 15:19:39','2019-11-24 15:19:39'),(1254,'packages','slug',56,'ar','amlyh-tsghyr-althdy','2019-11-24 15:19:39','2019-11-24 15:19:39'),(1255,'packages','pricing',56,'ar','{\n    \"1\": {\n        \"title\": \"علاج\",\n        \"price\": \"إبتدإ من 1500$\"\n       }\n}','2019-11-24 15:19:39','2019-11-24 15:23:14'),(1256,'packages','pricing',56,'ku','{\n    \"1\": {\n        \"title\": \"Treatment \",\n        \"price\": \"From 1000$\"\n       }\n}','2019-11-24 15:19:39','2019-11-24 15:19:39'),(1257,'packages','title',57,'ar','عملية تصغير الثدي','2019-11-24 15:22:33','2019-11-24 15:22:33'),(1258,'packages','title',57,'ku','breast reduction surgery','2019-11-24 15:22:33','2019-11-24 15:22:33'),(1259,'packages','before_price',57,'ar','From','2019-11-24 15:22:33','2019-11-24 15:22:33'),(1260,'packages','before_price',57,'ku','From','2019-11-24 15:22:33','2019-11-24 15:22:33'),(1261,'packages','after_price',57,'ar','USD','2019-11-24 15:22:33','2019-11-24 15:22:33'),(1262,'packages','after_price',57,'ku','USD','2019-11-24 15:22:33','2019-11-24 15:22:33'),(1263,'packages','slug',57,'ar','amlyh-tsghyr-althdy','2019-11-24 15:22:33','2019-11-24 15:22:33'),(1264,'packages','pricing',57,'ar','{\n    \"1\": {\n        \"title\": \"Treatment \",\n        \"price\": \"From 1000$\"\n       }\n}','2019-11-24 15:22:33','2019-11-24 15:22:33'),(1265,'packages','pricing',57,'ku','{\n    \"1\": {\n        \"title\": \"Treatment \",\n        \"price\": \"From 1000$\"\n       }\n}','2019-11-24 15:22:33','2019-11-24 15:22:33'),(1266,'packages','slug',56,'ku','breast-reduction-surgery','2019-11-24 15:23:14','2019-11-24 15:23:14'),(1267,'categories','body',20,'ku','<div id=\"template-content\" class=\"mceTmpl\">\n<ul>\n<li><a href=\"#a1\">What is Eye Care?</a></li>\n<li><a href=\"#a2\">Common Types of Eye Surgery</a></li>\n<li><a href=\"#a3\">Why Iran?</a></li>\n<li><a href=\"#a4\">Precautions</a></li>\n<li><a href=\"#a5\">Complications </a></li>\n<li><a href=\"#a6\">Eye Exam</a></li>\n</ul>\n<h3 id=\"a1\" class=\"template-subtitle\">What is Eye Care?</h3>\n<p class=\"paragraph-medium paragraph-black template-p\">The eye is a very important and fragile organ in your body and needs extreme care. There are a number of vision disorders such as myopia (near-sightedness), hyperopia (far-sightedness) and astigmatism that are included among refractive errors. That is why everyone needs to have regular checkups to diagnose the possible errors in his/her eyes through the eye exam and take action to resolve them by using eyeglasses, contact lenses or having surgery.</p>\n<h3 id=\"a2\" class=\"template-subtitle\">Common Types of Eye Surgery</h3>\n<p class=\"paragraph-medium paragraph-black template-p\">Today, eye surgery has improved in various ways and can be used for treating eye problems. Laser eye surgery is a common solution that can correct short-sightedness, long-sightedness, and astigmatism by reshaping the surface of the eye.</p>\n<p class=\"paragraph-medium paragraph-black template-p\">LASIK (laser-assisted in situ keratomileusis) is a laser vision correction method that can improve your vision by changing the shape of your cornea and is similar to LASEK. The chances of having dry eyes after the surgery are reduced in Lasek. However, the time needed for recovery is longer in contrast to LASIK. You must consult with an experienced ophthalmologist to choose the best option according to your eye condition.</p>\n<p class=\"paragraph-medium paragraph-black template-p\">Cataract is an eye condition that usually happens with aging and is mostly seen among the elderly. Due to the cloudiness of the eye&rsquo;s lens, a cataract cannot be corrected with glasses or LASIK. In this case, modern cataract surgery is used, which is a common eye surgery and often can restore your vision. Various types of eye surgery are available for the patients and it is an expert eye surgeon responsibility to propose the best procedure suitable for you.</p>\n<h3 id=\"a3\" class=\"template-subtitle\">Why Iran?</h3>\n<p class=\"paragraph-medium paragraph-black template-p\">Although some problems are related to how a patient heals after the operation, choosing an experienced surgeon is always considered an important factor in this process. That being said Iran has:</p>\n<ul class=\"template-ul\">\n<li>Very well-educated and highly-experienced surgeons and ophthalmologists that can help the patients to have their desired vision after the eye surgery.</li>\n<li>Well-equipped clinics and hospitals using advanced technologies for eye treatments.</li>\n<li>Affordable prices</li>\n<li>High quality and high success rate of eye treatments</li>\n</ul>\n<p class=\"paragraph-medium paragraph-black template-p\">If you seek treating eye disease abroad and you&rsquo;ve chosen Iran to have your surgery, Medtouriran can provide you with ophthalmic treatments by using the latest techniques at affordable prices. Furthermore, you can go sightseeing and visit the historical and natural attractions of the capital city, Tehran, while you&rsquo;re in the city.</p>\n<h3 id=\"a4\" class=\"template-subtitle\">Precautions</h3>\n<p class=\"paragraph-medium paragraph-black template-p\">There are a number of things you need to do before and after the eye surgery, that are more or less the same in different types of eye surgeries. If you are planning to get LASIK (in particular), remember to:</p>\n<ul class=\"template-ul\">\n<li>Remove all makeup the night before surgery</li>\n<li>Stop wearing soft contacts before surgery. Ask your surgeon to give you more details about how long before the Lasik surgery you need to stop wearing them.</li>\n<li>Ask someone to drive you back home after the surgery</li>\n<li>If you take specific medication, consult with your surgeon to see if you&rsquo;re allowed to continue taking them before or after the eye surgery.</li>\n</ul>\n<h3 id=\"a5\" class=\"template-subtitle\">Complications</h3>\n<p class=\"paragraph-medium paragraph-black template-p\">There are some myths about Lasik that you might have heard of. For instance, some people believe that you can go blind from Lasik surgery; while that&rsquo;s not true and such a thing has never happened to anyone. There are some side effects though which are usually temporary:</p>\n<ul class=\"template-ul\">\n<ul class=\"template-ul\">\n<li>Dry eyes</li>\n<li>Glare</li>\n<li>Night vision problems</li>\n<li>Seeing halos around images</li>\n<li>Not getting the expected results (over- or under-correction)</li>\n</ul>\n</ul>\n<p class=\"paragraph-medium paragraph-black template-p\">Taking the necessary safety precautions can reduce the side effects of eye surgery. Moreover, there are some treatment options that can help you manage these problems successfully.</p>\n<h3 id=\"a6\" class=\"template-subtitle\">Eye Exam</h3>\n<p class=\"paragraph-medium paragraph-black template-p\">Just as it is important to take care of your body, you also need to get your eyes checked regularly to diagnose possible eye diseases and start the proper treatment as soon as possible. So, take care of your eye seriously and don&rsquo;t postpone your appointment with your ophthalmologist.</p>\n</div>','2019-11-25 08:21:38','2019-11-25 08:21:38'),(1268,'categories','slug',17,'ku','cardiology','2019-11-25 09:00:14','2019-11-25 09:00:14'),(1269,'categories','title',17,'ku','Cardiology','2019-11-25 09:00:14','2019-11-25 09:00:14'),(1270,'categories','excerpt',17,'ku','Cardiology is one of medicine’s subspecialties, focusing on heart disorders and the circulatory system (cardiovascular system). Cardiologists are physicians who specialize in this field. ','2019-11-25 09:00:14','2019-11-25 09:00:14'),(1271,'categories','body',17,'ku','<div id=\"template-content\" class=\"mceTmpl\">\n<ul>\n<li><a href=\"#Cardiology\">Cardiology</a></li>\n<li><a href=\"#Angioplasty\">Angioplasty</a></li>\n<li><a href=\"#Open-Heart-Surgery\">Open-Heart Surgery</a></li>\n<li><a href=\"#Catheter-Ablation\">Catheter Ablation</a></li>\n<li><a href=\"#Heart-Valve-Surgery\">Heart Valve Surgery</a></li>\n<li><a href=\"#Echocardiography\">Echocardiography</a></li>\n<li><a href=\"#Aortic-Surgery\">Aortic Surgery</a></li>\n</ul>\n<h3 id=\"Cardiology\" class=\"template-subtitle\">Cardiology</h3>\n<p class=\"paragraph-medium paragraph-black template-p\"><strong>Cardiology</strong> is one of the subspecialties of medicine, focusing on heart disorders and the circulatory system (cardiovascular system). <strong>Cardiologists</strong> are physicians who have specialized in <strong>Cardiology. Cardiology </strong>includes procedures such as:</p>\n<ul class=\"template-ul\">\n<li>Angioplasty</li>\n<li>Open Heart Surgery (Coronary Artery Bypass Graft or CABG)</li>\n<li>Catheter Ablation</li>\n<li>Heart Valve Surgery</li>\n<li>Echocardiography</li>\n<li>Aortic Surgery</li>\n</ul>\n<h3 id=\"Angioplasty\" class=\"template-subtitle\">Angioplasty</h3>\n<p class=\"paragraph-medium paragraph-black template-p\"><strong>Angioplasty</strong> is also known as <strong>balloon angioplasty</strong> or <strong>coronary</strong> <strong>angioplasty</strong>. <strong>Angioplasty</strong> is performed to widen or open clogged heart veins. In this surgery a balloon catheter is inserted into the narrowed or clogged vein. The balloon is then inflated into a specified size which forces the vein to expand and improves blood flow. To make sure that the vein stays open, a stent (a metal or plastic tube) might be inserted into the vein and finally, the balloon is withdrawn.</p>\n<h3 id=\"Open-Heart-Surgery\" class=\"template-subtitle\">Open-Heart Surgery</h3>\n<p class=\"paragraph-medium paragraph-black template-p\">The most common type of heart surgery performed on adults is the <strong>Open-Heart Surgery</strong> or <strong>CABG</strong> (coronary artery bypass surgery). This surgery is done when the patient\'s blood veins have become narrow and hard, which is called coronary heart disease. This surgery is also done to repair damaged areas of the heart or to repair or replace heart valves.&nbsp;</p>\n<h3 id=\"Catheter-Ablation\" class=\"template-subtitle\">Catheter Ablation</h3>\n<p class=\"paragraph-medium paragraph-black template-p\"><strong>Catheter Ablation</strong> is also called <strong>Radiofrequency</strong> <strong>Ablation</strong>. This procedure uses radiofrequency waves to treat arrhythmias. Radiofrequency waves are used to destroy small areas of the heart tissue that are causing irregular heartbeats. <strong>Catheter Ablation</strong> is performed when medication is not effective. <strong>Radiofrequency Ablation</strong> is also a safe and effective method to deal with some forms of pain.</p>\n<h3 id=\"Heart-Valve-Surgery\" class=\"template-subtitle\">Heart Valve Surgery</h3>\n<p class=\"paragraph-medium paragraph-black template-p\">There are four valves in the heart, each with different names. In case one of these valves doesn&rsquo;t function properly, <strong>Heart Valve Surgery</strong> is needed. During the surgery, based on the patient\'s condition, the surgeon can either repair or replace the heart valves. <strong>Heart Valve Surgery</strong> can be performed using different surgical procedure like <strong>open-heart surgery</strong> or minimally invasive heart surgery.</p>\n<h3 id=\"Echocardiography\" class=\"template-subtitle\">Echocardiography</h3>\n<p class=\"paragraph-medium paragraph-black template-p\"><strong>Echocardiography</strong> is also known as a <strong>Cardiac Echo</strong> or simply an <strong>Echo </strong>. <strong>Echocardiography</strong> creates images of the heart using ultrasound. This method is one of the most widely used diagnostic tests in <strong>cardiology</strong>. A heart <strong>Echo</strong> provides lots of helpful information like the shape or the size of the heart and enables doctors to completely monitor the heart.&nbsp;</p>\n<h3 id=\"Aortic-Surgery\" class=\"template-subtitle\">Aortic Surgery</h3>\n<p class=\"paragraph-medium paragraph-black template-p\">The aorta is the main blood vessel which carries blood from the heart to the rest of the body. If the aorta somehow becomes weak, the pressure of the blood flow can cause it to swell. This condition is called \'aneurysm\'. If the aneurysm is small, it can be treated with medicine, but larger ones need surgery. Most aortic disorders are treated using open surgical repair.&nbsp;</p>\n</div>','2019-11-25 09:00:14','2019-11-25 09:00:14'),(1272,'categories','slug',19,'ku','ear-nose-and-throat ','2019-11-25 09:16:29','2019-11-25 09:16:29'),(1273,'categories','title',19,'ku','Ear, Nose and Throat','2019-11-25 09:16:29','2019-11-25 09:16:29'),(1274,'categories','excerpt',19,'ku','Otorhinolaryngology is one of medicine’s surgical subspecialties, focusing on ear, nose, and throat conditions. To make things easier it’s called ENT (Ear, Nose, and Throat) and doctors who specialize in this field are called Otorhinolaryngologists or ENT doctors. Head and neck structures are also included in this field. Some of ENT’s subspecialties are:','2019-11-25 09:16:29','2019-11-25 09:16:29'),(1275,'categories','body',19,'ku','<div id=\"template-content\" class=\"mceTmpl\">\n<ul>\n<li><a href=\"#a1\">What is ENT?</a></li>\n<li><a href=\"#a2\">Head and Neck Surgery</a></li>\n<li><a href=\"#a3\">Otology &amp; Neurotology</a></li>\n<li><a href=\"#a4\">Rhinology</a></li>\n<li><a href=\"#a5\">Laryngology</a></li>\n<li><a href=\"#a6\">Pediatrics</a></li>\n<li><a href=\"#a7\">Tonsillectomy</a></li>\n</ul>\n<h3 id=\"a1\" class=\"template-subtitle\">What is ENT?</h3>\n<p class=\"paragraph-medium paragraph-black template-p\"><strong>Otorhinolaryngology</strong> is one of the surgical subspecialties of medicine, focusing on ear, nose, and throat conditions. To make things easier, this field is also known as <strong>ENT</strong> (Ear, Nose, and Throat) and doctors who specialize in this field are called <strong>Otorhinolaryngologists</strong> or <strong>ENT doctors</strong>. Some of the subspecialties of <strong>ENT </strong>are:</p>\n<ul class=\"template-ul\">\n<li>Head and Neck Surgery</li>\n<li>Otology &amp; Neurotology</li>\n<li>Rhinology</li>\n<li>Laryngology</li>\n<li>Pediatrics</li>\n<li>Thyroid and Parathyroid Surgery (the surgical treatment of thyroid and parathyroid tumors)</li>\n<li>Facial Plastic Surgery</li>\n<li>Tonsillectomy</li>\n</ul>\n<h3 id=\"a2\" class=\"template-subtitle\">Head and Neck Surgery</h3>\n<p class=\"paragraph-medium paragraph-black template-p\">This subspecialty includes surgeries such as:&nbsp;</p>\n<ul class=\"template-ul\">\n<li><strong>Parotidectomy. </strong>This surgical operation is done to remove the parotid gland (the biggest salivary gland). <strong>Parotidectomy</strong> is needed when there are tumors in the parotid gland. These tumors can either be benign (non-cancerous) or malignant (cancerous).</li>\n<li><strong>Neck Dissection</strong>. If cancer cells migrate to the lymph nodes located on the sides of the neck, a <strong>neck dissection</strong> is needed. During this operation, the lymph nodes are removed.</li>\n<li><strong>Laryngectomy</strong>. This surgery is done to remove the larynx (voice box).</li>\n</ul>\n<h3 id=\"a3\" class=\"template-subtitle\">Otology &amp; Neurotology</h3>\n<p class=\"paragraph-medium paragraph-black template-p\"><strong>Otology</strong> is one of the branches of medicine which focuses on the ears, their anatomy, conditions, and treatments. <strong>Neurotolgy</strong> or <strong>neuro-otology</strong> is one of the sub-specialties of <strong>ENT,</strong> which studies the neurological conditions of the ear and how to treat them. <strong>Otology</strong> deals with conditions such as:</p>\n<ul class=\"template-ul\">\n<li>Hearing loss</li>\n<li>Chronic ear infections</li>\n<li>Cholesteatoma</li>\n<li>Otosclerosis</li>\n<li>Acoustic neuroma</li>\n<li>Cochlear implants</li>\n</ul>\n<h3 id=\"a4\" class=\"template-subtitle\">Rhinology</h3>\n<p class=\"paragraph-medium paragraph-black template-p\">&nbsp;Rhinologists are doctors who have specialized in nose and sinus problems. <strong>Rhinology</strong> involves treating nasal polyps, chronic sinusitis and many other conditions. <strong>Rhinology</strong> includes procedures such as:</p>\n<ul class=\"template-ul\">\n<li><a href=\"https://medtouriran.com/en/procedures/43/rhinoplasty\">Rhinoplasty</a></li>\n<li>Septoplasty</li>\n<li>Turbinate surgery</li>\n<li>Endoscopic sinus surgery</li>\n<li>Nasal polyp removal</li>\n</ul>\n<p>Rhinologists can work closely with ophthalmologists (eye doctors) to perform &lsquo;endoscopic orbital surgeries&rsquo;. Endoscopic orbital surgeries are done to treat conditions like &lsquo;persistent tearing&rsquo;. Rhinologists can also team up with neurosurgeons to treat nasal and skull base conditions like &lsquo;skull base tumors&rsquo; or &lsquo;nasal and sinus tumors&rsquo;.</p>\n<h3 id=\"a5\" class=\"template-subtitle\">Laryngology</h3>\n<p class=\"paragraph-medium paragraph-black template-p\">Larynx is commonly known as &lsquo;the voice box&rsquo; and <strong>Laryngology</strong> is focused on treating voice disorders, airway and swallowing problems, and laryngeal (throat) cancer. <strong>Laryngology</strong> is a very wide specialty. Laryngologists deal with conditions like:</p>\n<ul class=\"template-ul\">\n<li>Dysphagia (difficulty in swallowing)</li>\n<li>Dysphonia (difficulty in speaking)</li>\n<li>Thyroplasty (which is done to improve the voice)</li>\n<li>Tracheostomy (which is done to allow air to enter the lungs)</li>\n</ul>\n<p>The above-mentioned procedures are just few of the many procedures that <strong>laryngology</strong> includes.</p>\n<h3 id=\"a6\" class=\"template-subtitle\">Pediatrics</h3>\n<p class=\"paragraph-medium paragraph-black template-p\"><strong>Pediatrics</strong> is focused on taking care of infants, children, and adolescents. Sleep apnea and glue ear are two of the conditions that pediatricians deal with.</p>\n<h3 id=\"a7\" class=\"template-subtitle\">Tonsillectomy</h3>\n<p class=\"paragraph-medium paragraph-black template-p\">There are two oval-shaped tissue pads at the back of throat, called tonsils. <strong>Tonsillectomy</strong> is the surgical procedure to remove the tonsils in case they become infected or swollen.&nbsp;</p>\n<p class=\"paragraph-medium paragraph-black template-p\">&nbsp;</p>\n</div>','2019-11-25 09:16:29','2019-11-25 09:16:29'),(1276,'categories','slug',22,'ku','female-fertility','2019-11-25 09:59:22','2019-11-25 09:59:22'),(1277,'categories','title',22,'ku','Female Fertility','2019-11-25 09:59:22','2019-11-25 09:59:22'),(1278,'categories','excerpt',22,'ku','Having a baby and becoming a parent is one of the most beautiful and life-changing events that you can experience in your life. Most couples can conceive a child within one year of trying and it is more likely to get a result during the earlier months. Some others (approximately 7%) can have a baby in the second year. That is why it is said that if you have been trying to get pregnant within 12 months but you couldn’t, you’d better see a doctor and make sure that everything is okay.','2019-11-25 09:59:22','2019-11-25 09:59:22'),(1279,'categories','body',22,'ku','<div id=\"template-content\" class=\"mceTmpl\">\n<ul>\n<li><a href=\"#a1\">What is Infertility?</a></li>\n<li><a href=\"#a2\">Infertility symptoms</a></li>\n<li><a href=\"#a3\">Common Causes of Infertility</a></li>\n<li><a href=\"#a4\">Infertility Treatment</a></li>\n<li><a href=\"#a5\">Why Iran?</a></li>\n</ul>\n<h3 id=\"a1\" class=\"template-subtitle\">What is Infertility?</h3>\n<p class=\"paragraph-medium paragraph-black template-p\">Having a baby and becoming a parent is one of the most beautiful and life-changing events that you can experience in your life. Most couples can conceive a child within one year of trying and it is more likely to get a result during the earlier months. Some others (approximately 7%) can have a baby in the second year. That is why it is said that if you have been trying to get pregnant within 12 months but you couldn&rsquo;t, you&rsquo;d better see a doctor and make sure that everything is okay.</p>\n<h3 id=\"a2\" class=\"template-subtitle\">Infertility symptoms</h3>\n<p class=\"paragraph-medium paragraph-black template-p\">In case you are diagnosed with <strong>Infertility</strong> (inability to conceive a child), you can get treatment. But first let&rsquo;s take a look at some of the symptoms that can help you to seek help earlier:</p>\n<ul class=\"template-ul\">\n<li><strong>Irregular menstrual periods: </strong>One of the signs which shows that a woman ovulates regularly is having regular menstrual periods (every 21 to 35 days). Ovulation of the egg is necessary for pregnancy. Therefore, if you&rsquo;re trying to conceive a baby and you have irregular menstrual cycles, do not wait until the 12th month and take action and see a doctor to find out the problem.</li>\n<li><strong>Women over 35: </strong>As women age, they face decreasing in the number of eggs and it is less likely for an egg to be genetically normal. Accordingly, if a couple has been trying to have a baby for 6 months or more and the woman is over 35 years old, they&rsquo;d better be evaluated for <strong>infertility.</strong></li>\n<li><strong>&nbsp;A history of sexually transmitted diseases: </strong>A sperm must cross the tubes in order to reach the ovulated egg and fertilize it. Therefore, open tubes are essential to get pregnant naturally. Sexually transmitted diseases such as gonorrhea, can damage fallopian tubes and prevent a proper conception. That is why if the woman has a history of pelvic infection, should get an immediate evaluation if the couple intends to conceive a child.&nbsp;</li>\n</ul>\n<h3 id=\"a3\" class=\"template-subtitle\">Common Causes of Infertility</h3>\n<ul>\n<li><strong>Delaying childbirth:</strong> As discussed previously, the number of eggs will diminish as a woman ages. A woman beyond the age of 45 is unlikely to get pregnant.</li>\n<li><strong>Endometrial polyps:</strong> Endometrial polyps can arise from the inner lining of the uterus and can decrease fertility. In some cases, if the doctor simply removes the polyp, your <strong>infertility</strong> will be solved.</li>\n<li><strong>&nbsp;Male factor infertility:</strong> If the abnormality of semen is confirmed, the man should visit a reproductive urologist to get proper treatment.</li>\n<li><strong>Uterine fibroids:</strong> Fibroids are very common among women and have 3 types. Submucosal fibroids are the type that can reduce the chance of pregnancy and need to be treated so that the couple can have a baby.</li>\n</ul>\n<h3 id=\"a4\" class=\"template-subtitle\">Infertility Treatment</h3>\n<p class=\"paragraph-medium paragraph-black template-p\">Couples need to educate themselves about the symptoms of <strong>infertility</strong> so that they know when to seek help. Aside from that, your doctor can suggest special treatments to help you conceive a child:</p>\n<ul class=\"template-ul\">\n<li><strong>Medications:</strong> In order to stimulate egg development and ovulation, your doctor may prescribe special pills or injections. You should use them as you&rsquo;re instructed to enhance the chance of conceiving a baby.</li>\n<li><strong>Insemination:</strong> Insemination is a method in which they take the sperm and prepare it for placement into the uterine cavity. In this case, there is a higher opportunity for the sperm to get closer to the ovulated egg. The man needs to be checked for sperm abnormality, otherwise, the sperm cannot swim and fertilize the egg.&nbsp;</li>\n<li><strong>In Vitro Fertilization:</strong> IVF means &ldquo;outside the body&rdquo; and the reason is that in this process, they collect eggs and fertilize them by sperm outside the body, in the laboratory. They check the eggs again after about 40 hours and if they are fertilized, they will be put back in the woman\'s uterus.&nbsp;</li>\n</ul>\n<h3 id=\"a5\" class=\"template-subtitle\">Why Choose Iran for Infertility Treatment?</h3>\n<p class=\"paragraph-medium paragraph-black template-p\">Aside from affordable prices for <strong>infertility treatment</strong> in Iran (compared to other countries), there are a number of other reasons that you&rsquo;d better consider visiting this country to find the best treatment awaiting you:</p>\n<ul class=\"template-ul\">\n<li>Advanced treatment for <strong>infertility</strong></li>\n<li>Knowledgeable and experienced specialists</li>\n<li>Well-equipped hospitals and laboratories</li>\n<li>Beautiful attractions to visit while you are in the city</li>\n</ul>\n</div>','2019-11-25 09:59:22','2019-11-25 09:59:22'),(1280,'categories','slug',51,'ku','dental-health','2019-11-25 11:03:42','2019-11-25 11:03:42'),(1281,'categories','title',51,'ku','dental health','2019-11-25 11:03:42','2019-11-25 11:03:42'),(1282,'categories','excerpt',51,'ku','You might not notice, but your dental health (aks oral health) says a lot about your overall health status. There are a number of oral hygiene habits that can prevent oral problems such as tooth decay, bad breath, dry mouth, etc.','2019-11-25 11:03:42','2019-11-25 11:03:42'),(1283,'categories','body',51,'ku','<div id=\"template-content\" class=\"mceTmpl\">\n<ul>\n<li><a href=\"#a1\">What is Dental Health?</a></li>\n<li><a href=\"#a2\">Oral Hygiene Habits</a></li>\n<li><a href=\"#a3\">Why Choose Iran?</a></li>\n<li><a href=\"#a4\">Oral Diseases</a></li>\n<li><a href=\"#a5\">Treating Dental Problems</a></li>\n</ul>\n<h3 id=\"a1\" class=\"template-subtitle\">What is Dental Health?</h3>\n<p class=\"paragraph-medium paragraph-black template-p\">You might not notice, but your <strong>dental health</strong> (aka oral health) says a lot about your overall health status. Several oral hygiene habits can prevent oral problems such as tooth decay, bad breath, dry mouth, etc.</p>\n<h3 id=\"a2\" class=\"template-subtitle\">Oral Hygiene Habits</h3>\n<p class=\"paragraph-medium paragraph-black template-p\">Poor oral hygiene has negative effects on your health, yet it is usually taken for granted. <strong>Dental treatment</strong> is costly. Therefore, it is much less troublesome to take care of your teeth before it\'s too late. If you are experiencing dental pain, don\'t put off seeing a dentist. Also, try following these oral hygiene habits to keep your teeth healthy and reduce oral diseases:</p>\n<ul class=\"template-ul\">\n<li>Brush your teeth twice a day (with a fluoride toothpaste)</li>\n<li>Don\'t forget flossing</li>\n<li>Limit your sugar intake</li>\n<li>Have a well-balanced diet</li>\n<li>Schedule regular dental check-ups</li>\n</ul>\n<h3 id=\"a3\" class=\"template-subtitle\">Why Choose Iran?</h3>\n<p class=\"paragraph-medium paragraph-black template-p\">You might want to consider Iran as your dental tourism destination due to the following reasons:</p>\n<ul class=\"template-ul\">\n<li>Affordable prices (the same procedures will cost much higher in the US)</li>\n<li>Highly-experienced dentists</li>\n<li>Well-equipped clinics</li>\n<li>The hospitality of Iranians which is usually considered to be the best part of traveling to Iran</li>\n</ul>\n<h3 id=\"a4\" class=\"template-subtitle\">Oral Diseases</h3>\n<p class=\"paragraph-medium paragraph-black template-p\">You need to take care of your teeth. If you don\'t, experiencing one of the dental problems mentioned below is certain. Just consider how many times you use your mouth and teeth every day for eating different kinds of things.&nbsp;</p>\n<ul class=\"template-ul\">\n<li><strong>Tooth Decay: Cavities</strong> which are also known as <strong>Tooth Decay,</strong> are parts of the teeth that are damaged and may even have holes in them. As a result, your teeth will be sensitive when you have a hot, cold, or sweet drink. One way to decrease the number of bacteria and plaque in your mouth is to brush and floss your teeth regularly.</li>\n<li><strong>Gingivitis: Gingivitis</strong> or <strong>Gum Diseases</strong> happen due to poor oral hygiene habits. In this disease, your gums are red and swollen and may bleed when you brush your teeth.&nbsp;</li>\n<li><strong>Periodontitis: </strong>If you don\'t treat <strong>gingivitis,</strong> it may lead to <strong>Periodontitis</strong>, which is more serious.&nbsp;</li>\n</ul>\n<h3 id=\"a5\" class=\"template-subtitle\">Treating Dental Problems</h3>\n<p><strong>Dental health</strong> is related to general health and can help you maintain a healthy body. Oral bacteria can lead to heart disease, premature birth, etc. Therefore, it is necessary to treat oral diseases as early as possible. Also, there are many things you can do to make your teeth look better. Here are short descriptions of the most important ones.&nbsp;</p>\n<ul class=\"template-ul\">\n<li><strong>Braces and Retainers: </strong>If your teeth are crooked and you want a nice-looking smile, an orthodontist can straighten your teeth using braces and retainers.&nbsp;</li>\n<li><strong>Teeth Whitening: </strong>Teeth Whitening can lighten the natural color of your teeth. There are some teeth whitening methods like using whitening toothpaste which you can use at home. But for more professional methods you\'d better let the dentist do the job.&nbsp;</li>\n<li><strong>Cleanings:</strong> It is harder to reach some parts in your mouth, and some tartar or plaque might remain on your teeth during brushing or flossing. Cleaning can remove any debris remaining between your teeth.&nbsp;</li>\n<li><strong>Fillings and Crowns:</strong> If you have a hole, crack or cavity in your tooth, you can repair the damage with a filling. Also, the dentist will use a crown to fill in the gap where a large portion of your teeth has broken off and needs to be removed. In most cases, this process can resolve your problem, but&nbsp;in some rare cases with extreme overbite or underbite, surgery might be a better solution.&nbsp;</li>\n<li><strong>Dental implants: </strong>If you have lost a tooth in an accident or any other occasions, an implant can be used to replace the lost tooth by placing it into the jawbone. Then, a crown which suits your other teeth will be added to give it a more natural look.</li>\n</ul>\n</div>','2019-11-25 11:03:42','2019-11-25 11:03:42'),(1284,'categories','slug',61,'ku','male-fertility','2019-11-25 11:06:44','2019-11-25 11:06:44'),(1285,'categories','title',61,'ku','Male Fertility','2019-11-25 11:06:44','2019-11-25 11:06:44'),(1286,'categories','excerpt',61,'ar','Male infertility refers to weakness in Male reproductive system and to those factors and problems associated with that. Male infertility can have many different causes','2019-11-25 11:06:44','2019-11-25 11:06:44'),(1287,'categories','excerpt',61,'ku','Male infertility refers to weakness in Male reproductive system and to those factors and problems associated with that. Male infertility can have many different causes','2019-11-25 11:06:44','2019-11-25 11:06:44'),(1288,'categories','body',61,'ku','<div id=\"template-content\" class=\"mceTmpl\">\n<ul>\n<li><a href=\"#a1\">What is Infertility in Men?</a></li>\n<li><a href=\"#a2\">Varicocele</a></li>\n<li><a href=\"#a3\">Common Causes of Infertility</a></li>\n<li><a href=\"#a4\">Infertility Treatment</a></li>\n<li><a href=\"#a5\">Why Iran?</a></li>\n</ul>\n<h3 id=\"a1\" class=\"template-subtitle\">What is Infertility in Men?</h3>\n<p class=\"paragraph-medium paragraph-black template-p\">Male infertility refers to weakness in Male reproductive system and to those factors and problems associated with that. Male infertility can have many different causes, such as:</p>\n<h3 class=\"template-subtitle\">Varicocele</h3>\n<h3 id=\"a2\" class=\"template-subtitle\">Infertility symptoms</h3>\n<p class=\"paragraph-medium paragraph-black template-p\">In case you are diagnosed with Infertility (unable to conceive a child), you can get treatment. But first let&rsquo;s take a look at some of the symptoms that can help you to seek help earlier:</p>\n<ul class=\"template-ul\">\n<li><strong>Irregular menstrual periods :&nbsp;</strong>One of the signs which shows that a woman ovulates regularly is having regular menstrual periods (every 21 to 35 days). Ovulation of the egg is necessary for pregnancy. Therefore, if you&rsquo;re trying to conceive a baby and you have irregular menstrual cycles, do not wait until the 12th month and take action and see a doctor to find out the problem.</li>\n<li><strong>Women over 35 :&nbsp;</strong>As women age, they face decreasing in the number of eggs and it is less likely for an egg to be genetically normal. Accordingly, if a couple has been trying to have a baby for 6 months or more and the woman is over 35 years old, they&rsquo;d better be evaluated for infertility.</li>\n<li><strong>&nbsp;A history of sexually transmitted diseases :&nbsp;</strong>A sperm must cross the tubes in order to reach the ovulated egg and fertilize it. Therefore, open tubes are essential to get pregnant naturally. Sexually transmitted diseases such as gonorrhea, can damage fallopian tubes and prevent a proper conception. That is why if the woman has a history of pelvic infection, should get an immediate evaluation if the couple intends to conceive a child.&nbsp;</li>\n</ul>\n<h3 id=\"a3\" class=\"template-subtitle\">Common Causes of Infertility</h3>\n<ul>\n<li><strong>Delaying childbirth:</strong> As discussed previously, the number of eggs will diminish as a woman ages. A woman beyond the age of 45 is unlikely to get pregnant.</li>\n<li><strong>Endometrial polyps:</strong> Endometrial polyps can arise from the inner lining of the uterus and can decrease fertility. In some cases, if the doctor simply removes the polyp, your infertility will be solved.</li>\n<li><strong>&nbsp;Male factor infertility:</strong> If the abnormality of semen is confirmed, the guy should visit a reproductive urologist to get proper treatment.</li>\n<li><strong>Uterine fibroids:</strong> Fibroids are very common among women and have 3 types. Submucosal fibroids are the type that can reduce the chance of pregnancy and need to be treated so that the couple can have a baby.</li>\n</ul>\n<h3 id=\"a4\" class=\"template-subtitle\">Infertility Treatment</h3>\n<p class=\"paragraph-medium paragraph-black template-p\">Couples need to educate themselves about the symptoms of infertility so that they can recognize when to seek help. Aside from that, your doctor can suggest special treatments to aid conceiving a baby:</p>\n<ul class=\"template-ul\">\n<li><strong>Medications:</strong> In order to stimulate egg development and ovulation, your doctor may prescribe special pills or injections. You should use them as you&rsquo;re instructed to enhance the chance of conceiving a baby.</li>\n<li><strong>Insemination:</strong> Insemination is a method in which they take the sperm and prepare it for placement into the uterine cavity. In this case, there is a higher opportunity for the sperm to get closer to the ovulated egg. The man needs to be checked for sperm abnormality, otherwise, the sperm cannot swim and fertilize the egg.&nbsp;</li>\n<li><strong>In Vitro Fertilization:</strong> IVF means &ldquo;outside the body&rdquo; and the reason is that in this process, they collect eggs and fertilize them by sperm outside the body, in the laboratory. They check the eggs again after about 40 hours and if they are fertilized, they will be put back in the woman\'s uterus.&nbsp;</li>\n</ul>\n<h3 id=\"a5\" class=\"template-subtitle\">Why Iran?</h3>\n<p class=\"paragraph-medium paragraph-black template-p\">Aside from <strong>affordable prices</strong> for infertility treatment in Iran (compared to other countries), there are a number of other reasons that you&rsquo;d better consider visiting this country to find the best treatment awaiting you:</p>\n<ul class=\"template-ul\">\n<li>Advanced treatment for infertility</li>\n<li>Knowledgeable and experienced specialists</li>\n<li>Well-equipped hospitals and laboratories</li>\n<li>Beautiful attractions to visit while you are in the city</li>\n</ul>\n</div>','2019-11-25 11:06:44','2019-11-25 11:06:44'),(1289,'categories','slug',34,'ku','Ear-surgery','2019-11-25 11:32:40','2019-11-25 11:32:40'),(1290,'categories','title',34,'ku','Ear  Surgery','2019-11-25 11:32:40','2019-11-25 11:32:40'),(1291,'categories','excerpt',34,'ku','The outer ear is called ‘pinna’ and Pinnaplasty is the surgical procedure which corrects the pinna in case it is prominent or if it has any deformities. This procedure is also known as Otoplasty or cosmetic ear surgery. This procedure does not affect hearing because hearing involves the middle and inner ear but Otoplasty is focused on the outer ear. This procedure involves reshaping or repositioning the ears to make them less prominent and more natural. Keep in mind that prominent ears don’t count as a medical condition however, having this surgery might help you feel more confident. ','2019-11-25 11:32:40','2019-11-25 11:32:40'),(1292,'categories','body',34,'ku','<div id=\"template-content\" class=\"mceTmpl\">\n<ul>\n<li><a href=\"#a1\">What is Pinnaplasty?</a></li>\n<li><a href=\"#a2\">Otoplasty Risks and Side Effects</a></li>\n<li><a href=\"#a3\">Different Otoplasty Types</a></li>\n<li><a href=\"#a4\">Otoplasty Procedure</a></li>\n<li><a href=\"#a5\">Non-surgical Otopalsty</a></li>\n<li><a href=\"#a6\">Good Candidates for Otoplasty</a></li>\n<li><a href=\"#a7\">Otoplasty Preparation</a></li>\n<li><a href=\"#a8\">Otoplasty Recovery</a></li>\n<li><a href=\"#a9\">Why Choose Iran for Your Otoplasty?</a></li>\n<li><a href=\"#a10\">Otoplasty Costs</a></li>\n</ul>\n<h3 id=\"a1\" class=\"template-subtitle\">What is Pinnaplasty?</h3>\n<p class=\"paragraph-medium paragraph-black template-p\">The outer ear is called &lsquo;pinna&rsquo; and <strong>Pinnaplasty</strong> is the surgical procedure which corrects the pinna in case it is prominent or if it has any deformities. This procedure is also known as <strong>Otoplasty</strong> or cosmetic ear surgery. This procedure does not affect hearing because hearing involves the middle and inner ear, but <strong>Otoplasty</strong> is focused on the outer ear. This procedure involves reshaping or repositioning the ears to make them less prominent and more natural. Keep in mind that prominent ears don&rsquo;t count as a medical condition however, having this surgery might help you feel more confident.&nbsp;</p>\n<h3 id=\"a2\" class=\"template-subtitle\"><strong>Otoplasty Risks</strong> and Side Effects</h3>\n<p class=\"paragraph-medium paragraph-black template-p\">Just like any other major surgery <strong>Otoplasty</strong> carries various risks like infection, bleeding, anesthesia risks, asymmetrical ears, scarring. <strong>Otoplasty</strong> can also cause changes in skin sensation or create an unnatural look, making the ears look pinned back.</p>\n<h3 id=\"a3\" class=\"template-subtitle\">Different Otoplasty Types</h3>\n<p class=\"paragraph-medium paragraph-black template-p\"><strong>Otoplasty</strong> has three different types:</p>\n<ul class=\"template-ul\">\n<li><strong>Ear Pinning: </strong>Ear pinning is also called <strong>Otopexy</strong> and it is done to flatten prominent ears.&nbsp;</li>\n<li><strong>Ear augmentation: </strong>If the pinna is underdeveloped the condition is called microtia. <strong>Ear augmentation</strong> is aimed to treat this condition by reconstructing or enlarging the pinna.&nbsp;</li>\n<li><strong>Ear Reduction: </strong>If the pinna is larger than normal, the condition is called macrotia. <strong>Ear reduction surgery</strong>, reduces the size of abnormally large ears by removing cartilage and skin from the ears.</li>\n</ul>\n<h3 id=\"a4\" class=\"template-subtitle\">Otoplasty Procedure</h3>\n<p class=\"paragraph-medium paragraph-black template-p\"><strong>Otoplasty</strong> is usually done under general anesthesia which means that you will be unconscious during the surgery. Depending on the patient&rsquo;s condition the surgeon can either make incisions on the back of the ears or within the inner creases of the ears. After the incisions are made your surgeon will make changes to the ear depending on the condition. At the end, the head will be wrapped with bandages to protect the ears. <strong>Otoplasty</strong> procedure takes a couple of hours.&nbsp;</p>\n<h3 id=\"a5\" class=\"template-subtitle\">Non-surgical Otopalsty</h3>\n<p class=\"paragraph-medium paragraph-black template-p\">The traditional <strong>Otoplasty</strong> involves making incisions and removing excess skin and cartilage however, there is an alternative. <strong>Non-surgical Otoplasty</strong> is performed using only stiches to pin the ears back. These stiches are permanent but not visible or tangible. The upside to this method is that patients can instantly see the results and if they are not satisfied by them, the procedure can be reversed a few days after the initial surgery. <strong>Non-surgical Otoplasty</strong> is done using local anesthesia and you can return to your daily activities within a few days.&nbsp;</p>\n<h3 id=\"a6\" class=\"template-subtitle\">Good Candidates for Otoplasty</h3>\n<p class=\"paragraph-medium paragraph-black template-p\">The ears reach 80% of their adult size by the age of 6. Traditional <strong>Otoplasty</strong> can be performed on patients who are at least 4 years old but <strong>Non-surgical Otoplasty</strong> is more suitable for patients older than 6. During the first two weeks after birth, in case the infant has prominent ears, ear molds can be used to correct the ears since the cartilage is still soft.&nbsp;</p>\n<h3 id=\"a7\" class=\"template-subtitle\">Otoplasty Preparation</h3>\n<p class=\"paragraph-medium paragraph-black template-p\">Before the surgery you need to talk to your surgeon. During the consultation your surgeon will:</p>\n<ul class=\"template-ul\">\n<li>Review your medical history</li>\n<li>Examine your ears</li>\n<li>Take photographs for comparison</li>\n<li>Talk about your expectations</li>\n</ul>\n<p class=\"paragraph-medium paragraph-black template-p\">Also before having surgery you need to avoid taking certain medication like aspirin because they may cause bleeding. You should also stop smoking before the surgery because it slows the healing process and increases the risk of infection. You should also arrange for someone from <strong>MedtourIran</strong> to take you home after the surgery and stay with you for at least one night.</p>\n<h3 id=\"a8\" class=\"template-subtitle\">Otoplasty Recovery</h3>\n<p class=\"paragraph-medium paragraph-black template-p\">After the surgery your ears will be covered with bandages for support and protection. The bandages will be removed after 7-10 days. When the bandages are off, you should wear a headband for 2-6 weeks while sleeping in order to keep the ears pinned back. It is natural if your ears feel sore. If you have severe pain or if there is bleeding, you should immediately contact your doctor. You should also keep your ears clean to minimize the risk of infection. Although your ears might feel itchy you should not touch or rub them so you don&rsquo;t damage the sutures. If you are not satisfied with the results you should talk to your doctor about a revision surgery.</p>\n<h3 id=\"a9\" class=\"template-subtitle\">Why Choose Iran for Otoplasty?</h3>\n<p class=\"paragraph-medium paragraph-black template-p\">The surgeons in Iran are well-educated and highly experienced. Hospitals and clinics in Iran are advanced and very well equipped. Almost any surgery in Iran costs less than any other country, but the difference in the costs doesn&rsquo;t mean that the quality of the services is low. This difference is due to economic factors. Hospitable and kind people, exquisite cuisine, beautiful and breathtaking historical attractions are just few of the many reasons why you should consider Iran as your destination. If you have chosen Iran for your surgery you can contact <strong>MedtourIran</strong> to get consultation and plan your trip.</p>\n<h3 id=\"a10\" class=\"template-subtitle\">Otoplasty Costs</h3>\n<p class=\"paragraph-medium paragraph-black template-p\"><strong>Otoplasty</strong> costs vary widely. <strong>Otoplasty</strong> in Iran costs between 1000$ and 2200$, but if you want to have this surgery in the US it will cost you around 3150$. The cost of <strong>Otoplasty</strong> starts from 1500$ in India, and the average cost of it in Turkey is 2200$. If you want to have this surgery in European countries the average cost is about 2000$. So it is more reasonable to have this surgery in Iran because you will get the same quality of services if not higher but at lower and more affordable prices.</p>\n</div>','2019-11-25 11:32:40','2019-11-25 11:32:40'),(1293,'categories','slug',35,'ku','eyelids-surgery','2019-11-25 12:19:19','2019-11-25 12:19:19'),(1294,'categories','title',35,'ku','Eyelids surgery','2019-11-25 12:19:19','2019-11-25 12:19:19'),(1295,'categories','excerpt',35,'ku','من اثار التقدم في العمر تجمع الدهون تحت الجفون أو فوقها مما ينتج عن هذا الهدل في العيون أو بتعبير آخر تصبح لديك عيون متدلية ذات ترهلات تجعلك تبدو اكبر سنا. تقوم هذة العملية بإزالة جميع الدهون و الجلود الزائدة من الجفون و حول العيون. كما تساعد العملية على تقليل مشاكل الرؤية وتجعل عينك تبدو أصغر سنا. \nالجدير بالذكر أن عملية جراحة العيون التجميلية تساعد على مظهر أجمل و منتعش و لا يحدث تغيير لشكل العيون.\n','2019-11-25 12:19:19','2019-11-25 12:19:19'),(1296,'categories','body',35,'ku','<div id=\"template-content\" class=\"mceTmpl\">\n<ul>\n<li><a href=\"#a1\">What is Blepharoplasty?</a></li>\n<li><a href=\"#a2\">Is Blepharoplasty Dangerous?</a></li>\n<li><a href=\"#a3\">When is Blepharoplasty Needed?</a></li>\n<li><a href=\"#a4\">Blepharoplasty Procedure</a></li>\n<li><a href=\"#a5\">Non-surgical Blepharoplasty</a></li>\n<li><a href=\"#a6\">Recovery from Blepharoplasty</a></li>\n<li><a href=\"#a7\">Blepharoplasty in Iran</a></li>\n</ul>\n<h3 id=\"a1\" class=\"template-subtitle\">What is Blepharoplasty?</h3>\n<p class=\"paragraph-medium paragraph-black template-p\">As you age, your eyelids stretch therefor excess fat may gather below or above the eyelids causing droopy upper lids and bags under the eyes. Sagging skin around your eyes can make you look older and even reduce your peripheral vision. <strong>Blepharoplasty</strong> which is also known as an <strong>eye lift</strong> or <strong>eyelid surgery</strong>, is a cosmetic eye surgery operation that reduces bagginess from lower eyelids and removes excess skin from the upper eyelids. <strong>Blepharoplasty</strong> can also lessen vision problems and make your eyes look younger. Keep in mind that <strong>blepharoplasty</strong> doesn&rsquo;t change the form of the eyes but will help you have a more refreshed and younger look.&nbsp;</p>\n<h3 id=\"a2\" class=\"template-subtitle\">Is Blepharoplasty Dangerous?</h3>\n<p class=\"paragraph-medium paragraph-black template-p\">It&rsquo;s completely normal for the eyelids to swell and bruise after the operation. The surface of the eyeball may also swell. These symptoms will subside after 1 or 2 weeks. For almost 2 weeks your eyes might feel dry which will be treated with eye drops or ointments. It&rsquo;s natural if your sight is a little blurry for a few weeks. If the eyelids become sensitive and red, it&rsquo;s possible that the wound opens and it may become infectious and spread to the whole eyelid. If this happens contact the hospital immediately so the doctors can control the infection by antibiotics. Bleeding after the <strong>blepharoplasty</strong> operation is often very little and will stop after a short while, if the bleeding continues contact the hospital immediately to be treated, severe bleeding around or behind the eye can threaten the vision but it&rsquo;s very rare. In another rare case it&rsquo;s possible that too much skin is removed and the patients has trouble closing the eye, in this case skin must be replaced to correct it or in case any excess skin remains another surgery must be done.&nbsp;</p>\n<h3 id=\"a3\" class=\"template-subtitle\">When is Blepharoplasty Needed?</h3>\n<p class=\"paragraph-medium paragraph-black template-p\">Usually people get their eyelids lifted for one of these reasons:</p>\n<ul class=\"template-ul\">\n<li>To treat the bags under their eyes</li>\n<li>Droopy and saggy eyelids</li>\n<li>Excess skin or wrinkles under their eyes</li>\n<li>Their eyelids make them look older</li>\n<li>To improve their vision</li>\n</ul>\n<h3 id=\"a4\" class=\"template-subtitle\">Blepharoplasty Procedure</h3>\n<p class=\"paragraph-medium paragraph-black template-p\"><strong>Blepharoplasty</strong> is done under either general or local anesthesia and depending on the patient, it can be done on the upper or lower eyelids or both. <strong>Blepharoplasty</strong> procedure includes the steps:</p>\n<ul class=\"template-ul\">\n<li>The incision</li>\n<li>Removing excess skin, removing\\relocating fat and muscle</li>\n<li>Tightening muscles</li>\n<li>Closing the incision</li>\n</ul>\n<p>If the incisions are made using a laser, the procedure is called \'<strong>laser blepharoplasty</strong>\' which reduces the risk of scarring. This method is less painful and bruises less but causes more swelling.&nbsp;</p>\n<h3 id=\"a5\" class=\"template-subtitle\">Non-surgical Blepharoplasty</h3>\n<p class=\"paragraph-medium paragraph-black template-p\"><strong>Non-surgical blepharoplasty</strong> or <strong>plasma therapy</strong> uses PlexR. PlexR is a device that forms plasma to sublimate the excess skin, its energy is delivered only to superficial skin cells without affecting deeper tissues. This method is also called <strong>dynamic blepharoplasty</strong> because during the session the patients are asked to open\\close their eyes thus enabling the doctor to detect the wrinkles that need to be treated it also enables patients to follow the procedure. This method almost has no side effects and according to surveys all of the patients are fully satisfied with the results.</p>\n<h3 id=\"a6\" class=\"template-subtitle\">Recovery from Blepharoplasty</h3>\n<p class=\"paragraph-medium paragraph-black template-p\">At the end of the eyelid surgery, ointments will be applied on the incisions and the stitches. Your eyelids may be painful and feel stretched which is usually mild and will become better by using ordinary painkillers. Contact your doctor if you have severe pain or if your vision is reduced. Using cold compresses for a few days after the surgery will help control the bruising and the swelling. Usually the eyes are most swelled within the first week but the swelling will subside after 2-4 weeks. During the first weeks after the operation sensitivity to light and transient visual changes such as blurry sight may occur which will pass gradually. In the first 2-3 weeks you need to get checked by the doctor frequently. The stitches are usually removed after 4-7 days after the operation, and after the stitches are removed you will look better. Most people will be able to read or watch TV after 1-2 days, generally until 2-3 weeks after the operation contact lenses can&rsquo;t be used, and up to 4 weeks after the operation the eyes are very sensitive to sunshine, wind, and dust and it is better to use big sunglasses and sunscreen. You should limit your activities for the first 4-5 days after the surgery and rest as much as possible.</p>\n<h3 id=\"a7\" class=\"template-subtitle\">Blepharoplasty in Iran</h3>\n<p class=\"paragraph-medium paragraph-black template-p\">After rhinoplasty, <strong>blepharoplasty</strong> is the most common cosmetic surgery in Iran. Iran enjoys highly experienced surgeons and modern clinics and hospitals. Compared to other countries the proceedures are more affordable in Iran, so Iran is a very good choice for <strong>blepharoplasty</strong> or other cosmetic surgeries. If you have chosen Iran for your <strong>blepharoplasty,</strong> you can always ask for help from <strong>MedTourIran</strong> specialists.</p>\n</div>','2019-11-25 12:19:19','2019-11-25 12:19:19'),(1297,'categories','slug',43,'ku','rhinoplasty','2019-11-25 13:03:09','2019-11-25 13:03:09'),(1298,'categories','title',43,'ku','Rhinoplasty','2019-11-25 13:03:09','2019-11-25 13:03:09'),(1299,'categories','excerpt',43,'ku','Rhinoplasty which is also referred to as a nose job is a kind of plastic surgery that can be done to help the patients feel better about their appearance or it might have medical reasons. A nose job can be accompanied by other plastic surgery operations such as blepharoplasty (eyelid surgery) or genioplasty (chin surgery) to enhance the result. Rhinoplasty has become very common among peoples of all nations (especially Iran).','2019-11-25 13:03:09','2019-11-25 13:03:09'),(1300,'categories','body',43,'ku','<div id=\"template-content\" class=\"mceTmpl\">\n<ul>\n<li><a href=\"#a1\">What is Rhinoplasty?</a></li>\n<li><a href=\"#a2\">Types of Rhinoplasty</a></li>\n<li><a href=\"#a3\">Rhinoplasty in Iran</a></li>\n<li><a href=\"#a4\">Best Age For a Nose Job</a></li>\n<li><a href=\"#a5\">Risks of Rhinoplasty</a></li>\n<li><a href=\"#a6\">Rhinoplasty Preparations</a></li>\n<li><a href=\"#a7\">Non-surgical Rhinoplasty</a></li>\n<li><a href=\"#a8\">Different Nose Types </a></li>\n<li><a href=\"#a9\">Common Rhinoplasty Styles</a></li>\n<li><a href=\"#a10\">Recovery from Rhinoplasty</a></li>\n</ul>\n<h3 id=\"a1\" class=\"template-subtitle\">What is Rhinoplasty?</h3>\n<p class=\"paragraph-medium paragraph-black template-p\"><strong>Rhinoplasty</strong> which is also known as a \'<strong>nose job</strong>\' is a plastic surgery aimed to help people feel better about their appearance or it might have medical reasons. A <strong>nose job</strong> can be accompanied by other plastic surgery operations such as blepharoplasty (eyelid surgery) or genioplasty (chin surgery) to enhance the result. <strong>Rhinoplasty</strong> has become very common among peoples of all nations (especially Iran).</p>\n<h3 id=\"a2\" class=\"template-subtitle\">Types of Rhinoplasty</h3>\n<p class=\"paragraph-medium paragraph-black template-p\">Rhinoplasty generally can be divided into 2 categories of \"aesthetic rhinoplasty\" and \"functional rhinoplasty\":</p>\n<ul class=\"template-ul\">\n<ul class=\"template-ul\">\n<ul class=\"template-ul\">\n<li><strong>Aesthetic rhinoplasty</strong> has cosmetic reasons and the patients usually intend to change the appearance of their nose so that it will be in better harmony with other parts of their face and to generally suit their face more. Note that your health insurance might not cover cosmetic surgeries.</li>\n<li><strong>Functional rhinoplasty</strong> can be done for medical problems; for instance, to improve breathing or correct a birth defect.</li>\n</ul>\n</ul>\n</ul>\n<p>We can also put a nose surgery into 2 groups of primary and secondary or revision rhinoplasty.</p>\n<ul class=\"template-ul\">\n<ul class=\"template-ul\">\n<ul class=\"template-ul\">\n<ul class=\"template-ul\">\n<li>Primary rhinoplasty. If it is the first time that you are having rhinoplasty, it\'s called primary rhinoplasty; whether it\'s aesthetic or functional.</li>\n<li>Secondary rhinoplasty indicates that you have already gotten a nose job, but it wasn\'t successful (which is not that common) and you need to reshape your nose due to problems like asymmetry, pinched tip, etc. That\'s why it is also called a revision rhinoplasty. The latter usually involves a more difficult procedure since the surgeon must recreate the nasal support that was probably destroyed in the primary rhinoplasty.</li>\n</ul>\n</ul>\n</ul>\n</ul>\n<h3 id=\"a3\" class=\"template-subtitle\">Rhinoplasty in Iran</h3>\n<p class=\"paragraph-medium paragraph-black template-p\"><strong>Rhinoplasty</strong> is the most common cosmetic surgery in Iran, Iran is known as \'the nose job capital of the world\' and there must be a good reason for that. We might be able to say that nose surgery has become a part of a fashion trend these days and the main reason that nose surgery has become very popular among Iranians is their Persian nose. It is usually identified with a large nose with a hump while most people prefer the European nose which results in increasing rate of nose surgery in Iran. Recently people from all over the world, especially the Middle East, have shown a special interest in flocking to Iran for their <strong>nose job</strong>. The cause of this high demand can be traced to the following reasons:</p>\n<ul class=\"template-ul\">\n<ul class=\"template-ul\">\n<ul class=\"template-ul\">\n<ul class=\"template-ul\">\n<li>The high-quality plastic surgery that patients experience in Iran plays an important role in this matter.</li>\n<li>Surgeon\'s experience is important in predicting success rates. Iranian surgeons are well-educated and highly-experienced in this area which is no wonder if you consider the number of people they deal with every day.</li>\n<li>High levels of clinical care is another reason for the popularity of <strong>rhinoplasty</strong> in Iran.</li>\n<li>You can do the operation in the capital city of Iran, Tehran, and its other big towns such as Mashhad, Shiraz, Isfahan, etc. Therefore, aside from dealing with medical issues, you can also take a tour of these historical towns and visit their top attractions while you are in the city.</li>\n</ul>\n</ul>\n</ul>\n</ul>\n<h3 id=\"a4\" class=\"template-subtitle\">Best Age for a Nose Job</h3>\n<p class=\"paragraph-medium paragraph-black template-p\">If you have a medical reason for getting surgery, a <strong>nose job</strong> can be done at younger ages; However, if you solely want to get a <strong>nose job</strong> to look better and improve your appearance, the proper age for girls is about age 15 and a bit older in case of boys.</p>\n<h3 id=\"a5\" class=\"template-subtitle\">Risks of Rhinoplasty</h3>\n<p class=\"paragraph-medium paragraph-black template-p\">No surgery is risk-free and <strong>rhinoplasty</strong> is no exception. <strong>Rhinoplasty</strong> can cause:</p>\n<ul class=\"template-ul\">\n<li>A numb nose</li>\n<li>Breathing difficulties</li>\n<li>Bleeding</li>\n<li>Infection</li>\n<li>Dissatisfaction with the final resault</li>\n</ul>\n<p class=\"paragraph-medium paragraph-black template-p\">If you are not satisfied with your nose after the operation, you might want a second surgery which can be done, but in this case, you should wait until your nose is fully healed (maybe a year) and then get prepared for the second operation.</p>\n<h3 id=\"a6\" class=\"template-subtitle\">Rhinoplasty Preparations</h3>\n<ul class=\"template-ul\">\n<ul class=\"template-ul\">\n<ul class=\"template-ul\">\n<ul class=\"template-ul\">\n<li>First, you meet with a surgeon and discuss the details about your medical conditions, if getting a <strong>nose job</strong> is a good choice for you and how you want your nose to look after the surgery.</li>\n<li>Your surgeon will closely examine the skin on the inside and outside of your nose and might ask you to get a blood test.</li>\n<li>In addition to that, they might take pictures of your nose from various angles to use them during the surgery or to make comparisons and assess the results after a while.</li>\n<li>Remember not to take medicines or painkillers (before or after the operation) without consulting your surgeon.</li>\n<li>A <strong>nose job</strong> can be done in a hospital or a doctor\'s office.</li>\n<li>You&rsquo;ll either be unconscious during the surgery or your surgeon will numb your face, but you\'ll stay awake.</li>\n<li>Then the operation and reshaping of your nose will be started and it can take 1 to 2 hours or even longer if the procedure is more complex.</li>\n</ul>\n</ul>\n</ul>\n</ul>\n<h3 id=\"a7\" class=\"template-subtitle\">Non-surgical Rhinoplasty</h3>\n<p class=\"paragraph-medium paragraph-black template-p\">Surgeons can non-surgically reshape the nose with dermal fillers and make improvements that will last up to a year. A skilled surgeon can smooth out bumps, reshape the nose&rsquo;s tip and improve its symmetry. It is important to keep in mind that the results are temporary but many unnecessary <strong>rhinoplasty</strong> operations can be avoided using this cost-effective approach and avoid extra expenses and side effects. You can also use this method to test out a nose reshaping before committing to the permanent changes.</p>\n<h3 id=\"a8\" class=\"template-subtitle\">Nose types</h3>\n<p class=\"paragraph-medium paragraph-black template-p\">Noses can be divided into two categories: bony noses and meaty ones. The difference between these two types is in the thickness of the skin. Meaty noses have thicker skin. In the <strong>rhinoplasty</strong> of a bony nose small changes will have significant results.</p>\n<h3 id=\"a9\" class=\"template-subtitle\">Common Rhinoplasty Styles</h3>\n<p class=\"paragraph-medium paragraph-black template-p\">There are three types of nose jobs: a natural nose job, a fantasy nose job and a semi-fantasy nose job. Usually meaty noses get natural nose jobs where smaller changes are applied. Those who have small faces are more suitable for a fantasy nose job which results in a small and upturned nose.</p>\n<h3 id=\"a10\" class=\"template-subtitle\">Recovery from Rhinoplasty</h3>\n<ul class=\"template-ul\">\n<ul class=\"template-ul\">\n<ul class=\"template-ul\">\n<li>You will return home and it\'s necessary to follow your doctor\'s instructions.</li>\n<li>Get enough rest and let the bone tissues heal after being cut.</li>\n<li>Your surgeon might prescribe medications to alleviate pain.</li>\n<li>It usually takes one week before you can go outside and the bruising around your eyes will heal in the second week.</li>\n<li>If the surgeon hasn\'t used dissolvable stitches, you\'ll need to see your doctor again a week after surgery to get the stitches taken out.</li>\n<li>Your doctor will inform you to avoid running, swimming, laughing, wearing eyeglasses or blowing your nose.</li>\n<li>Above all, you need to avoid sun exposure as the skin around your nose is more prone to sun damage after the surgery.</li>\n<li>You can also use cold compresses after the operation to decrease swelling.</li>\n<li>Finally remember that it can take a whole year before you can see the final result of the surgery. So don\'t be so quick to judge your new nose and give it enough time to fully recover and become a normal nose again.</li>\n</ul>\n</ul>\n</ul>\n<p class=\"paragraph-medium paragraph-black template-p\">If you\'re considering <strong>rhinoplasty</strong> and you\'ve chosen to do it in Iran, you can always ask for help from <strong>MedTourIran</strong> specialists and consult a surgeon to decide what is best for you.</p>\n</div>','2019-11-25 13:03:09','2019-11-25 13:03:09'),(1301,'categories','slug',50,'ku','hair-transplant','2019-11-25 13:14:50','2019-11-25 13:14:50'),(1302,'categories','title',50,'ku','Hair transplant','2019-11-25 13:14:50','2019-11-25 13:14:50'),(1303,'categories','excerpt',50,'ku','Hair has a huge impact on your appearance and that’s why many people who deal with hair loss are looking for a permanent solution to stop this process once and for all. Today, surgeons can do this by transplanting the healthy hairs into the balding part of the body. This procedure is called hair transplant and usually is not done all of a sudden; meaning that a few hairs at a time is taken and will be implanted to areas of hair loss. This process gives the hair a natural look compared to the hair transplantation in 70s and 80s.','2019-11-25 13:14:50','2019-11-25 13:14:50'),(1304,'categories','body',50,'ku','<div id=\"template-content\" class=\"mceTmpl\">\n<ul>\n<li><a href=\"#a1\">What is Hair Transplant?</a></li>\n<li><a href=\"#a2\">Hair Transplant Procedure</a></li>\n<li><a href=\"#a3\">Why Choose Iran?</a></li>\n<li><a href=\"#a4\">Are You The Right Candidate for a Hair Transplant?</a></li>\n<li><a href=\"#a5\">Hair Transplant Risks</a></li>\n<li><a href=\"#a6\">Hair Transplant Results</a></li>\n</ul>\n<h3 id=\"a1\" class=\"template-subtitle\">What is Hair Transplant?</h3>\n<p class=\"paragraph-medium paragraph-black template-p\">Hair has a significant impact on your appearance. Due to this impact, many people who deal with hair loss are looking for a permanent solution to stop this process once and for all. Today, surgeons can deal with hair loss by transplanting healthy hairs into the balding part of the body. This procedure is called <strong>hair transplant</strong> and usually is not done all of a sudden; meaning that hairs will be implanted over time. This process gives the hair a natural look compared to the <strong>hair transplantation</strong> in the 70s and 80s.</p>\n<p class=\"paragraph-medium paragraph-black template-p\">Back then, it was quite noticeable, and people could quickly notice if someone&rsquo;s hair was not natural. Today, thanks to the advances in this area, people (maybe not even your barber) can hardly tell the difference. <strong>Hair transplant</strong> is the most common cosmetic surgery procedure performed on men since they usually tend to go bald sooner. Hair loss isn&rsquo;t specific to men, and women can also experience it at any age.</p>\n<h3 id=\"a2\" class=\"template-subtitle\">Hair Transplant Procedure</h3>\n<ul class=\"template-ul\">\n<li><strong>Hair transplant</strong> is generally safe and can take between 4 to 8 hours.</li>\n<li>Usually, the dermatologist only uses local anesthesia which makes the scalp numb, but you will remain awake during the entire surgery.</li>\n<li>As we mentioned before, the surgeon will remove healthy hairs, and place them in the thinning areas.</li>\n<li>When the transplantation is finished, the surgeon will bandage your scalp, and give you the necessary instructions to follow at home.</li>\n</ul>\n<h3 id=\"a3\" class=\"template-subtitle\">Why Choose Iran?</h3>\n<p class=\"paragraph-medium paragraph-black template-p\">In a <strong>hair transplant</strong> procedure, a correct distance, angle, and density play an important role in getting a natural outcome. In general, the result of your <strong>hair transplant</strong> depends a lot on the surgeon you choose. This is why many people select Iran for their surgery. Other reasons that make Iran a perfect destination for a <strong>hair transplant</strong> include:</p>\n<ul class=\"template-ul\">\n<li>Experienced surgeons</li>\n<li>Affordable costs of <strong>hair transplant</strong> in Iran (compared to other countries)</li>\n<li>Its exceptional and incomparable attractions</li>\n</ul>\n<h3 id=\"a4\" class=\"template-subtitle\">Are You The Right Candidate for a Hair Transplant?</h3>\n<p class=\"paragraph-medium paragraph-black template-p\">Regardless of your gender or the cause of your hair loss (heredity, medical problems, etc.), you can be a good candidate for a <strong>hair transplant</strong> if:</p>\n<ul class=\"template-ul\">\n<li>There is enough healthy hair on your scalp for the surgeon to use and transfer to the thinning areas.</li>\n<li>The balding areas should have the capacity to grow hair on them.</li>\n</ul>\n<p class=\"paragraph-medium paragraph-black template-p\">Your dermatologist will carefully examine your scalp and inform you if you have both conditions. Your doctor may also ask you to take a blood test to find out the cause of your hair loss. According to the results of the tests and exams, the dermatologist can almost tell you what to expect after the <strong>hair transplant</strong>. Expecting a full head of hair is quite unrealistic, but your hair and the balding areas will surely look better and fuller after the <strong>hair transplant</strong>.</p>\n<h3 id=\"a5\" class=\"template-subtitle\">Hair Transplant Risks</h3>\n<p class=\"paragraph-medium paragraph-black template-p\"><strong>Hair transplant</strong> should be done in a hospital setting to decrease the possible risks. Hair transplant includes risks such as:</p>\n<ul class=\"template-ul\">\n<li>Infection</li>\n<li>Swelling</li>\n<li>Bruising</li>\n<li>Itching</li>\n<li>Scarring</li>\n</ul>\n<p>If you choose an experienced plastic surgeon for your<strong> hair transplant</strong>, complications are less likely to happen. Any other problems like bruising or numbness in the balding areas of your head will subside within 2-3 months after the surgery.</p>\n<h3 id=\"a6\" class=\"template-subtitle\">Hair Transplant Results</h3>\n<p class=\"paragraph-medium paragraph-black template-p\">Usually, patients can see results between 2 and 8 months after the <strong>hair transplant</strong>. Although it might take almost 12 months for some people. Moreover, it is completely normal for the transplanted hair to fall out between 2 and 8 weeks after the surgery (shock loss) and grow again later. So, don&rsquo;t panic!</p>\n<p class=\"paragraph-medium paragraph-black template-p\">Also, by the third month, your hair may look thinner compared to the way it looked before the <strong>hair transplantation</strong>. Again, don&rsquo;t worry and be patient. Your dermatologist might prescribe medication to aid your hair loss and help you keep your natural-looking results.</p>\n</div>','2019-11-25 13:14:50','2019-11-25 13:14:50'),(1305,'categories','slug',52,'ku','liposuction','2019-11-25 13:24:55','2019-11-25 13:24:55'),(1306,'categories','title',52,'ku','Liposuction','2019-11-25 13:24:55','2019-11-25 13:24:55'),(1307,'categories','excerpt',52,'ku','Liposuction is a cosmetic surgery in which fat is removed from certain areas of the body','2019-11-25 13:24:55','2019-11-25 13:24:55'),(1308,'categories','body',52,'ku','<div id=\"template-content\" class=\"mceTmpl\">\n<ul>\n<li><a href=\"#a1\">Liposuction Defenition</a></li>\n<li><a href=\"#a2\">Risks and Side Effects</a></li>\n<li><a href=\"#a1\">Liposuction </a><a href=\"#a3\">Types</a></li>\n<li><a href=\"#a4\">Preparations</a></li>\n<li><a href=\"#a5\">Recovery</a></li>\n<li><a href=\"#a1\">Liposuction </a><a href=\"#a6\">Cost</a></li>\n<li><a href=\"#a8\">Good Candidates for Liposuction</a></li>\n</ul>\n<h3 id=\"a1\" class=\"template-subtitle\">What is Liposuction?</h3>\n<p class=\"paragraph-medium paragraph-black template-p\">Lipo means fat and <strong>Liposuction</strong> is a cosmetic surgery in which fat is removed from certain areas of the body. <strong>Liposuction</strong> will help you get rid of fat that you haven&rsquo;t been able to get rid of with diet or exercise. However, keep in mind that this surgery won&rsquo;t help you get rid of cellulite. Also, <strong>Liposuction</strong> shouldn&rsquo;t be considered a solution for weight loss. <strong>Lipoplasty</strong> is a Liposuction technique in which ultrasonic waves are used to liquefy the fat under the skin before removing it. This method makes the fat easier to remove, so <strong>Ultrasonic-Assisted Lipoplasty</strong> (UAL) is an enhancement to Liposuction. <strong>Liposuction</strong> is used to remove fat from areas such as:</p>\n<ul class=\"template-ul\">\n<li>Abdomen</li>\n<li>Buttocks</li>\n<li>Hips and thighs</li>\n<li>Chin and neck</li>\n<li>Breasts</li>\n</ul>\n<div id=\"template-images\" class=\"row\">\n<div class=\"col-md-4\">\n<div class=\"theme-img template-image\"><img alt=\"\" /></div>\n</div>\n</div>\n<h3 id=\"a2\" class=\"template-subtitle\">Risks and Side Effects of Liposuction</h3>\n<p class=\"paragraph-medium paragraph-black template-p\">Just like any other surgery, <strong>Liposuction</strong> also carries risks such as:</p>\n<ul class=\"template-ul\">\n<li>Infection, which is rare</li>\n<li>Bleeding</li>\n<li>Anesthesia risks</li>\n<li>Fluid accumulation</li>\n<li>Numbness</li>\n<li>Blood clots</li>\n<li>Fat embolism</li>\n</ul>\n<p class=\"paragraph-medium paragraph-black template-p\">If fat is removed unevenly, or due to skin&rsquo;s poor elasticity, the skin can become bumpy, which may be everlasting.</p>\n<h3 id=\"a3\" class=\"template-subtitle\">Different Liposuction Types</h3>\n<p class=\"paragraph-medium paragraph-black template-p\">Based on your expectations, the areas treated, and other factors, your <strong>Liposuction</strong> will be done using different techniques. Different <strong>Liposuction</strong> types are:</p>\n<ul class=\"template-ul\">\n<li>Tumescent Liposuction (the most common type)</li>\n<li>Ultrasound-Assisted Liposuction (UAL) also known as <strong>Lipoplasty</strong></li>\n<li>Laser-Assisted Liposuction (LAL)</li>\n<li>Power-Assisted Liposuction (PAL)</li>\n</ul>\n<h3 id=\"a4\" class=\"template-subtitle\">Liposuction Preparations</h3>\n<p class=\"paragraph-medium paragraph-black template-p\">Before the surgery, your surgeon might ask you to stop taking certain medications. You should discuss your expectations with your surgeon and ask any questions you have. Your surgeon will check your medical history and might take photos to use for comparison. If you are not having a lot of fat removed, you might not need a hospital stay and should arrange for someone to drive you home after the surgery.</p>\n<h3 id=\"a5\" class=\"template-subtitle\">Recovering from Liposuction</h3>\n<p class=\"paragraph-medium paragraph-black template-p\">You&rsquo;re likely to experience pain, swelling, and bruising after the surgery. Your surgeon may prescribe painkillers, and antibiotics to reduce the risk of infection. The swelling usually subsides within a few weeks, and after a few months, the treated areas will have a leaner appearance. You can return to your daily activities within two weeks. <strong>Liposuction</strong> results will generally last as long as you maintain your weight, but if you gain weight, your body&rsquo;s fat distribution may change.</p>\n<h3 id=\"6\" class=\"template-subtitle\">Liposuction cost</h3>\n<p>&nbsp;</p>\n<h3 id=\"a6\" class=\"template-subtitle\">Liposuction Alternatives</h3>\n<p class=\"paragraph-medium paragraph-black template-p\"><strong>Liposuction</strong> has a less invasive alternative called <strong>Non-Surgical Fat Reduction</strong> or <strong>Non-Surgical Liposuction</strong>. <strong>Liposuction</strong> involves a small incision and sucking out the fat through a tube. <strong>Non-Surgical Fat Reduction</strong> uses heat, lasers, cooling, or sound waves to destroy fat cells and melt the fat away. <strong>Non-Surgical Liposuction</strong> almost has no recovery time but can&rsquo;t affect large areas of fat. This method should be used when the patient doesn&rsquo;t want to undergo surgery. Another alternative for <strong>Liposuction</strong> is <strong>water-assisted body sculpting</strong> known as <strong>body jet</strong> which uses pressurized water streams to wash out the fat.</p>\n<h3 id=\"a7\" class=\"template-subtitle\">Liposuction in Iran</h3>\n<p class=\"paragraph-medium paragraph-black template-p\"><strong>Liposuction</strong> is among the top five cosmetic surgeries done in Iran, and the cost of this surgery in Iran is considerably lower than in other countries. Iran enjoys highly educated and highly experienced surgeons, modern clinics and hospitals, and offers high-quality medical services. Iran is also a great country to travel to due to its rich culture and history, hospitable people, amazing architecture and much more. So when it comes to undergoing surgery at a considerably lower price but with the same quality, Iran can be an excellent choice. If you&rsquo;re considering Iran for your <strong>Liposuction</strong>, you can contact <strong>MedTourIran</strong> to get a consultation and plan your trip.</p>\n<h3 id=\"a8\" class=\"template-subtitle\">Good Candidates for Liposuction</h3>\n<p class=\"paragraph-medium paragraph-black template-p\">You might be the right candidate for<strong> Liposuction</strong> if:</p>\n<ul class=\"template-ul\">\n<li>There are fat areas in your body that are stubborn and won&rsquo;t go away no matter how much you exercise or diet</li>\n<li>Your weight is stable</li>\n<li>&nbsp;You are not using <strong>Liposuction</strong> as a weight-loss method and have realistic expectations</li>\n<li>You are within 30% of your ideal weight</li>\n<li>You have firm and elastic skin</li>\n<li>You don&rsquo;t have medical conditions that will impact the healing process</li>\n</ul>\n<p class=\"paragraph-medium paragraph-black template-p\">&nbsp;</p>\n</div>','2019-11-25 13:24:55','2019-11-25 13:24:55'),(1309,'categories','slug',54,'ku','breast-lift','2019-11-26 07:22:35','2019-11-26 07:22:35'),(1310,'categories','title',54,'ku','Breast Lift','2019-11-26 07:22:35','2019-11-26 07:22:35'),(1311,'categories','excerpt',54,'ku','Breast Lift, also known as Mastopexy, is a cosmetic procedure aiming to raise sagging breasts. This procedure helps women feel more confident by reshaping their breasts for a more youthful look. Sagging breasts can be caused by aging, weight loss, or breastfeeding. The difference between a breast lift and a breast reduction is that in a breast lift surgery only excess tissue is removed. You should with a plastic surgeon to decide which one is best for you but sometimes both surgeries are done together. ','2019-11-26 07:22:35','2019-11-26 07:22:35'),(1312,'categories','body',54,'ku','<div id=\"template-content\" class=\"mceTmpl\">\n<ul>\n<li><a href=\"#a1\">Breast Lift Definition</a></li>\n<li><a href=\"#a2\">Good Candidates for Breast Lift</a></li>\n<li><a href=\"#a3\">Breast Lift Alternatives (Non-Surgical Breast Lift)</a></li>\n<li><a href=\"#a4\">Breast Lift Risks and Complications</a></li>\n<li><a href=\"#a5\">Breast Lift Preparations</a></li>\n<li><a href=\"#a6\">Breast Lift Options</a></li>\n<li><a href=\"#a7\">Recovery from Breast Lift</a></li>\n<li><a href=\"#a8\">Breast Lift Costs</a></li>\n</ul>\n<h3 id=\"a1\" class=\"template-subtitle\">Breast Lift Definition</h3>\n<p class=\"paragraph-medium paragraph-black template-p\"><strong>Breast Lift</strong>, also known as <strong>Mastopexy</strong>, is a cosmetic procedure done to raise sagging breasts. This procedure helps women feel more confident by reshaping their breasts to have a more youthful look. Sagging breasts can be caused by aging, weight loss, or breastfeeding. The difference between a <strong>breast lift</strong> and a <strong>breast reduction</strong> is that in a <strong>breast lift surgery</strong>, only excess skin is removed. However, in breast reduction, the actual breast tissue is removed. You should consult with a plastic surgeon to decide which one is best for you, but sometimes both surgeries are done together.&nbsp;</p>\n<h3 id=\"a2\" class=\"template-subtitle\">Good Candidates for Breast Lift</h3>\n<p class=\"paragraph-medium paragraph-black template-p\">A <strong>breast lift</strong> might be right for you if:</p>\n<ul class=\"template-ul\">\n<li>You have sagging breasts</li>\n<li>Your nipples point downward</li>\n<li>You have uneven breasts, or one is lower than the other</li>\n</ul>\n<p>Keep in mind that if you want to get pregnant, this surgery might not be right for you because pregnancy eliminates the effect of a <strong>breast lift</strong>.&nbsp;</p>\n<h3 id=\"a3\" class=\"template-subtitle\"><strong>Breast Lift Alternatives</strong> (Non-Surgical Breast Lift)</h3>\n<p class=\"paragraph-medium paragraph-black template-p\">There is a way to lift sagging breasts without having surgery. This alternative procedure uses PRP (Platelet Rich Plasma) and radiofrequency waves to lift the breasts. This method is also known as \'Vampire Breast Lift.\' Vampire Breast lift method doesn\'t need general anesthesia. Also, there is no downtime. This approach will increase breast and nipple sensitivity, reduce wrinkles, and it will lift sagging breasts without any surgery. For optimal results, a <strong>vampire breast lift</strong> is combined with microneedling or laser resurfacing.&nbsp;</p>\n<h3 id=\"a4\" class=\"template-subtitle\">Breast Lift Risks and Complications</h3>\n<p class=\"paragraph-medium paragraph-black template-p\">All major surgeries have risks, and breast lift surgery is not an exception. Some of this surgery\'s risks are:</p>\n<ul class=\"template-ul\">\n<li>Scarring. The scars will fade over time but will not disappear completely. However, the scars can become thick and wide due to poor healing.</li>\n<li>Difficulty breastfeeding</li>\n<li>Asymmetrical breasts</li>\n<li>Changes in nipple or breast sensation</li>\n<li>Bleeding</li>\n<li>Anesthesia risks</li>\n<li>Infection</li>\n</ul>\n<h3 id=\"a5\" class=\"template-subtitle\">Breast Lift Preparations</h3>\n<p class=\"paragraph-medium paragraph-black template-p\">During your consultation, your plastic surgeon will:</p>\n<ul class=\"template-ul\">\n<li>Review your medical history. Your surgeon will ask about your current and past medical conditions. You should notify your surgeon if you have a family history of breast cancer.</li>\n<li>Examine your breasts. Your doctor will examine your breasts to determine the best approach for your surgery.&nbsp;</li>\n<li>Talk to you about your expectations. You should talk about why you want to have this surgery and what you are hoping for as a result.</li>\n<li>Take photographs for your medical record.</li>\n</ul>\n<p>Also, before the surgery, you need to stop smoking and avoid taking particular medication like aspirin (because it can increase bleeding).</p>\n<h3 id=\"a6\" class=\"template-subtitle\">Breast Lift Options</h3>\n<p class=\"paragraph-medium paragraph-black template-p\">Depending on the patient\'s condition, there are three types of <strong>breast lift</strong>:</p>\n<ul class=\"template-ul\">\n<li><strong>Periareolar incision</strong>: This approach is best for those who have large areolas and minimal breast sagging.</li>\n<li><strong>Vertical breast reduction incision</strong>: This approach is more suitable for patients with moderate sagging in their breasts.</li>\n<li><strong>Inverted-T incision: </strong>This approach, in which the maximum breast lift is obtained, is the most common one.</li>\n</ul>\n<h3 id=\"a7\" class=\"template-subtitle\">Recovery from Breast Lift</h3>\n<p class=\"paragraph-medium paragraph-black template-p\">During the first few days after the surgery, you can take painkillers that are recommended by your doctor to help with the pain. You might feel numb for up to six weeks. Your breasts will also swell and bruise, but these symptoms will subside after about two weeks. Your surgeon might place small tubes at the incision sites to drain excess blood or fluid. Your surgeon will usually remove the tubes after a few days. If your surgeon hasn\'t used dissolvable stitches, you need to visit your doctor to have your stitches removed, usually 1-2 weeks after the surgery. Keep in mind that the results of a <strong>breast lift</strong> are not permanent because as you age, your skin becomes less elastic.</p>\n<h3 id=\"a8\" class=\"template-subtitle\">Breast Lift Costs</h3>\n<p class=\"paragraph-medium paragraph-black template-p\">The cost of this cosmetic surgery starts from about $2100, $2900, $2300, $3000 and $3600 in India, Turkey, UK, Mexico, and Thailand, respectively. The <strong>breast lift surgery</strong> costs averagely about $3300 in European countries. In Iran, this surgery is done at the same quality, but the price of it starts from $1600.&nbsp;</p>\n</div>','2019-11-26 07:22:35','2019-11-26 07:22:35'),(1313,'categories','slug',55,'ku','plastic-surgery','2019-11-26 07:31:35','2019-11-26 07:31:35'),(1314,'categories','title',55,'ku','plastic surgery','2019-11-26 07:31:35','2019-11-26 07:31:35'),(1315,'categories','excerpt',55,'ku','Did you know that the word “plastic” in plastic surgery comes from the Greek word “plastikos” which means “the art of modeling” and has nothing to do with the plastic (synthetic material) you probably have in mind? Plastic surgery can be done for cosmetic/aesthetic reasons or to reconstruct a part of the body. ','2019-11-26 07:31:35','2019-11-26 07:31:35'),(1316,'categories','body',55,'ku','<div id=\"template-content\" class=\"mceTmpl\">\n<ul>\n<li><a href=\"#a1\">What is Plastic Surgery?</a></li>\n<li><a href=\"#a2\">Reconstructive surgery</a></li>\n<li><a href=\"#a3\">Why Choose Iran?</a></li>\n</ul>\n<h3 id=\"a1\" class=\"template-subtitle\">What is Plastic Surgery?</h3>\n<p class=\"paragraph-medium paragraph-black template-p\">Did you know that the word &ldquo;<strong>plastic</strong>&rdquo; in <strong>plastic surgery</strong> comes from the Greek word &ldquo;<strong>plastikos</strong>&rdquo;? Plastikos means &ldquo;<strong>the art of modeling</strong>&rdquo; and has nothing to do with the plastic (synthetic material) you probably have in mind. <strong>Plastic surgery</strong> can be done for cosmetic/aesthetic reasons or to reconstruct a part of the body.&nbsp;</p>\n<h3 id=\"a2\" class=\"template-subtitle\">Reconstructive Surgery<a class=\"imp\" href=\"https://medtouriran.com/en/blogs/9/what-is-reconstructive-surgery\">Read More</a></h3>\n<p class=\"paragraph-medium paragraph-black template-p\"><strong>Reconstructive surgery</strong> aims to repair the defects and improve the functioning of your body, such as:</p>\n<ul class=\"template-ul\">\n<li>Tumor removal&nbsp;</li>\n<li>Hand surgery</li>\n<li>Burn surgery</li>\n</ul>\n<h3 id=\"a3\" class=\"template-subtitle\">Cosmetic Surgery<a class=\"imp\" href=\"https://medtouriran.com/en/blogs/10/what-is-cosmetic-surgery\">Read More</a></h3>\n<p class=\"paragraph-medium paragraph-black template-p\"><strong>Cosmetic surgery</strong> aims to improve the overall appearance and remove signs of aging. <strong>Cosmetic surgeries</strong> are done voluntarily. The word &ldquo;surgery&rdquo; doesn&rsquo;t necessarily mean that surgeons cut a part of the body. Botox is a good example of this type of surgery. The most popular <strong>cosmetic procedures</strong> include:</p>\n<ul class=\"template-ul\">\n<li>Rhinoplasty (nose job).<a class=\"imp\" href=\"https://medtouriran.com/en/procedures/43/rhinoplasty\">Read More</a></li>\n<li>Facelift (delaying the visible signs of aging)</li>\n<li>Breast enhancement<a class=\"imp\" href=\"https://medtouriran.com/en/procedures/16/breast-surgery\">Read More</a></li>\n<li>Genioplasty (chin surgery)</li>\n<li>Laser skin resurfacing</li>\n<li>Liposuction (fat removal)<a class=\"imp\" href=\"https://medtouriran.com/en/procedures/52/liposuction\">Read More</a></li>\n<li>Botox</li>\n<li>Laser hair removal</li>\n</ul>\n<h3 id=\"a4\" class=\"template-subtitle\">Why Choose Iran?</h3>\n<p class=\"paragraph-medium paragraph-black template-p\">According to many people, Iran is the best country to have <strong>plastic surgery</strong> in the Middle East. Thus, travelers in the Middle East often head to Iran for liposuction, rhinoplasty, and other kinds of plastic surgery. Iran has become a reference for <strong>plastic surgery</strong> in the Middle East and attracts tourists from all over the world. It is estimated that more than 30,000 <strong>plastic surgeries</strong> are performed per year in the country. This high demand can be due to the following reasons:</p>\n<ul class=\"template-ul\">\n<li><strong>Skilled Doctors: </strong>The choice of the best plastic surgeon plays an important and crucial role in surgeries and leads to favorable results. Iranian doctors are trained in the country&rsquo;s top medical universities. Thanks to Iranian surgeon&rsquo;s unique set of skills, and the latest medical technology at world-class facilities, they perform More than 30,000 plastic surgeries per year.<a class=\"imp\" href=\"https://medtouriran.com/en/services/doctors\">More Info</a></li>\n<li><strong>Low Costs: Plastic surgery</strong> is usually not covered by insurance. As a result, the costs can be quite outrageous. One of the primary reasons to travel to Iran for surgery is that <strong>plastic surgery</strong> costs in Iran are more affordable. People can generally expect to save at least 60% when performing <strong>plastic surgery</strong> in Iran as compared to Western countries. These costs include all the travel expenses like airfares, hotel, and food during one&rsquo;s stay.</li>\n<li><strong>Low Waiting Period: </strong>The waiting times for procedures in Iran are usually non-existent. Compare this to the Western nations, for instance, in Canada. It takes a patient about four weeks to consult a specialist, whereas, in Iran, the patients have immediate access to a specialist. Many people use medical tourism in Iran as an option to get procedures done faster when they are fed up with the waiting times in their native countries.</li>\n<li><strong>Privacy: </strong>Privacy is another reason to have <strong>plastic surgery</strong> away from home. Most of us do not wish to run into our neighbors while recovering. In Iran, you will be able to recuperate in peace and do some sightseeing in the city.</li>\n</ul>\n</div>','2019-11-26 07:31:35','2019-11-26 07:31:35'),(1317,'tags','title',25,'ar','تجميل الأنف','2019-11-26 07:54:08','2019-11-26 07:54:08'),(1318,'tags','title',26,'ar','عملية تجميل الأنف في إيران','2019-11-26 07:55:00','2019-11-26 07:55:00'),(1319,'tags','title',27,'ar','تكلفة عملية تجميل الأنف','2019-11-26 07:55:33','2019-11-26 07:55:33'),(1320,'tags','title',28,'ar','الجراحة التجميلية في إيران','2019-11-26 07:55:57','2019-11-26 07:55:57'),(1321,'posts','seo_title',16,'ar','Rhinoplasty (nose job) in Iran','2019-11-26 07:56:41','2019-11-26 07:56:41'),(1322,'posts','seo_title',16,'ku','Rhinoplasty (nose job) in Iran','2019-11-26 07:56:41','2019-11-26 07:56:41'),(1323,'posts','meta_description',16,'ar','Rhinoplasty (nose job) in Iran- Compare prices of the rhinoplasty','2019-11-26 07:56:41','2019-11-26 07:56:41'),(1324,'posts','meta_description',16,'ku','Rhinoplasty (nose job) in Iran- Compare prices of the rhinoplasty','2019-11-26 07:56:41','2019-11-26 07:56:41'),(1325,'posts','meta_keywords',16,'ar','Rhinoplasty , nose job, Rhinoplasty cost, nose job cost','2019-11-26 07:56:41','2019-11-26 07:56:41'),(1326,'posts','meta_keywords',16,'ku','Rhinoplasty , nose job, Rhinoplasty cost, nose job cost','2019-11-26 07:56:41','2019-11-26 07:56:41'),(1327,'categories','slug',59,'ku','tummy-tuck','2019-11-26 08:05:46','2019-11-26 08:05:46'),(1328,'categories','title',59,'ku','Tummy Tuck','2019-11-26 08:05:46','2019-11-26 08:05:46'),(1329,'categories','excerpt',59,'ku','Abdominoplasty is a cosmetic surgery also known as ‘Tummy Tuck’. This surgery is aimed to make the abdomen thinner and firmer. Pregnancy or a major weight loss cause loose and sagging tissues, and having a tummy tuck can solve the issue. Abdominoplasty reduces sagging abdomens by removing excess fat and skin, or tightening the muscles in the area. It is important to keep in mind that tummy tuck should not be considered as an alternative to weight loss. Abdominoplasty and Liposuction can be done together to improve the look of the abdomen. ','2019-11-26 08:05:46','2019-11-26 08:05:46'),(1330,'categories','body',59,'ku','<div id=\"template-content\" class=\"mceTmpl\">\n<ul>\n<li><a href=\"#a1\">Abdominoplasty Definition</a></li>\n<li><a href=\"#a2\">Tummy Tuck Alternatives&nbsp;</a></li>\n<li><a href=\"#a3\">Abdominoplasty Preparations</a></li>\n<li><a href=\"#a4\">Abdominoplasty Procedure</a></li>\n<li><a href=\"#a5\">Abdominoplasty Complications and Risks</a></li>\n<li><a href=\"#a6\">Abdominoplasty Recovery</a></li>\n<li><a href=\"#a7\">Why Choose Iran for Your Abdominoplasty?</a></li>\n<li><a href=\"#a8\">Abdominoplasty Costs</a></li>\n</ul>\n<h3 id=\"a1\" class=\"template-subtitle\"><span style=\"font-size: 18.72px;\">Abdominoplasty Definition</span></h3>\n<p class=\"paragraph-medium paragraph-black template-p\"><strong>Abdominoplasty</strong> is a cosmetic surgery which is also known as \'<strong>Tummy Tuck</strong>.\' This surgery aims to make the abdomen thinner and firmer. Pregnancy or a major weight loss cause loose and sagging tissues, and having a <strong>Tummy Tuck</strong> can solve the issue. <strong>Abdominoplasty</strong> reduces sagging abdomens by removing excess fat and skin or tightening the muscles in the area. It is important to keep in mind that<strong> Tummy Tuck</strong> should not be considered as an alternative to weight loss. <strong>Abdominoplasty</strong> and <strong>Liposuction</strong> can be done together to improve the look of the abdomen.&nbsp;</p>\n<h3 id=\"a2\" class=\"template-subtitle\">Tummy Tuck Alternatives&nbsp;</h3>\n<p class=\"paragraph-medium paragraph-black template-p\">If you are suffering from sagging skin in your abdomen but do not want to have surgery, there is an alternative. This alternative is called \'<strong>Thermalipo</strong>\' which has a more comfortable recovery and shorter treatment time. This method uses <strong>Liposuction</strong> and Thermage Radiofrequency Skin Tightening (a non-invasive treatment for aging and loose skin). After the <strong>Liposuction</strong>, the Thermage device is used to tighten the skin by using radiofrequency energy to stimulate collagen growth. <strong>Thermalipo</strong> can be used for other areas as well as the abdomen.&nbsp;</p>\n<h3 id=\"a3\" class=\"template-subtitle\">Abdominoplasty Preparations</h3>\n<p class=\"paragraph-medium paragraph-black template-p\">There are some things you need to do before your surgery:</p>\n<ul class=\"template-ul\">\n<li>Stop smoking because it slows down the healing process and increases the risk of infection</li>\n<li>Reach your ideal weight but don\'t try an extreme diet and eat complete meals</li>\n<li>Discuss your medical history with your surgeon</li>\n<li>Talk about your expectations</li>\n<li>Arrange for someone from <strong>MedTourIran</strong> to take you home and stay with you for a couple of days after the surgery</li>\n</ul>\n<h3 id=\"a4\" class=\"template-subtitle\">Abdominoplasty Procedure</h3>\n<p class=\"paragraph-medium paragraph-black template-p\">This procedure usually takes 1-5 hours, and it\'s performed under general anesthesia which means you will be unconscious during the operation. Depending on the patient\'s condition, the surgeon can perform the surgery in two different ways:</p>\n<ul class=\"template-ul\">\n<li><strong>Complete Abdominoplasty</strong>. If your surgeon chooses this method, he will make an incision on the abdomen from hipbone to hipbone, which will move your belly button.&nbsp;</li>\n<li><strong>Mini Abdominoplasty,</strong> or <strong>Partial Abdominoplasty</strong>. This method is less invasive and more suitable for those who have a small amount of excess fat or if their fat deposits are located below the belly button. During the<strong> Mini Abdominoplasty</strong>, the surgeon will make incisions under the belly button and will not move it.</li>\n</ul>\n<h3 id=\"a5\" class=\"template-subtitle\">Abdominoplasty Complications and Risks</h3>\n<p class=\"paragraph-medium paragraph-black template-p\">Just like any other surgery, <strong>Abdominoplasty</strong> carries risks such as:</p>\n<ul class=\"template-ul\">\n<li>Infection</li>\n<li>Anesthesia risks</li>\n<li>Bleeding</li>\n<li>Blood cloths</li>\n<li>Seroma</li>\n<li>Hematoma</li>\n</ul>\n<p>Having diabetes, heart, or liver conditions makes it more likely for complications to happen. The scars of this surgery will fade over time but will not disappear completely.&nbsp;</p>\n<h3 id=\"a6\" class=\"template-subtitle\">Abdominoplasty Recovery</h3>\n<p class=\"paragraph-medium paragraph-black template-p\">After the surgery, you will experience pain, soreness, and swelling during the first few days. Your doctor will probably prescribe painkillers to deal with pain. The soreness will subside after a few weeks or months. Bruising is also a possibility. You must limit your activities for at least six weeks. Diet and exercise regularly to maintain the results of your <strong>Abdominoplasty.</strong></p>\n<h3 id=\"a7\" class=\"template-subtitle\">Why Choose Iran for Your Abdominoplasty?</h3>\n<p class=\"paragraph-medium paragraph-black template-p\">You might wonder if it\'s worth to travel to another country for surgery? It only makes sense if you have to pay less for the same quality of services. In Iran, you can get the same quality of services if not more, at lower and more affordable prices. Iranian surgeons are well-educated and experienced. The clinics and hospitals in Iran are fully equipped and advanced, so you have to worry about anything. The hospitable and kind people of Iran, its historical and cultural attractions, and delicious cuisine are just some of the many things you\'ll miss if you don\'t choose Iran. However, if you have selected Iran as your destination, feel free to contact <strong>MedTourIran</strong> and get a consultation and plan your trip.</p>\n<h3 id=\"a8\" class=\"template-subtitle\">Abdominoplasty Costs</h3>\n<p class=\"paragraph-medium paragraph-black template-p\"><strong>Abdominoplasty</strong> averagely costs about&nbsp;<strong>$</strong><strong>2500</strong>&nbsp;in Iran. But the same surgery will cost you around&nbsp;<strong>$</strong><strong>3000</strong> in India. The cost of this surgery ranges from <strong>$</strong><strong>4000</strong>&nbsp;to&nbsp;<strong>$</strong><strong>15000</strong>&nbsp;in European countries, and about&nbsp;<strong>$</strong><strong>6000</strong>, and&nbsp;<strong>$</strong><strong>6200</strong>&nbsp;in Thailand and Mexico respectively.&nbsp;</p>\n</div>','2019-11-26 08:05:46','2019-11-26 08:05:46'),(1331,'categories','slug',62,'ku','breast-reduction','2019-11-26 08:17:26','2019-11-26 08:17:26'),(1332,'categories','title',62,'ku','Breast Reduction','2019-11-26 08:17:26','2019-11-26 08:17:26'),(1333,'categories','excerpt',62,'ku','Breast reduction surgery or reduction mammoplasty is a procedure aimed to reduce the size of the breasts by removing excess fat, tissue, and skin. Sometimes, extremely large breast will cause women to lose confidence and even cause neck and back pain and other physical symptoms. These factors may be why some consider Breast reduction surgery. Even men suffering from gynecomastia can get this surgery. So Breast reduction surgery isn’t just a cosmetic surgery and can have medical purposes. To get the most out of a Breast reduction surgery and have a natural outcome, your BMI must not be higher than 35. Breast reduction surgery usually includes a Breast Lift too.','2019-11-26 08:17:26','2019-11-26 08:17:26'),(1334,'categories','body',62,'ku','<div id=\"template-content\" class=\"mceTmpl\">\n<ul>\n<li><a href=\"#a1\">What is Breast Reduction Surgery?</a></li>\n<li><a href=\"#a2\">Why Choose Iran for Breast Reduction?</a></li>\n<li><a href=\"#a3\">Why Choose MedTourIran?</a></li>\n<li><a href=\"#a4\">Breast Reduction Risks</a></li>\n<li><a href=\"#a5\">Breast Reduction Preparations</a></li>\n<li><a href=\"#a6\">Recovery from Breast Reduction Surgery</a></li>\n<li><a href=\"#a7\">Non-Surgical Breast Reduction Surgery</a></li>\n<li><a href=\"#a8\">Breast Reduction Surgery Costs</a></li>\n</ul>\n<h3 id=\"a1\" class=\"template-subtitle\">&nbsp;What is Breast Reduction Surgery?</h3>\n<p class=\"paragraph-medium paragraph-black template-p\"><strong>Breast reduction surgery</strong> or <strong>reduction mammoplasty</strong> is a procedure aimed to reduce the size of the breasts by removing excess fat, tissue, and skin. Sometimes, extremely large breasts will cause women to lose confidence and even cause neck and back pain and other physical symptoms. These factors may be why some consider <strong>Breast reduction surgery</strong>. Even men suffering from gynecomastia can get this surgery. So <strong>Breast reduction surgery</strong> isn\'t just a cosmetic surgery and can have medical purposes. To get the most out of a <strong>Breast reduction surgery,</strong> and have a natural outcome, your BMI must not be higher than 35. <strong>Breast reduction surgery</strong> usually includes a<strong> Breast Lift</strong> too.</p>\n<h3 id=\"a2\" class=\"template-subtitle\">Why Choose Iran for Breast Reduction Surgery?</h3>\n<p class=\"paragraph-medium paragraph-black template-p\">You may wonder if it\'s reasonable to travel to another country for plastic surgery? It only makes sense if the surgery is performed with the same quality but at a lower price. The surgeons in Iran are well educated, highly experienced, and the success rate of plastic surgeries in Iran is very high. Because not only Iran has very top surgeons but also modern clinic and hospitals. Due to economic reasons, the costs of surgeries in Iran are more affordable than ever and lower than other countries such as the UK, USA, Mexico, and Canada. The rich culture of Iran, its history, hospitable people, and excellent cuisine also make Iran an excellent tourism destination. So, Iran is one of the best choices for medical tourism.</p>\n<h3 id=\"a3\" class=\"template-subtitle\"><span style=\"font-size: 18.72px;\">Why Choose MedTourIran?</span></h3>\n<p class=\"paragraph-medium paragraph-black template-p\"><strong>MedTourIran</strong> has been established in Iran as the biggest center offering medical, surgery, and cosmetic services. This company provides high-quality services at affordable prices using qualified medical experts, advanced clinics, and hospitals. Our main goal&nbsp;is to prevent dealers who despite receiving high rates, link people to unreliable and incompetent centers.&nbsp;</p>\n<h3 id=\"a4\" class=\"template-subtitle\">Breast Reduction Surgery Risks</h3>\n<p class=\"paragraph-medium paragraph-black template-p\">As with any other major surgery, <strong>Breast reduction</strong> also carries risks such as:</p>\n<ul class=\"template-ul\">\n<li>Bleeding</li>\n<li>Infection</li>\n<li>Anesthesia risks</li>\n<li>Bruising or scarring</li>\n<li>Difficulty or not being able to breastfeed</li>\n<li>Asymmetrical breast</li>\n</ul>\n<h3 id=\"a5\" class=\"template-subtitle\">Breast Reduction Surgery Preparations</h3>\n<p class=\"paragraph-medium paragraph-black template-p\">Before having<strong> Breast reduction surgery,</strong> there are a few things that you must do:</p>\n<ul>\n<li class=\"paragraph-medium paragraph-black template-p\">Your surgeon will evaluate your overall health and medical history</li>\n<li class=\"paragraph-medium paragraph-black template-p\">Your surgeon will also walk you through the procedure and discuss the risks and the benefits of <strong>breast reduction</strong></li>\n<li class=\"paragraph-medium paragraph-black template-p\">Your breast will be examined, measured, and photographed for medical record</li>\n</ul>\n<p>Before <strong>Breast reduction surgery</strong>, you should stop smoking and avoid taking aspirin because it may increase bleeding. You may be asked to take various lab tests. If you are not staying at the hospital, you should arrange for someone to take you home and stay with you for at least one night.</p>\n<h3 id=\"a6\" class=\"template-subtitle\">Recovery from Breast Reduction Surgery</h3>\n<p class=\"paragraph-medium paragraph-black template-p\">After the surgery, your surgeon will cover your breasts with bandages, and prescribe painkillers and antibiotics to reduce the risk of infection. For the first few days, your breasts will probably feel sensitive and might swell and bruise. It usually takes about 2-6 weeks to recover from <strong>Breast reduction surgery,</strong> and you need to limit your physical activity for the first 2-4 weeks. You should rest as much as possible, watch TV or read a good book. The scars will fade over time but won\'t completely disappear. You may experience some temporary side effects during the first few months like numbness.</p>\n<h3 id=\"a7\" class=\"template-subtitle\">Non-Surgical Breast Reduction Surgery</h3>\n<p class=\"paragraph-medium paragraph-black template-p\">You can reduce the size of your breasts by one or two cup sizes using <strong>Power-Assisted Liposuction</strong> (PAL). This approach is less invasive and safer than surgery and can be very helpful. <strong>Non-surgical Breast Reduction</strong> is usually performed under general anesthesia. This approach can make your breast smaller and lighter without changing their natural shape, and most patients can return to their daily activities the following day.</p>\n<h3 id=\"a8\" class=\"template-subtitle\">Breast Reduction Surgery Costs</h3>\n<p class=\"paragraph-medium paragraph-black template-p\">The price of<strong> Breast reduction</strong> in Iran starts from $800, but this surgery\'s price in India starts from $2500. <strong>Breast reduction surgery</strong> averagely costs around $3700, $5600, and $8100 in Turkey, USA, and the UK, respectively. Also, the costs range from about $1570 in Bulgaria to $5000 in Spain. Considering the prices and the quality of the services offered in Iran, this country can be the best choice for this surgery and medical tourism in general.</p>\n</div>','2019-11-26 08:17:26','2019-11-26 08:17:26');
/*!40000 ALTER TABLE `translations` ENABLE KEYS */;
UNLOCK TABLES;

--
-- Table structure for table `user_roles`
--

DROP TABLE IF EXISTS `user_roles`;
/*!40101 SET @saved_cs_client     = @@character_set_client */;
/*!40101 SET character_set_client = utf8 */;
CREATE TABLE `user_roles` (
  `user_id` int(10) unsigned NOT NULL,
  `role_id` int(10) unsigned NOT NULL,
  PRIMARY KEY (`user_id`,`role_id`),
  KEY `user_roles_user_id_index` (`user_id`),
  KEY `user_roles_role_id_index` (`role_id`)
) ENGINE=InnoDB DEFAULT CHARSET=utf8mb4 COLLATE=utf8mb4_unicode_ci;
/*!40101 SET character_set_client = @saved_cs_client */;

--
-- Dumping data for table `user_roles`
--

LOCK TABLES `user_roles` WRITE;
/*!40000 ALTER TABLE `user_roles` DISABLE KEYS */;
/*!40000 ALTER TABLE `user_roles` ENABLE KEYS */;
UNLOCK TABLES;

--
-- Table structure for table `users`
--

DROP TABLE IF EXISTS `users`;
/*!40101 SET @saved_cs_client     = @@character_set_client */;
/*!40101 SET character_set_client = utf8 */;
CREATE TABLE `users` (
  `id` int(10) unsigned NOT NULL AUTO_INCREMENT,
  `role_id` int(10) unsigned DEFAULT NULL,
  `name` varchar(191) COLLATE utf8mb4_unicode_ci NOT NULL,
  `email` varchar(191) COLLATE utf8mb4_unicode_ci NOT NULL,
  `avatar` varchar(191) COLLATE utf8mb4_unicode_ci DEFAULT 'users/default.png',
  `email_verified_at` timestamp NULL DEFAULT NULL,
  `password` varchar(191) COLLATE utf8mb4_unicode_ci NOT NULL,
  `remember_token` varchar(100) COLLATE utf8mb4_unicode_ci DEFAULT NULL,
  `settings` text COLLATE utf8mb4_unicode_ci,
  `created_at` timestamp NULL DEFAULT NULL,
  `updated_at` timestamp NULL DEFAULT NULL,
  PRIMARY KEY (`id`),
  UNIQUE KEY `users_email_unique` (`email`),
  KEY `users_role_id_foreign` (`role_id`),
  CONSTRAINT `users_role_id_foreign` FOREIGN KEY (`role_id`) REFERENCES `roles` (`id`)
) ENGINE=InnoDB AUTO_INCREMENT=4 DEFAULT CHARSET=utf8mb4 COLLATE=utf8mb4_unicode_ci;
/*!40101 SET character_set_client = @saved_cs_client */;

--
-- Dumping data for table `users`
--

LOCK TABLES `users` WRITE;
/*!40000 ALTER TABLE `users` DISABLE KEYS */;
INSERT INTO `users` VALUES (1,1,'Admin','admin@admin.com','users/default.png',NULL,'$2y$10$ISHDCWgue3aaHD8Ii9wYEuOBUrVB8Qh2D5G42S9q0BcMflAyVS4YW','IvHDVUkNICGHbI4BYcEiXCRbF81n4TMPAv4uuYj5Sd6xxEvaIENnBXA5cGV7','{\"locale\":\"en\"}','2018-12-15 19:38:02','2019-01-22 11:05:28'),(2,3,'MedtourIran','medtouriran@gmail.com','users/default.png',NULL,'$2y$10$5WsEQ8.I8DkttbOgqy8Are.nil9KaGk/0DgoP8OCZ5GcWeDKx1p.6','l9NlzG25MVcfu7IOXP3QU3VShtTkRTsnXLz5bzIUoCxGvuF7ZYuwCT2XUoFh','{\"locale\":\"en\"}','2019-01-11 21:25:52','2019-11-25 08:05:02'),(3,3,'elham jafari','Ejafari27@gmail.com','users/default.png',NULL,'$2y$10$AZv2YiUnlqJaxapGSWSyMeMnBZj4Ml.YxLwDIPunMvP8Jttck2TwC','9WydrpEmDJuFjeY4Z06uHO71XhcQjKyYnyk5LyKG55iPDumzrXRGieVFxSti','{\"locale\":\"en\"}','2019-07-26 14:00:40','2019-07-26 14:00:40');
/*!40000 ALTER TABLE `users` ENABLE KEYS */;
UNLOCK TABLES;

--
-- Table structure for table `video_reviews`
--

DROP TABLE IF EXISTS `video_reviews`;
/*!40101 SET @saved_cs_client     = @@character_set_client */;
/*!40101 SET character_set_client = utf8 */;
CREATE TABLE `video_reviews` (
  `id` int(10) unsigned NOT NULL AUTO_INCREMENT,
  `video` varchar(255) COLLATE utf8mb4_unicode_ci NOT NULL,
  `body` mediumtext COLLATE utf8mb4_unicode_ci,
  `featured` tinyint(4) DEFAULT NULL,
  `created_at` timestamp NULL DEFAULT NULL,
  `updated_at` timestamp NULL DEFAULT NULL,
  `title` varchar(255) COLLATE utf8mb4_unicode_ci DEFAULT NULL,
  PRIMARY KEY (`id`)
) ENGINE=InnoDB AUTO_INCREMENT=5 DEFAULT CHARSET=utf8mb4 COLLATE=utf8mb4_unicode_ci;
/*!40101 SET character_set_client = @saved_cs_client */;

--
-- Dumping data for table `video_reviews`
--

LOCK TABLES `video_reviews` WRITE;
/*!40000 ALTER TABLE `video_reviews` DISABLE KEYS */;
INSERT INTO `video_reviews` VALUES (1,'2X8FQ5JuVxw','Treatment in Iran is a very different experience for medical tourists. A patient talks about her experience from treatment in Tehran, which was done by MedTourIran company.',1,'2019-08-26 03:33:00','2019-08-30 13:15:51','Orthopedic surgery in IRAN'),(2,'10NpQIzkDpc','Yehia and Ayman from Oman talk about their experience of eye surgery in Iran. The treatment was done by MedturIran facilitator',1,'2019-07-04 15:17:00','2019-07-30 05:17:26','Eye Surgery in IRAN'),(4,'njIiXdov4ro','Due to the high quality and affordable cosmetic surgeries, many medical tourists choose Iran for their treatment. This patient talks about his experience from being in Tehran. His transplant operation was handled by MedTourIran facilitator.\n',1,'2019-09-14 04:05:53','2019-09-14 04:05:53','Hair Transplant in Iran');
/*!40000 ALTER TABLE `video_reviews` ENABLE KEYS */;
UNLOCK TABLES;

--
-- Table structure for table `whats_apps`
--

DROP TABLE IF EXISTS `whats_apps`;
/*!40101 SET @saved_cs_client     = @@character_set_client */;
/*!40101 SET character_set_client = utf8 */;
CREATE TABLE `whats_apps` (
  `id` int(10) unsigned NOT NULL AUTO_INCREMENT,
  `title` varchar(255) COLLATE utf8mb4_unicode_ci DEFAULT NULL,
  `avatar` varchar(255) COLLATE utf8mb4_unicode_ci DEFAULT NULL,
  `phone` varchar(255) COLLATE utf8mb4_unicode_ci NOT NULL,
  `order` int(10) unsigned DEFAULT '1',
  `created_at` timestamp NULL DEFAULT NULL,
  `updated_at` timestamp NULL DEFAULT NULL,
  PRIMARY KEY (`id`)
) ENGINE=InnoDB AUTO_INCREMENT=5 DEFAULT CHARSET=utf8mb4 COLLATE=utf8mb4_unicode_ci;
/*!40101 SET character_set_client = @saved_cs_client */;

--
-- Dumping data for table `whats_apps`
--

LOCK TABLES `whats_apps` WRITE;
/*!40000 ALTER TABLE `whats_apps` DISABLE KEYS */;
INSERT INTO `whats_apps` VALUES (1,'English','whats-apps/October2019/vzaGVVxIwycFiW2llMvJ.jpg','989120246319',1,'2019-08-31 10:58:00','2019-10-30 08:39:36'),(2,'العربية','whats-apps/October2019/f1Yj8a7N6aGbfK6a86UE.jpg','989365404803',1,'2019-08-31 11:46:00','2019-10-30 08:39:44'),(4,'کوردی','whats-apps/October2019/rItexhrlHea5SNNPoxEd.jpg','989185381719',1,'2019-10-15 15:07:00','2019-10-30 08:43:23');
/*!40000 ALTER TABLE `whats_apps` ENABLE KEYS */;
UNLOCK TABLES;
/*!40103 SET TIME_ZONE=@OLD_TIME_ZONE */;

/*!40101 SET SQL_MODE=@OLD_SQL_MODE */;
/*!40014 SET FOREIGN_KEY_CHECKS=@OLD_FOREIGN_KEY_CHECKS */;
/*!40014 SET UNIQUE_CHECKS=@OLD_UNIQUE_CHECKS */;
/*!40101 SET CHARACTER_SET_CLIENT=@OLD_CHARACTER_SET_CLIENT */;
/*!40101 SET CHARACTER_SET_RESULTS=@OLD_CHARACTER_SET_RESULTS */;
/*!40101 SET COLLATION_CONNECTION=@OLD_COLLATION_CONNECTION */;
/*!40111 SET SQL_NOTES=@OLD_SQL_NOTES */;

-- Dump completed on 2019-11-30  0:13:47
